job_id,job_title,company,industry,country,region,experience_level,remote_type,salary_usd,ai_skills_required,num_ai_skills,applicants,source_platform,posting_date
JOB00001,Machine Learning Engineer,HelixSolutions,Media & Entertainment,Germany,Europe,Senior,Hybrid,149000,"AWS, Data Visualization, Excel, Power BI, Prompt Engineering",5,22.0,LinkedIn,2025-03-08
JOB00002,MLOps Engineer,DeltaData,Consulting,Canada,North America,Mid,Remote,140500,"ETL, Generative AI, LLMs, SQL, Statistics, scikit-learn",6,32.0,Indeed,2025-06-19
JOB00003,Applied Scientist,OrbitAI,Media & Entertainment,Australia,Oceania,Mid,Remote,179000,"Excel, LLMs, NLP, Power BI",4,57.0,Indeed,2025-12-09
JOB00004,NLP Engineer,NovaAnalytics,Consulting,India,South Asia,Senior,Hybrid,69000,"AWS, Azure ML, Python, Tableau",4,19.0,Glassdoor,2025-08-31
JOB00005,AI Research Engineer,NimbusAI,Healthcare,Pakistan,South Asia,Mid,Hybrid,51500,"Azure ML, Generative AI, LLMs, SQL, scikit-learn",5,37.0,Glassdoor,2025-12-24
JOB00006,AI Research Engineer,VantageTechnologies,Telecom,United States,North America,Entry,Remote,110500,"A/B Testing, Computer Vision, Docker, LLMs, MLOps",5,63.0,Indeed,2025-01-09
JOB00007,Prompt Engineer,QuantumTechnologies,Healthcare,France,Europe,Entry,Hybrid,60000,"Excel, R, scikit-learn",3,73.0,Indeed,2025-12-16
JOB00008,AI Research Engineer,OrbitIntelligence,Media & Entertainment,Brazil,South America,Senior,Hybrid,102500,"Computer Vision, Data Visualization, Power BI, Prompt Engineering",4,21.0,LinkedIn,2025-04-22
JOB00009,AI Data Analyst,VertexWorks,Media & Entertainment,India,South Asia,Mid,Hybrid,23000,"Azure ML, Computer Vision, Python, R, SQL",5,29.0,Indeed,2025-08-29
JOB00010,Data Scientist,LumenTechnologies,Government,Singapore,Southeast Asia,Mid,Remote,73000,"Azure ML, LLMs, NLP, SQL, Statistics",5,63.0,LinkedIn,2025-06-28
JOB00011,Generative AI Developer,QuantumLabs,E-commerce,United Kingdom,Europe,Mid,Hybrid,144500,"Docker, Generative AI, Tableau",3,42.0,LinkedIn,2025-04-25
JOB00012,Data Engineer (AI Systems),HelixLabs,Government,India,South Asia,Senior,Remote,50500,"Data Visualization, LLMs, NLP, Power BI, Prompt Engineering, scikit-learn",6,22.0,LinkedIn,2025-12-13
JOB00013,AI Solutions Consultant,CortexSystems,Cybersecurity,United States,North America,Entry,Hybrid,80000,"Docker, R, Statistics",3,56.0,AngelList,2025-02-12
JOB00014,Data Engineer (AI Systems),NovaAnalytics,Education,Germany,Europe,Entry,Hybrid,58000,"Data Visualization, Power BI, Python, SQL",4,63.0,AngelList,2025-03-07
JOB00015,NLP Engineer,QuantumAnalytics,Education,India,South Asia,Lead,Hybrid,91500,"Power BI, PyTorch, TensorFlow",3,11.0,LinkedIn,2025-12-19
JOB00016,Business Intelligence Analyst (AI),OrbitTechnologies,Cybersecurity,Pakistan,South Asia,Lead,Remote,56000,"A/B Testing, AWS, Generative AI, Power BI, Statistics, Tableau",6,19.0,LinkedIn,2025-08-05
JOB00017,Data Engineer (AI Systems),OrbitAnalytics,Media & Entertainment,United States,North America,Entry,On-site,62000,"A/B Testing, AWS, MLOps, Prompt Engineering",4,41.0,Glassdoor,2025-04-16
JOB00018,Data Engineer (AI Systems),HelixGroup,E-commerce,UAE,Middle East,Mid,Remote,116000,"ETL, Power BI, Statistics",3,45.0,Glassdoor,2025-08-05
JOB00019,AI Product Analyst,VantageGroup,Healthcare,United Kingdom,Europe,Entry,Remote,52500,"Docker, SQL, Tableau",3,74.0,LinkedIn,2025-07-07
JOB00020,Business Intelligence Analyst (AI),HelixAnalytics,Telecom,UAE,Middle East,Senior,Remote,126500,"A/B Testing, Generative AI, MLOps",3,23.0,LinkedIn,2025-01-18
JOB00021,Machine Learning Engineer,ZenithIntelligence,Consulting,United States,North America,Lead,Remote,295000,"Docker, Statistics, scikit-learn",3,16.0,CompanyWebsite,2025-08-17
JOB00022,AI Product Analyst,DeltaSystems,Media & Entertainment,France,Europe,Senior,Hybrid,125500,"LLMs, Power BI, Prompt Engineering, SQL",4,18.0,Indeed,2025-03-26
JOB00023,MLOps Engineer,ZenithAI,Education,Pakistan,South Asia,Entry,On-site,34500,"Computer Vision, Docker, ETL, Prompt Engineering, PyTorch, Statistics",6,40.0,CompanyWebsite,2025-10-06
JOB00024,AI Research Engineer,ArcWorks,Cybersecurity,Pakistan,South Asia,Senior,Remote,89500,"A/B Testing, AWS, Prompt Engineering, SQL, Statistics",5,27.0,LinkedIn,2025-10-19
JOB00025,Applied Scientist,CortexSolutions,Cybersecurity,Canada,North America,Mid,Remote,159000,"Generative AI, MLOps, Python",3,55.0,Indeed,2025-09-05
JOB00026,Business Intelligence Analyst (AI),PrismWorks,Media & Entertainment,Poland,Europe,Lead,Remote,154500,"A/B Testing, Computer Vision, R",3,11.0,LinkedIn,2025-09-02
JOB00027,Data Engineer (AI Systems),DeltaData,E-commerce,Germany,Europe,Entry,Remote,77500,"Azure ML, NLP, Power BI, R, Statistics",5,76.0,LinkedIn,2025-05-12
JOB00028,AI Solutions Consultant,NovaSystems,E-commerce,India,South Asia,Lead,Remote,53000,"Computer Vision, ETL, Excel, Generative AI, Prompt Engineering, Python",6,12.0,Indeed,2025-04-18
JOB00029,Business Intelligence Analyst (AI),HelixIntelligence,Cybersecurity,India,South Asia,Entry,On-site,17500,"A/B Testing, ETL, Excel, Power BI, Python, R",6,36.0,CompanyWebsite,2025-09-05
JOB00030,Data Scientist,PrismData,Fintech,Singapore,Southeast Asia,Mid,Remote,67500,"Azure ML, ETL, Statistics",3,62.0,LinkedIn,2025-11-06
JOB00031,Generative AI Developer,AtlasAI,Consulting,United States,North America,Entry,Remote,117500,"Docker, Generative AI, LLMs, SQL, Tableau",5,80.0,Indeed,2025-01-06
JOB00032,Data Engineer (AI Systems),OrbitAnalytics,Telecom,United States,North America,Senior,Hybrid,175000,"A/B Testing, Excel, NLP",3,22.0,LinkedIn,2025-10-13
JOB00033,AI Research Engineer,CortexGroup,Cybersecurity,United Kingdom,Europe,Mid,Hybrid,156000,"Generative AI, LLMs, Power BI",3,30.0,Indeed,2025-11-29
JOB00034,NLP Engineer,QuantumSolutions,Telecom,United Kingdom,Europe,Mid,Hybrid,113000,"AWS, Data Visualization, Excel, MLOps, TensorFlow",5,38.0,LinkedIn,2025-06-02
JOB00035,Computer Vision Engineer,CortexWorks,Manufacturing,Pakistan,South Asia,Mid,Hybrid,43500,"Generative AI, LLMs, Prompt Engineering, Tableau",4,49.0,LinkedIn,2025-12-17
JOB00036,Business Intelligence Analyst (AI),NovaWorks,Education,India,South Asia,Entry,On-site,20000,"Azure ML, Docker, SQL, Statistics",4,37.0,LinkedIn,2025-05-02
JOB00037,Applied Scientist,AtlasWorks,Fintech,India,South Asia,Senior,Remote,69500,"ETL, LLMs, NLP, Power BI, Prompt Engineering",5,28.0,LinkedIn,2025-06-04
JOB00038,Computer Vision Engineer,PrismSystems,Media & Entertainment,Pakistan,South Asia,Entry,Remote,27000,"A/B Testing, AWS, Data Visualization, ETL, NLP",5,66.0,LinkedIn,2025-12-27
JOB00039,NLP Engineer,AtlasWorks,Fintech,India,South Asia,Mid,Hybrid,41000,"Data Visualization, Python, Statistics",3,38.0,LinkedIn,2025-03-12
JOB00040,Business Intelligence Analyst (AI),CortexWorks,Consulting,United States,North America,Entry,On-site,59500,"AWS, Data Visualization, MLOps, R, SQL",5,52.0,Indeed,2025-05-04
JOB00041,Prompt Engineer,ZenithSystems,Consulting,France,Europe,Senior,Hybrid,115000,"A/B Testing, Azure ML, Computer Vision, Power BI, Prompt Engineering",5,15.0,CompanyWebsite,2025-08-17
JOB00042,Data Scientist,AtlasAI,Telecom,United States,North America,Lead,Hybrid,255500,"AWS, NLP, PyTorch, Tableau",4,19.0,Indeed,2025-12-24
JOB00043,Business Intelligence Analyst (AI),PrismWorks,Media & Entertainment,Netherlands,Europe,Lead,Hybrid,157000,"AWS, Excel, SQL",3,6.0,AngelList,2025-07-16
JOB00044,Prompt Engineer,ZenithData,Education,India,South Asia,Senior,Hybrid,46000,"Docker, Generative AI, LLMs, Python, SQL, TensorFlow",6,18.0,LinkedIn,2025-01-11
JOB00045,AI Research Engineer,QuantumTechnologies,E-commerce,UAE,Middle East,Mid,On-site,94500,"MLOps, NLP, Power BI, PyTorch",4,25.0,LinkedIn,2025-09-05
JOB00046,Generative AI Developer,QuantumAI,Manufacturing,Brazil,South America,Entry,Hybrid,38000,"Computer Vision, Prompt Engineering, SQL",3,50.0,Indeed,2025-06-30
JOB00047,Computer Vision Engineer,AtlasGroup,E-commerce,United States,North America,Mid,Hybrid,143500,"Azure ML, Docker, ETL, Generative AI, Prompt Engineering, R",6,48.0,LinkedIn,2025-07-24
JOB00048,AI Ethics Analyst,ArcGroup,Consulting,Ireland,Europe,Mid,Remote,89000,"Data Visualization, Python, scikit-learn",3,48.0,LinkedIn,2025-07-24
JOB00049,AI Product Analyst,OrbitAI,Government,India,South Asia,Senior,On-site,49000,"Computer Vision, Excel, NLP, SQL",4,9.0,LinkedIn,2025-12-07
JOB00050,AI Research Engineer,NimbusTechnologies,Media & Entertainment,United States,North America,Mid,Hybrid,146000,"Azure ML, MLOps, NLP, SQL",4,35.0,LinkedIn,2025-03-17
JOB00051,Data Scientist,PrismSolutions,Fintech,United States,North America,Senior,Remote,168000,"Computer Vision, LLMs, scikit-learn",3,21.0,Indeed,2025-06-20
JOB00052,AI Research Engineer,VantageData,Media & Entertainment,Netherlands,Europe,Mid,Remote,119000,"AWS, Data Visualization, LLMs, Statistics",4,28.0,AngelList,2025-01-18
JOB00053,Business Intelligence Analyst (AI),HelixGroup,E-commerce,Ireland,Europe,Mid,On-site,86500,"Computer Vision, Data Visualization, Docker, Generative AI, Tableau",5,27.0,LinkedIn,2025-04-01
JOB00054,AI Solutions Consultant,PrismWorks,Manufacturing,United Kingdom,Europe,Senior,Remote,166500,"Computer Vision, Docker, MLOps, NLP, SQL, scikit-learn",6,19.0,Indeed,2025-01-07
JOB00055,NLP Engineer,NovaAnalytics,Media & Entertainment,United Kingdom,Europe,Senior,Hybrid,186500,"Azure ML, Generative AI, MLOps, SQL, Tableau",5,26.0,LinkedIn,2025-12-03
JOB00056,Data Engineer (AI Systems),VertexSolutions,Healthcare,United Kingdom,Europe,Entry,Hybrid,54500,"Excel, Python, SQL, Tableau",4,54.0,Glassdoor,2025-11-15
JOB00057,Business Intelligence Analyst (AI),DeltaGroup,Education,Pakistan,South Asia,Senior,Hybrid,35500,"Computer Vision, Generative AI, Statistics",3,20.0,Glassdoor,2025-01-13
JOB00058,Machine Learning Engineer,HelixWorks,Telecom,Singapore,Southeast Asia,Mid,Hybrid,90500,"A/B Testing, Excel, TensorFlow",3,33.0,AngelList,2025-11-29
JOB00059,Data Engineer (AI Systems),NimbusLabs,Consulting,Germany,Europe,Mid,Hybrid,111500,"AWS, Data Visualization, ETL, LLMs, NLP, SQL",6,43.0,Glassdoor,2025-01-02
JOB00060,AI Solutions Consultant,PulseSystems,Government,Germany,Europe,Senior,On-site,200000,"Computer Vision, Generative AI, LLMs, Prompt Engineering",4,14.0,LinkedIn,2025-12-07
JOB00061,Computer Vision Engineer,NimbusAI,Education,United States,North America,Entry,Hybrid,105000,"Azure ML, LLMs, SQL, Tableau, TensorFlow",5,52.0,LinkedIn,2025-06-24
JOB00062,Business Intelligence Analyst (AI),OrbitAnalytics,Fintech,United Kingdom,Europe,Entry,Hybrid,39000,"AWS, Power BI, PyTorch, SQL, TensorFlow, scikit-learn",6,78.0,Indeed,2025-11-25
JOB00063,AI Solutions Consultant,DeltaIntelligence,Education,France,Europe,Entry,On-site,60500,"LLMs, Power BI, PyTorch, SQL, Tableau",5,40.0,Indeed,2025-07-10
JOB00064,MLOps Engineer,VertexIntelligence,Government,India,South Asia,Senior,Remote,61500,"Data Visualization, MLOps, NLP, PyTorch, SQL, Tableau",6,21.0,LinkedIn,2025-06-13
JOB00065,AI Product Analyst,CortexSystems,Consulting,United Kingdom,Europe,Mid,Remote,80500,"Data Visualization, SQL, Statistics",3,49.0,LinkedIn,2025-04-30
JOB00066,AI Product Analyst,HelixData,Healthcare,Germany,Europe,Entry,Remote,65000,"A/B Testing, Docker, Generative AI, NLP, Power BI, TensorFlow",6,92.0,Indeed,2025-02-13
JOB00067,Machine Learning Engineer,PulseAI,Telecom,Germany,Europe,Mid,Remote,127000,"Azure ML, Computer Vision, Data Visualization, MLOps, Tableau, scikit-learn",6,56.0,AngelList,2025-12-06
JOB00068,AI Ethics Analyst,DeltaData,Manufacturing,India,South Asia,Entry,On-site,20500,"Prompt Engineering, PyTorch, Statistics, scikit-learn",4,35.0,Indeed,2025-06-16
JOB00069,Business Intelligence Analyst (AI),VantageGroup,Education,Singapore,Southeast Asia,Entry,Hybrid,38000,"A/B Testing, LLMs, MLOps, Prompt Engineering, SQL",5,70.0,Indeed,2025-02-03
JOB00070,MLOps Engineer,VantageGroup,Telecom,Singapore,Southeast Asia,Senior,On-site,150000,"Azure ML, Data Visualization, NLP, R, scikit-learn",5,17.0,Indeed,2025-07-24
JOB00071,NLP Engineer,VertexAnalytics,Telecom,Pakistan,South Asia,Mid,Hybrid,46000,"Azure ML, Excel, MLOps, Power BI, PyTorch, SQL",6,33.0,Indeed,2025-10-21
JOB00072,Machine Learning Engineer,VantageGroup,E-commerce,United Kingdom,Europe,Entry,Remote,83000,"Azure ML, Docker, Prompt Engineering, R, Statistics",5,80.0,CompanyWebsite,2025-04-03
JOB00073,Business Intelligence Analyst (AI),LumenIntelligence,Education,Pakistan,South Asia,Entry,Hybrid,21000,"Computer Vision, Data Visualization, Statistics, Tableau",4,60.0,CompanyWebsite,2025-11-08
JOB00074,Computer Vision Engineer,OrbitSolutions,Education,Canada,North America,Senior,On-site,184500,"AWS, Azure ML, Excel, Power BI, Prompt Engineering, TensorFlow",6,12.0,AngelList,2025-08-23
JOB00075,Computer Vision Engineer,VertexAnalytics,Telecom,Canada,North America,Senior,On-site,215000,"Docker, LLMs, scikit-learn",3,18.0,LinkedIn,2025-03-27
JOB00076,Computer Vision Engineer,NimbusData,Fintech,Brazil,South America,Entry,Remote,43000,"Excel, PyTorch, SQL, Statistics",4,71.0,Indeed,2025-10-15
JOB00077,MLOps Engineer,CortexAnalytics,Healthcare,India,South Asia,Entry,Hybrid,28500,"A/B Testing, AWS, Excel, Python",4,48.0,Indeed,2025-01-12
JOB00078,AI Solutions Consultant,NimbusWorks,E-commerce,United Kingdom,Europe,Mid,Hybrid,86500,"Azure ML, R, scikit-learn",3,37.0,Glassdoor,2025-10-26
JOB00079,Prompt Engineer,NovaAI,Consulting,Netherlands,Europe,Senior,Remote,153500,"ETL, Generative AI, Power BI, scikit-learn",4,24.0,CompanyWebsite,2025-03-24
JOB00080,AI Data Analyst,LumenLabs,Fintech,Pakistan,South Asia,Senior,Remote,31000,"A/B Testing, Generative AI, Prompt Engineering",3,24.0,CompanyWebsite,2025-02-03
JOB00081,NLP Engineer,VertexData,Media & Entertainment,France,Europe,Senior,Hybrid,138000,"A/B Testing, AWS, MLOps, Power BI, Tableau",5,25.0,LinkedIn,2025-03-01
JOB00082,AI Solutions Consultant,NovaSolutions,Cybersecurity,United States,North America,Mid,Hybrid,142000,"Data Visualization, Docker, LLMs, TensorFlow",4,34.0,CompanyWebsite,2025-08-27
JOB00083,AI Ethics Analyst,PrismWorks,Manufacturing,India,South Asia,Senior,Remote,39500,"LLMs, MLOps, PyTorch, scikit-learn",4,26.0,LinkedIn,2025-02-07
JOB00084,NLP Engineer,PrismGroup,Government,France,Europe,Entry,Hybrid,81500,"Data Visualization, Docker, Generative AI, Python, TensorFlow",5,60.0,LinkedIn,2025-11-21
JOB00085,Business Intelligence Analyst (AI),AtlasSolutions,Fintech,Canada,North America,Mid,Remote,111000,"Computer Vision, Generative AI, NLP, Power BI, SQL, Tableau",6,46.0,Glassdoor,2025-03-07
JOB00086,Computer Vision Engineer,VertexGroup,Consulting,United Kingdom,Europe,Mid,Remote,84000,"Excel, LLMs, MLOps, Power BI, Python, SQL",6,56.0,AngelList,2025-10-02
JOB00087,MLOps Engineer,PulseData,Fintech,Germany,Europe,Mid,On-site,127000,"Data Visualization, Generative AI, Power BI, Prompt Engineering, R, scikit-learn",6,29.0,Indeed,2025-10-21
JOB00088,NLP Engineer,ArcSolutions,Fintech,Canada,North America,Entry,On-site,92500,"Azure ML, Computer Vision, ETL, Excel, NLP",5,41.0,LinkedIn,2025-05-23
JOB00089,Computer Vision Engineer,LumenSolutions,Telecom,Pakistan,South Asia,Mid,Remote,45500,"AWS, Prompt Engineering, PyTorch, SQL, Tableau",5,55.0,LinkedIn,2025-10-12
JOB00090,Generative AI Developer,PulseWorks,Cybersecurity,Australia,Oceania,Mid,Hybrid,135500,"A/B Testing, Power BI, Statistics",3,40.0,AngelList,2025-01-02
JOB00091,Data Scientist,CortexGroup,Consulting,Netherlands,Europe,Mid,Remote,94500,"Docker, Generative AI, NLP, R, SQL, Statistics",6,42.0,Glassdoor,2025-02-24
JOB00092,Applied Scientist,NimbusIntelligence,Manufacturing,Germany,Europe,Entry,On-site,65000,"Excel, LLMs, MLOps, Statistics",4,35.0,Indeed,2025-06-02
JOB00093,Machine Learning Engineer,ZenithTechnologies,E-commerce,United Kingdom,Europe,Senior,Remote,145000,"ETL, Excel, Generative AI, Tableau",4,25.0,Indeed,2025-10-15
JOB00094,Data Scientist,NimbusSolutions,Manufacturing,United States,North America,Mid,Remote,142500,"Docker, MLOps, NLP, R, SQL, TensorFlow",6,48.0,LinkedIn,2025-06-06
JOB00095,Computer Vision Engineer,NovaWorks,Cybersecurity,Australia,Oceania,Entry,Hybrid,87500,"Azure ML, Python, Statistics, scikit-learn",4,69.0,LinkedIn,2025-04-13
JOB00096,AI Product Analyst,QuantumWorks,Media & Entertainment,Singapore,Southeast Asia,Mid,Hybrid,52500,"Azure ML, PyTorch, TensorFlow, scikit-learn",4,29.0,LinkedIn,2025-12-18
JOB00097,AI Product Analyst,VantageIntelligence,Consulting,Brazil,South America,Senior,On-site,73000,"ETL, Generative AI, NLP, Prompt Engineering",4,14.0,LinkedIn,2025-06-09
JOB00098,Computer Vision Engineer,AtlasGroup,Media & Entertainment,United Kingdom,Europe,Mid,Remote,110000,"Data Visualization, Statistics, Tableau",3,41.0,Glassdoor,2025-01-13
JOB00099,Generative AI Developer,HelixTechnologies,E-commerce,France,Europe,Lead,On-site,234000,"Data Visualization, Power BI, SQL, Tableau",4,9.0,LinkedIn,2025-05-13
JOB00100,MLOps Engineer,LumenTechnologies,Healthcare,Australia,Oceania,Mid,On-site,153500,"ETL, MLOps, R, Statistics, Tableau",5,22.0,LinkedIn,2025-09-20
JOB00101,Business Intelligence Analyst (AI),ArcLabs,Manufacturing,France,Europe,Mid,On-site,88500,"Docker, MLOps, NLP, PyTorch, R, SQL",6,27.0,Indeed,2025-08-06
JOB00102,Business Intelligence Analyst (AI),ZenithIntelligence,Media & Entertainment,United States,North America,Senior,Hybrid,135000,"AWS, MLOps, NLP, R, Tableau, scikit-learn",6,18.0,Indeed,2025-12-16
JOB00103,Computer Vision Engineer,AtlasSystems,Manufacturing,India,South Asia,Mid,Remote,46000,"Excel, NLP, Power BI, Tableau",4,41.0,Glassdoor,2025-09-24
JOB00104,NLP Engineer,VertexAI,Healthcare,France,Europe,Senior,On-site,201000,"Azure ML, Computer Vision, LLMs, R, Tableau",5,15.0,LinkedIn,2025-02-16
JOB00105,MLOps Engineer,PulseAnalytics,Telecom,India,South Asia,Senior,On-site,59000,"NLP, Tableau, TensorFlow, scikit-learn",4,11.0,Indeed,2025-05-05
JOB00106,NLP Engineer,PrismGroup,Media & Entertainment,United Kingdom,Europe,Entry,Hybrid,65000,"A/B Testing, AWS, Prompt Engineering, SQL",4,63.0,LinkedIn,2025-08-23
JOB00107,Business Intelligence Analyst (AI),QuantumAI,Media & Entertainment,Netherlands,Europe,Entry,Remote,54500,"Azure ML, Generative AI, LLMs, NLP",4,69.0,Indeed,2025-12-27
JOB00108,Generative AI Developer,NimbusAnalytics,Healthcare,Brazil,South America,Senior,On-site,106500,"A/B Testing, AWS, Excel, MLOps",4,12.0,LinkedIn,2025-07-22
JOB00109,AI Ethics Analyst,VantageGroup,Fintech,Australia,Oceania,Mid,On-site,86000,"A/B Testing, Azure ML, PyTorch, Tableau, TensorFlow",5,33.0,Glassdoor,2025-04-19
JOB00110,NLP Engineer,VantageIntelligence,Cybersecurity,Australia,Oceania,Entry,Hybrid,87500,"AWS, Computer Vision, Generative AI, MLOps",4,53.0,LinkedIn,2025-03-19
JOB00111,AI Ethics Analyst,ArcLabs,Fintech,Germany,Europe,Senior,Remote,109500,"AWS, Computer Vision, Data Visualization, LLMs, NLP",5,24.0,LinkedIn,2025-02-18
JOB00112,Applied Scientist,ZenithLabs,Cybersecurity,Canada,North America,Senior,On-site,207500,"A/B Testing, Computer Vision, Tableau",3,18.0,Indeed,2025-04-16
JOB00113,Machine Learning Engineer,NimbusAI,E-commerce,United States,North America,Lead,Hybrid,220000,"NLP, Python, SQL, Tableau, TensorFlow",5,13.0,LinkedIn,2025-02-28
JOB00114,Applied Scientist,AtlasData,Healthcare,France,Europe,Senior,On-site,222500,"Docker, Prompt Engineering, R, TensorFlow, scikit-learn",5,11.0,LinkedIn,2025-05-24
JOB00115,AI Research Engineer,CortexAI,Manufacturing,United States,North America,Senior,On-site,245500,"Computer Vision, NLP, Statistics",3,13.0,Glassdoor,2025-08-28
JOB00116,NLP Engineer,ZenithTechnologies,Telecom,India,South Asia,Mid,On-site,45000,"A/B Testing, MLOps, R, Tableau, TensorFlow, scikit-learn",6,31.0,LinkedIn,2025-03-22
JOB00117,Business Intelligence Analyst (AI),NimbusWorks,Fintech,United Kingdom,Europe,Senior,Remote,125000,"Generative AI, Prompt Engineering, PyTorch, Python, R, scikit-learn",6,26.0,LinkedIn,2025-04-19
JOB00118,AI Research Engineer,NovaSystems,Telecom,Canada,North America,Entry,On-site,78000,"Azure ML, ETL, LLMs, Power BI, Prompt Engineering",5,53.0,Indeed,2025-03-15
JOB00119,AI Solutions Consultant,QuantumAI,Manufacturing,United States,North America,Lead,On-site,215000,"ETL, Power BI, PyTorch, SQL, Statistics, TensorFlow",6,11.0,AngelList,2025-02-01
JOB00120,Data Scientist,DeltaLabs,Media & Entertainment,India,South Asia,Entry,Remote,22500,"ETL, R, Statistics",3,84.0,CompanyWebsite,2025-01-29
JOB00121,MLOps Engineer,VantageData,Government,Singapore,Southeast Asia,Entry,Hybrid,65500,"Computer Vision, Generative AI, MLOps, Tableau",4,65.0,LinkedIn,2025-04-30
JOB00122,Machine Learning Engineer,LumenTechnologies,Cybersecurity,Germany,Europe,Mid,Remote,162500,"AWS, Data Visualization, TensorFlow",3,55.0,Indeed,2025-07-18
JOB00123,Machine Learning Engineer,HelixGroup,Government,Australia,Oceania,Mid,Hybrid,158000,"Computer Vision, Generative AI, SQL",3,38.0,Indeed,2025-07-07
JOB00124,AI Solutions Consultant,QuantumGroup,Healthcare,Germany,Europe,Entry,Remote,67000,"Azure ML, Generative AI, NLP",3,79.0,LinkedIn,2025-01-12
JOB00125,AI Solutions Consultant,DeltaSystems,Healthcare,Poland,Europe,Mid,Hybrid,101000,"PyTorch, Statistics, TensorFlow",3,33.0,LinkedIn,2025-02-26
JOB00126,AI Research Engineer,NovaSystems,Fintech,United Kingdom,Europe,Mid,On-site,133500,"AWS, Data Visualization, MLOps, NLP, TensorFlow, scikit-learn",6,33.0,Indeed,2025-04-21
JOB00127,Data Engineer (AI Systems),NimbusAnalytics,Manufacturing,France,Europe,Mid,Hybrid,125500,"LLMs, NLP, Power BI, Prompt Engineering, PyTorch, scikit-learn",6,44.0,LinkedIn,2025-01-21
JOB00128,AI Data Analyst,VantageTechnologies,Consulting,United Kingdom,Europe,Entry,Hybrid,44500,"Azure ML, Docker, Generative AI, Python",4,63.0,LinkedIn,2025-02-26
JOB00129,Computer Vision Engineer,VantageGroup,Fintech,India,South Asia,Senior,Remote,71500,"Excel, Prompt Engineering, Statistics, Tableau",4,25.0,LinkedIn,2025-02-21
JOB00130,Business Intelligence Analyst (AI),NovaAnalytics,Healthcare,United Kingdom,Europe,Entry,Remote,51500,"Computer Vision, Generative AI, R, scikit-learn",4,86.0,Glassdoor,2025-10-10
JOB00131,Generative AI Developer,HelixIntelligence,Telecom,Poland,Europe,Entry,Remote,68000,"Computer Vision, SQL, Tableau",3,97.0,LinkedIn,2025-07-26
JOB00132,AI Ethics Analyst,VantageWorks,Healthcare,Brazil,South America,Senior,On-site,46500,"Data Visualization, Generative AI, MLOps, Prompt Engineering, SQL",5,17.0,LinkedIn,2025-02-25
JOB00133,Data Scientist,OrbitAI,Consulting,Netherlands,Europe,Mid,Remote,98500,"A/B Testing, NLP, Tableau",3,63.0,AngelList,2025-09-23
JOB00134,AI Research Engineer,VantageData,Media & Entertainment,UAE,Middle East,Mid,On-site,104500,"ETL, Power BI, PyTorch",3,22.0,Indeed,2025-12-26
JOB00135,Generative AI Developer,OrbitAnalytics,Education,United States,North America,Mid,On-site,122000,"AWS, Azure ML, Generative AI",3,40.0,LinkedIn,2025-01-13
JOB00136,Machine Learning Engineer,AtlasLabs,E-commerce,Singapore,Southeast Asia,Mid,Remote,101500,"ETL, Prompt Engineering, scikit-learn",3,47.0,Glassdoor,2025-06-10
JOB00137,MLOps Engineer,PulseAnalytics,Fintech,Poland,Europe,Mid,Hybrid,122000,"LLMs, NLP, TensorFlow, scikit-learn",4,39.0,LinkedIn,2025-01-03
JOB00138,AI Data Analyst,CortexData,Media & Entertainment,France,Europe,Mid,Hybrid,69000,"ETL, Python, scikit-learn",3,34.0,Glassdoor,2025-10-06
JOB00139,NLP Engineer,CortexWorks,Cybersecurity,Brazil,South America,Entry,Hybrid,48500,"Data Visualization, ETL, PyTorch, Python, SQL, Tableau",6,50.0,Indeed,2025-01-02
JOB00140,AI Solutions Consultant,OrbitIntelligence,Manufacturing,United Kingdom,Europe,Mid,Remote,100000,"A/B Testing, Data Visualization, PyTorch, Statistics",4,48.0,AngelList,2025-11-09
JOB00141,Generative AI Developer,VantageTechnologies,Education,France,Europe,Lead,Remote,232000,"AWS, Generative AI, NLP, TensorFlow",4,10.0,LinkedIn,2025-07-04
JOB00142,Computer Vision Engineer,AtlasIntelligence,Healthcare,India,South Asia,Mid,Remote,48000,"AWS, Azure ML, Computer Vision, ETL, Python, scikit-learn",6,54.0,Indeed,2025-03-28
JOB00143,Applied Scientist,NovaLabs,Cybersecurity,Poland,Europe,Senior,Hybrid,249500,"Data Visualization, Docker, Generative AI, Power BI, Prompt Engineering",5,28.0,AngelList,2025-05-07
JOB00144,AI Data Analyst,ZenithAI,Consulting,United States,North America,Entry,Remote,43000,"Data Visualization, LLMs, NLP",3,72.0,LinkedIn,2025-05-04
JOB00145,AI Research Engineer,DeltaData,E-commerce,India,South Asia,Lead,On-site,91000,"Azure ML, ETL, PyTorch, Python, R, SQL",6,8.0,Indeed,2025-02-14
JOB00146,AI Ethics Analyst,NovaIntelligence,Education,India,South Asia,Mid,On-site,33000,"Docker, Python, R",3,26.0,LinkedIn,2025-04-07
JOB00147,Data Scientist,LumenGroup,E-commerce,Singapore,Southeast Asia,Mid,Remote,80000,"NLP, Prompt Engineering, SQL, TensorFlow",4,47.0,Indeed,2025-08-10
JOB00148,AI Research Engineer,NimbusAI,Manufacturing,Brazil,South America,Senior,On-site,119000,"Azure ML, LLMs, MLOps, Tableau, TensorFlow, scikit-learn",6,15.0,LinkedIn,2025-02-11
JOB00149,Computer Vision Engineer,AtlasTechnologies,Manufacturing,India,South Asia,Entry,Hybrid,32000,"NLP, Power BI, PyTorch, Statistics",4,62.0,LinkedIn,2025-04-05
JOB00150,MLOps Engineer,AtlasSystems,Media & Entertainment,United States,North America,Entry,On-site,100500,"Data Visualization, R, SQL, Statistics",4,58.0,CompanyWebsite,2025-12-05
JOB00151,Prompt Engineer,QuantumIntelligence,Telecom,Germany,Europe,Entry,On-site,64000,"Generative AI, Power BI, Python, R, SQL",5,53.0,LinkedIn,2025-06-12
JOB00152,NLP Engineer,NimbusSystems,Consulting,Germany,Europe,Mid,Remote,126000,"Computer Vision, Excel, TensorFlow",3,52.0,LinkedIn,2025-04-06
JOB00153,Prompt Engineer,OrbitTechnologies,Manufacturing,India,South Asia,Mid,Hybrid,33000,"Data Visualization, Docker, Statistics",3,38.0,AngelList,2025-09-16
JOB00154,AI Product Analyst,VertexIntelligence,Fintech,United States,North America,Senior,Hybrid,148500,"AWS, Azure ML, Computer Vision, Generative AI, MLOps",5,20.0,CompanyWebsite,2025-01-14
JOB00155,AI Ethics Analyst,ArcLabs,Government,Germany,Europe,Entry,Remote,49500,"Azure ML, Docker, LLMs, R, SQL",5,82.0,Glassdoor,2025-03-12
JOB00156,NLP Engineer,QuantumSystems,Government,United Kingdom,Europe,Entry,Hybrid,93000,"A/B Testing, Statistics, scikit-learn",3,60.0,LinkedIn,2025-06-21
JOB00157,AI Ethics Analyst,VertexData,Manufacturing,Germany,Europe,Mid,On-site,77500,"Azure ML, NLP, Python, Tableau",4,32.0,AngelList,2025-04-10
JOB00158,Applied Scientist,VertexSystems,Media & Entertainment,United States,North America,Entry,Hybrid,71000,"Power BI, TensorFlow, scikit-learn",3,60.0,LinkedIn,2025-07-28
JOB00159,NLP Engineer,AtlasGroup,Consulting,United States,North America,Mid,Hybrid,193500,"MLOps, Prompt Engineering, SQL, Tableau, scikit-learn",5,43.0,CompanyWebsite,2025-12-12
JOB00160,Generative AI Developer,HelixGroup,Consulting,India,South Asia,Entry,Remote,20500,"Azure ML, Generative AI, LLMs",3,77.0,CompanyWebsite,2025-10-17
JOB00161,MLOps Engineer,AtlasIntelligence,Healthcare,India,South Asia,Entry,Hybrid,30000,"Azure ML, Computer Vision, Excel, Generative AI, PyTorch, SQL",6,56.0,CompanyWebsite,2025-06-05
JOB00162,Computer Vision Engineer,PrismSolutions,Manufacturing,United States,North America,Senior,Hybrid,193500,"LLMs, SQL, TensorFlow",3,23.0,Glassdoor,2025-01-04
JOB00163,Computer Vision Engineer,DeltaSolutions,Media & Entertainment,United Kingdom,Europe,Entry,Hybrid,78500,"Computer Vision, Power BI, Prompt Engineering, Tableau",4,68.0,AngelList,2025-03-22
JOB00164,AI Product Analyst,DeltaWorks,Manufacturing,United Kingdom,Europe,Mid,On-site,80000,"A/B Testing, Data Visualization, NLP, Prompt Engineering, Tableau",5,21.0,AngelList,2025-07-12
JOB00165,Generative AI Developer,AtlasTechnologies,Fintech,Singapore,Southeast Asia,Senior,Remote,147500,"Docker, R, SQL, Statistics",4,26.0,Glassdoor,2025-06-20
JOB00166,MLOps Engineer,PulseData,Fintech,India,South Asia,Lead,Remote,74500,"Azure ML, MLOps, SQL",3,13.0,Indeed,2025-05-28
JOB00167,Data Engineer (AI Systems),LumenIntelligence,Media & Entertainment,Pakistan,South Asia,Senior,Hybrid,51000,"Azure ML, Docker, ETL, Generative AI, PyTorch, SQL",6,16.0,Indeed,2025-05-26
JOB00168,Generative AI Developer,HelixGroup,Media & Entertainment,Ireland,Europe,Mid,Remote,99500,"Computer Vision, NLP, Prompt Engineering, PyTorch",4,42.0,CompanyWebsite,2025-02-22
JOB00169,Computer Vision Engineer,NovaData,Manufacturing,Canada,North America,Entry,Remote,98500,"A/B Testing, AWS, Excel, Generative AI, Power BI, R",6,92.0,CompanyWebsite,2025-03-12
JOB00170,Business Intelligence Analyst (AI),NovaSolutions,Government,France,Europe,Entry,On-site,48000,"Data Visualization, Prompt Engineering, R, Statistics",4,57.0,LinkedIn,2025-01-20
JOB00171,AI Ethics Analyst,NimbusIntelligence,Government,Netherlands,Europe,Mid,Remote,72500,"AWS, NLP, Python, Tableau",4,41.0,LinkedIn,2025-12-29
JOB00172,Computer Vision Engineer,VertexSystems,Cybersecurity,Poland,Europe,Senior,Remote,159500,"A/B Testing, Generative AI, MLOps, Prompt Engineering, R, TensorFlow",6,26.0,CompanyWebsite,2025-12-15
JOB00173,NLP Engineer,AtlasAnalytics,Fintech,France,Europe,Mid,Hybrid,125500,"LLMs, Statistics, Tableau",3,39.0,LinkedIn,2025-12-08
JOB00174,Data Engineer (AI Systems),VantageData,Cybersecurity,Australia,Oceania,Entry,Hybrid,85500,"Docker, ETL, Python",3,,LinkedIn,2025-09-04
JOB00175,NLP Engineer,VantageAnalytics,Education,United States,North America,Entry,Hybrid,100000,"AWS, Data Visualization, LLMs, MLOps, Prompt Engineering",5,70.0,AngelList,2025-04-06
JOB00176,Applied Scientist,ZenithIntelligence,Media & Entertainment,United States,North America,Senior,Remote,239000,"Docker, NLP, TensorFlow",3,24.0,LinkedIn,2025-06-14
JOB00177,AI Ethics Analyst,NovaIntelligence,Government,United States,North America,Entry,On-site,72000,"A/B Testing, Azure ML, Computer Vision, Data Visualization, ETL, Prompt Engineering",6,36.0,LinkedIn,2025-06-28
JOB00178,AI Research Engineer,VantageSolutions,Cybersecurity,Pakistan,South Asia,Mid,On-site,53000,"ETL, LLMs, Power BI, SQL, TensorFlow, scikit-learn",6,29.0,Indeed,2025-11-25
JOB00179,Computer Vision Engineer,PrismIntelligence,Education,United Kingdom,Europe,Entry,Remote,82000,"Excel, Generative AI, LLMs, Prompt Engineering, Tableau",5,68.0,Indeed,2025-04-01
JOB00180,AI Ethics Analyst,NimbusSystems,Consulting,Ireland,Europe,Senior,Remote,128500,"Azure ML, ETL, Generative AI, Python, SQL, Tableau",6,24.0,Glassdoor,2025-09-29
JOB00181,MLOps Engineer,LumenSolutions,Manufacturing,United States,North America,Entry,On-site,95500,"Docker, Generative AI, LLMs, Tableau, TensorFlow",5,43.0,LinkedIn,2025-09-27
JOB00182,MLOps Engineer,DeltaWorks,E-commerce,Germany,Europe,Mid,Hybrid,108000,"ETL, MLOps, NLP, R, SQL",5,40.0,Indeed,2025-02-25
JOB00183,Computer Vision Engineer,VertexGroup,E-commerce,Pakistan,South Asia,Entry,Hybrid,29500,"Docker, ETL, TensorFlow",3,69.0,AngelList,2025-03-07
JOB00184,Computer Vision Engineer,PrismAnalytics,Fintech,UAE,Middle East,Mid,Hybrid,98000,"LLMs, Prompt Engineering, Python, Statistics",4,34.0,CompanyWebsite,2025-03-04
JOB00185,AI Data Analyst,DeltaAnalytics,Consulting,Canada,North America,Mid,On-site,69500,"Azure ML, Docker, LLMs, NLP, PyTorch",5,33.0,LinkedIn,2025-04-03
JOB00186,Computer Vision Engineer,LumenAnalytics,Healthcare,Singapore,Southeast Asia,Entry,Remote,60000,"AWS, Computer Vision, Prompt Engineering, SQL, Tableau",5,,LinkedIn,2025-07-29
JOB00187,AI Research Engineer,DeltaSolutions,Media & Entertainment,United Kingdom,Europe,Senior,Remote,157500,"AWS, Docker, Generative AI, Python, Statistics, TensorFlow",6,32.0,LinkedIn,2025-05-28
JOB00188,Prompt Engineer,NimbusIntelligence,Government,France,Europe,Mid,On-site,102500,"ETL, Generative AI, Statistics",3,22.0,LinkedIn,2025-09-03
JOB00189,Data Scientist,NimbusWorks,Fintech,India,South Asia,Mid,Hybrid,42000,"Azure ML, ETL, LLMs, Power BI, Statistics",5,42.0,Indeed,2025-04-25
JOB00190,AI Product Analyst,DeltaWorks,Media & Entertainment,Australia,Oceania,Mid,On-site,78000,"Azure ML, Docker, SQL",3,26.0,Glassdoor,2025-08-17
JOB00191,Computer Vision Engineer,HelixTechnologies,Cybersecurity,Netherlands,Europe,Entry,Hybrid,63000,"Azure ML, Prompt Engineering, PyTorch, R, TensorFlow",5,65.0,LinkedIn,2025-03-15
JOB00192,AI Data Analyst,NimbusLabs,E-commerce,France,Europe,Entry,Hybrid,43500,"A/B Testing, Excel, MLOps, SQL",4,66.0,AngelList,2025-12-23
JOB00193,Generative AI Developer,DeltaWorks,Consulting,India,South Asia,Entry,Hybrid,34500,"Excel, Generative AI, MLOps, Prompt Engineering, Statistics, scikit-learn",6,59.0,Indeed,2025-03-11
JOB00194,AI Research Engineer,AtlasGroup,Manufacturing,Canada,North America,Mid,Remote,167000,"MLOps, NLP, scikit-learn",3,45.0,Glassdoor,2025-10-24
JOB00195,MLOps Engineer,QuantumLabs,Government,Germany,Europe,Senior,Hybrid,167000,"Power BI, Prompt Engineering, scikit-learn",3,19.0,LinkedIn,2025-10-31
JOB00196,Applied Scientist,QuantumAnalytics,Fintech,United States,North America,Mid,Hybrid,160500,"Docker, Power BI, TensorFlow",3,39.0,LinkedIn,2025-05-27
JOB00197,Data Scientist,ArcSolutions,Fintech,France,Europe,Mid,Hybrid,116000,"AWS, Docker, NLP, Power BI",4,41.0,LinkedIn,2025-11-18
JOB00198,AI Solutions Consultant,OrbitGroup,Consulting,United States,North America,Lead,Remote,226500,"Docker, LLMs, NLP, Tableau, scikit-learn",5,23.0,Indeed,2025-08-25
JOB00199,Computer Vision Engineer,VantageData,Manufacturing,Pakistan,South Asia,Entry,Hybrid,33000,"Azure ML, ETL, Power BI, PyTorch",4,52.0,Glassdoor,2025-04-12
JOB00200,AI Data Analyst,VantageAI,Telecom,Ireland,Europe,Mid,Hybrid,55000,"MLOps, Prompt Engineering, Statistics, TensorFlow",4,38.0,Glassdoor,2025-08-31
JOB00201,Applied Scientist,HelixData,E-commerce,United States,North America,Lead,Remote,295000,"Computer Vision, NLP, Power BI, PyTorch, R",5,13.0,CompanyWebsite,2025-08-25
JOB00202,Data Scientist,VertexData,Healthcare,United States,North America,Entry,On-site,75500,"Generative AI, MLOps, Power BI, Prompt Engineering, PyTorch, Statistics",6,37.0,AngelList,2025-07-28
JOB00203,AI Research Engineer,AtlasAnalytics,Healthcare,Australia,Oceania,Mid,On-site,143500,"MLOps, R, Statistics",3,20.0,Indeed,2025-10-29
JOB00204,AI Data Analyst,PrismData,Cybersecurity,Canada,North America,Entry,Hybrid,47000,"Data Visualization, Docker, Tableau",3,62.0,Indeed,2025-07-19
JOB00205,Machine Learning Engineer,QuantumTechnologies,E-commerce,Brazil,South America,Entry,On-site,30500,"A/B Testing, Computer Vision, R, SQL",4,40.0,Indeed,2025-07-14
JOB00206,AI Ethics Analyst,PrismIntelligence,Media & Entertainment,Pakistan,South Asia,Entry,Hybrid,22500,"A/B Testing, Azure ML, Data Visualization, NLP, Statistics, TensorFlow",6,51.0,LinkedIn,2025-04-25
JOB00207,AI Data Analyst,NovaIntelligence,Government,Germany,Europe,Senior,Remote,75500,"AWS, Power BI, Statistics",3,20.0,LinkedIn,2025-11-28
JOB00208,Computer Vision Engineer,ZenithData,Education,Singapore,Southeast Asia,Senior,Hybrid,128000,"Docker, Excel, MLOps, PyTorch, Statistics",5,22.0,AngelList,2025-02-05
JOB00209,Generative AI Developer,VertexSystems,Telecom,Poland,Europe,Entry,Remote,97000,"Data Visualization, ETL, NLP, Power BI, Tableau, TensorFlow",6,83.0,LinkedIn,2025-08-26
JOB00210,AI Data Analyst,OrbitTechnologies,Fintech,Australia,Oceania,Senior,Hybrid,98000,"Azure ML, MLOps, Prompt Engineering, PyTorch, Python, SQL",6,17.0,CompanyWebsite,2025-08-28
JOB00211,AI Ethics Analyst,PulseGroup,Manufacturing,Singapore,Southeast Asia,Senior,On-site,83500,"Data Visualization, LLMs, SQL",3,11.0,CompanyWebsite,2025-04-27
JOB00212,AI Solutions Consultant,HelixSystems,E-commerce,Canada,North America,Lead,On-site,195500,"Computer Vision, Data Visualization, MLOps, Python, Tableau",5,8.0,Glassdoor,2025-04-03
JOB00213,Generative AI Developer,NovaSolutions,Education,Germany,Europe,Entry,Remote,82500,"Data Visualization, Excel, LLMs, MLOps, Power BI",5,83.0,Indeed,2025-09-09
JOB00214,Generative AI Developer,AtlasAnalytics,Fintech,United States,North America,Senior,Remote,281000,"Data Visualization, PyTorch, SQL, Statistics",4,28.0,LinkedIn,2025-09-25
JOB00215,Computer Vision Engineer,AtlasAI,Fintech,Poland,Europe,Mid,Remote,107000,"Docker, ETL, SQL",3,40.0,LinkedIn,2025-06-19
JOB00216,Data Engineer (AI Systems),QuantumIntelligence,Manufacturing,Pakistan,South Asia,Entry,Remote,29500,"Excel, R, Tableau",3,82.0,Indeed,2025-12-25
JOB00217,AI Ethics Analyst,AtlasLabs,Education,United States,North America,Mid,On-site,87500,"A/B Testing, ETL, Power BI, Python, SQL, Statistics",6,23.0,LinkedIn,2025-07-29
JOB00218,AI Product Analyst,QuantumAI,E-commerce,Pakistan,South Asia,Mid,Hybrid,31500,"AWS, Docker, Prompt Engineering, Statistics, scikit-learn",5,50.0,LinkedIn,2025-08-25
JOB00219,AI Research Engineer,AtlasAI,Fintech,United States,North America,Entry,Remote,115500,"AWS, Docker, MLOps, Power BI, Prompt Engineering, PyTorch",6,71.0,Glassdoor,2025-01-28
JOB00220,AI Ethics Analyst,OrbitGroup,Cybersecurity,Pakistan,South Asia,Entry,On-site,20000,"A/B Testing, LLMs, PyTorch, Tableau, scikit-learn",5,36.0,LinkedIn,2025-02-06
JOB00221,AI Research Engineer,CortexData,E-commerce,United Kingdom,Europe,Mid,On-site,127500,"Data Visualization, Docker, Generative AI, Power BI, PyTorch, scikit-learn",6,24.0,Indeed,2025-04-20
JOB00222,AI Data Analyst,PulseGroup,E-commerce,India,South Asia,Entry,Remote,15000,"Excel, Power BI, PyTorch, Python, SQL",5,68.0,LinkedIn,2025-03-25
JOB00223,NLP Engineer,ZenithIntelligence,Healthcare,Australia,Oceania,Mid,Hybrid,131500,"Computer Vision, Generative AI, LLMs, R, Tableau",5,29.0,Glassdoor,2025-08-20
JOB00224,Data Engineer (AI Systems),PrismTechnologies,Healthcare,Pakistan,South Asia,Mid,Remote,33000,"A/B Testing, Excel, Generative AI, Prompt Engineering",4,55.0,LinkedIn,2025-12-18
JOB00225,Machine Learning Engineer,QuantumTechnologies,Fintech,Australia,Oceania,Entry,Remote,74000,"Data Visualization, Python, SQL, TensorFlow",4,78.0,AngelList,2025-04-27
JOB00226,NLP Engineer,HelixTechnologies,Fintech,United States,North America,Senior,Remote,227000,"Docker, LLMs, Statistics",3,27.0,LinkedIn,2025-10-19
JOB00227,Machine Learning Engineer,CortexGroup,Consulting,France,Europe,Entry,On-site,82500,"Computer Vision, LLMs, TensorFlow",3,53.0,LinkedIn,2025-05-02
JOB00228,Business Intelligence Analyst (AI),CortexAnalytics,Healthcare,United Kingdom,Europe,Senior,Remote,108500,"A/B Testing, Azure ML, Tableau",3,24.0,Indeed,2025-10-09
JOB00229,Applied Scientist,LumenSolutions,Fintech,United Kingdom,Europe,Mid,Remote,172500,"Data Visualization, Excel, MLOps, Tableau, scikit-learn",5,45.0,Indeed,2025-11-11
JOB00230,Prompt Engineer,VertexIntelligence,Fintech,Pakistan,South Asia,Entry,Hybrid,24000,"AWS, LLMs, Power BI, Prompt Engineering, Python, scikit-learn",6,79.0,LinkedIn,2025-06-15
JOB00231,Business Intelligence Analyst (AI),NovaAI,Cybersecurity,France,Europe,Entry,Hybrid,47500,"Data Visualization, NLP, Power BI, PyTorch, Tableau",5,47.0,Indeed,2025-08-25
JOB00232,Prompt Engineer,LumenSolutions,Telecom,Pakistan,South Asia,Entry,On-site,22500,"AWS, Computer Vision, ETL, Prompt Engineering, R",5,47.0,CompanyWebsite,2025-02-06
JOB00233,AI Product Analyst,ZenithSystems,Fintech,United Kingdom,Europe,Entry,Hybrid,59500,"Data Visualization, Docker, PyTorch",3,58.0,Glassdoor,2025-04-10
JOB00234,Business Intelligence Analyst (AI),NovaAI,Telecom,United States,North America,Senior,On-site,131000,"A/B Testing, AWS, Computer Vision, Docker, SQL, TensorFlow",6,11.0,Indeed,2025-04-28
JOB00235,Applied Scientist,DeltaSystems,Education,UAE,Middle East,Mid,Hybrid,123500,"Azure ML, Data Visualization, Excel, Generative AI, Python, R",6,38.0,Glassdoor,2025-08-19
JOB00236,AI Data Analyst,PrismIntelligence,Fintech,United Kingdom,Europe,Senior,On-site,81500,"Azure ML, Data Visualization, Generative AI, LLMs, R",5,15.0,LinkedIn,2025-05-30
JOB00237,MLOps Engineer,CortexGroup,Cybersecurity,Australia,Oceania,Mid,Hybrid,107500,"AWS, Docker, Excel, LLMs, Tableau, TensorFlow",6,40.0,Glassdoor,2025-08-13
JOB00238,Generative AI Developer,DeltaTechnologies,E-commerce,Poland,Europe,Entry,On-site,84500,"Azure ML, Computer Vision, Data Visualization, ETL, NLP",5,48.0,Glassdoor,2025-08-23
JOB00239,MLOps Engineer,ZenithIntelligence,Consulting,Pakistan,South Asia,Entry,On-site,23000,"A/B Testing, LLMs, Statistics",3,37.0,Glassdoor,2025-11-30
JOB00240,AI Ethics Analyst,NovaTechnologies,Manufacturing,France,Europe,Senior,Remote,118500,"MLOps, Power BI, Statistics, Tableau",4,14.0,Indeed,2025-06-26
JOB00241,AI Data Analyst,HelixData,Healthcare,Pakistan,South Asia,Senior,Remote,35500,"NLP, Statistics, scikit-learn",3,21.0,Indeed,2025-07-16
JOB00242,Business Intelligence Analyst (AI),CortexWorks,E-commerce,Netherlands,Europe,Lead,Remote,164500,"ETL, Power BI, Prompt Engineering, PyTorch, TensorFlow, scikit-learn",6,14.0,CompanyWebsite,2025-12-04
JOB00243,Data Engineer (AI Systems),DeltaIntelligence,Manufacturing,Singapore,Southeast Asia,Entry,On-site,60500,"Data Visualization, Generative AI, LLMs",3,36.0,CompanyWebsite,2025-03-07
JOB00244,MLOps Engineer,DeltaWorks,Telecom,United Kingdom,Europe,Mid,On-site,134000,"AWS, Docker, Excel, Python",4,26.0,Glassdoor,2025-09-20
JOB00245,Computer Vision Engineer,OrbitAI,E-commerce,India,South Asia,Mid,On-site,42000,"A/B Testing, Azure ML, Data Visualization, Generative AI",4,24.0,LinkedIn,2025-03-28
JOB00246,Business Intelligence Analyst (AI),OrbitSystems,Manufacturing,Canada,North America,Lead,Remote,159500,"NLP, PyTorch, TensorFlow",3,14.0,LinkedIn,2025-04-30
JOB00247,Computer Vision Engineer,HelixLabs,Healthcare,United Kingdom,Europe,Lead,Hybrid,259000,"Azure ML, Computer Vision, R",3,10.0,LinkedIn,2025-10-10
JOB00248,Generative AI Developer,LumenLabs,Healthcare,France,Europe,Entry,Remote,90500,"Computer Vision, Excel, Generative AI, NLP, PyTorch, TensorFlow",6,69.0,LinkedIn,2025-04-19
JOB00249,AI Ethics Analyst,VantageSystems,Education,United States,North America,Entry,Hybrid,62500,"ETL, Statistics, TensorFlow",3,54.0,CompanyWebsite,2025-03-31
JOB00250,AI Research Engineer,HelixAI,Consulting,United States,North America,Mid,Hybrid,171000,"Docker, Python, Statistics, scikit-learn",4,40.0,Indeed,2025-04-28
JOB00251,AI Data Analyst,ZenithLabs,Media & Entertainment,United States,North America,Mid,Hybrid,87500,"Excel, MLOps, NLP, Statistics, scikit-learn",5,29.0,LinkedIn,2025-03-28
JOB00252,AI Ethics Analyst,ZenithSystems,Telecom,Germany,Europe,Entry,Remote,56500,"LLMs, PyTorch, SQL",3,59.0,Indeed,2025-09-07
JOB00253,AI Research Engineer,ArcSolutions,Government,Germany,Europe,Senior,On-site,248000,"Azure ML, Data Visualization, Docker, ETL, Excel",5,14.0,Glassdoor,2025-10-22
JOB00254,Business Intelligence Analyst (AI),ArcWorks,Media & Entertainment,UAE,Middle East,Mid,On-site,56500,"A/B Testing, AWS, Generative AI, LLMs, MLOps, SQL",6,24.0,AngelList,2025-07-30
JOB00255,AI Ethics Analyst,AtlasWorks,Telecom,Canada,North America,Entry,On-site,82500,"PyTorch, R, TensorFlow",3,37.0,Indeed,2025-10-05
JOB00256,Business Intelligence Analyst (AI),PrismAI,Education,Germany,Europe,Senior,Hybrid,119500,"Data Visualization, Python, Tableau, TensorFlow",4,12.0,LinkedIn,2025-04-29
JOB00257,MLOps Engineer,CortexIntelligence,Media & Entertainment,France,Europe,Mid,Hybrid,112500,"Computer Vision, Data Visualization, ETL, R",4,42.0,Indeed,2025-05-10
JOB00258,AI Ethics Analyst,PrismAnalytics,E-commerce,Australia,Oceania,Entry,On-site,60000,"A/B Testing, Azure ML, Generative AI, Power BI, Statistics, Tableau",6,40.0,LinkedIn,2025-03-22
JOB00259,Machine Learning Engineer,VertexData,Manufacturing,Pakistan,South Asia,Mid,On-site,44000,"PyTorch, Python, TensorFlow",3,31.0,LinkedIn,2025-07-04
JOB00260,AI Solutions Consultant,QuantumSolutions,Consulting,India,South Asia,Mid,Remote,39500,"Computer Vision, NLP, PyTorch, SQL, Statistics",5,55.0,LinkedIn,2025-11-03
JOB00261,AI Product Analyst,AtlasGroup,Fintech,India,South Asia,Mid,Remote,28000,"Computer Vision, Data Visualization, Excel, Generative AI, LLMs",5,48.0,LinkedIn,2025-04-14
JOB00262,AI Data Analyst,PrismSystems,Consulting,India,South Asia,Entry,Hybrid,15000,"Excel, Generative AI, MLOps, R, scikit-learn",5,55.0,Indeed,2025-06-04
JOB00263,MLOps Engineer,PulseLabs,Government,Canada,North America,Senior,Hybrid,197500,"Docker, LLMs, Python",3,30.0,Glassdoor,2025-01-03
JOB00264,AI Product Analyst,PrismTechnologies,Healthcare,United Kingdom,Europe,Mid,Hybrid,97000,"AWS, ETL, MLOps, Power BI",4,53.0,LinkedIn,2025-01-01
JOB00265,Computer Vision Engineer,ZenithIntelligence,Media & Entertainment,Singapore,Southeast Asia,Senior,Hybrid,152000,"A/B Testing, Azure ML, Docker, ETL, SQL",5,20.0,AngelList,2025-11-03
JOB00266,Applied Scientist,QuantumIntelligence,Consulting,Poland,Europe,Entry,Hybrid,95500,"Azure ML, Docker, R",3,58.0,LinkedIn,2025-07-13
JOB00267,MLOps Engineer,LumenTechnologies,Consulting,France,Europe,Senior,Hybrid,197500,"Computer Vision, Generative AI, NLP, Tableau",4,22.0,Indeed,2025-12-02
JOB00268,AI Research Engineer,NimbusSolutions,Fintech,UAE,Middle East,Mid,On-site,127500,"Docker, Power BI, R",3,28.0,Indeed,2025-11-28
JOB00269,Prompt Engineer,HelixIntelligence,Fintech,Netherlands,Europe,Entry,Remote,80500,"Data Visualization, ETL, SQL, Statistics, Tableau, scikit-learn",6,69.0,Indeed,2025-03-19
JOB00270,Applied Scientist,ArcLabs,Government,United Kingdom,Europe,Mid,On-site,170500,"A/B Testing, Power BI, Prompt Engineering, Python, Statistics, Tableau",6,21.0,Glassdoor,2025-04-25
JOB00271,Applied Scientist,NimbusData,Education,United States,North America,Mid,Remote,179000,"A/B Testing, Docker, Generative AI, Power BI, Prompt Engineering",5,34.0,Indeed,2025-08-16
JOB00272,Business Intelligence Analyst (AI),NovaLabs,Fintech,Pakistan,South Asia,Entry,Hybrid,15000,"Computer Vision, Power BI, SQL, Tableau, TensorFlow",5,47.0,LinkedIn,2025-12-29
JOB00273,AI Research Engineer,VertexTechnologies,Fintech,United States,North America,Mid,Remote,146000,"Data Visualization, Docker, LLMs, scikit-learn",4,49.0,LinkedIn,2025-07-26
JOB00274,Data Scientist,OrbitGroup,Healthcare,Poland,Europe,Entry,Remote,63000,"Docker, ETL, LLMs, MLOps, PyTorch, TensorFlow",6,68.0,LinkedIn,2025-03-22
JOB00275,Prompt Engineer,QuantumIntelligence,Media & Entertainment,Australia,Oceania,Mid,Hybrid,108500,"Azure ML, LLMs, NLP, Tableau",4,36.0,Indeed,2025-10-23
JOB00276,Generative AI Developer,ZenithIntelligence,Manufacturing,Germany,Europe,Senior,Hybrid,169500,"Computer Vision, ETL, Excel, LLMs, MLOps, PyTorch",6,20.0,LinkedIn,2025-09-19
JOB00277,NLP Engineer,AtlasTechnologies,Consulting,United Kingdom,Europe,Lead,Hybrid,210000,"ETL, LLMs, MLOps, R, Tableau",5,8.0,CompanyWebsite,2025-08-28
JOB00278,Data Engineer (AI Systems),VantageAnalytics,Healthcare,Ireland,Europe,Entry,Hybrid,79000,"Generative AI, LLMs, Power BI, scikit-learn",4,63.0,LinkedIn,2025-07-16
JOB00279,Business Intelligence Analyst (AI),HelixTechnologies,Healthcare,India,South Asia,Senior,Remote,46000,"Excel, Generative AI, Tableau",3,22.0,LinkedIn,2025-07-06
JOB00280,AI Product Analyst,HelixSolutions,Cybersecurity,United Kingdom,Europe,Senior,Remote,123500,"A/B Testing, Computer Vision, Excel, LLMs, scikit-learn",5,29.0,Glassdoor,2025-07-02
JOB00281,Computer Vision Engineer,CortexAI,Consulting,United Kingdom,Europe,Mid,On-site,121000,"A/B Testing, Computer Vision, Excel, NLP",4,32.0,Glassdoor,2025-10-21
JOB00282,MLOps Engineer,NovaAI,Healthcare,France,Europe,Mid,Remote,105000,"AWS, Computer Vision, MLOps, Python, Tableau",5,48.0,CompanyWebsite,2025-05-20
JOB00283,Machine Learning Engineer,QuantumData,Government,Germany,Europe,Mid,Remote,134000,"LLMs, MLOps, R, SQL",4,48.0,Indeed,2025-01-14
JOB00284,Business Intelligence Analyst (AI),PulseData,Healthcare,United Kingdom,Europe,Senior,Hybrid,110000,"Docker, Generative AI, NLP, R, Statistics",5,24.0,LinkedIn,2025-09-15
JOB00285,AI Product Analyst,VertexLabs,Cybersecurity,Pakistan,South Asia,Senior,Hybrid,40500,"A/B Testing, ETL, LLMs, Statistics",4,11.0,LinkedIn,2025-11-29
JOB00286,Machine Learning Engineer,QuantumData,Cybersecurity,India,South Asia,Mid,On-site,48000,"Docker, R, SQL, Tableau",4,33.0,Indeed,2025-03-16
JOB00287,AI Data Analyst,VantageSystems,Media & Entertainment,India,South Asia,Entry,Remote,16500,"Generative AI, LLMs, PyTorch, SQL, TensorFlow, scikit-learn",6,82.0,Indeed,2025-01-31
JOB00288,AI Data Analyst,CortexSystems,Manufacturing,United Kingdom,Europe,Entry,Remote,38000,"AWS, Azure ML, ETL, NLP, Prompt Engineering, PyTorch",6,60.0,Indeed,2025-10-09
JOB00289,Generative AI Developer,NovaLabs,Consulting,France,Europe,Mid,On-site,100000,"AWS, ETL, LLMs, Prompt Engineering",4,23.0,CompanyWebsite,2025-04-24
JOB00290,Computer Vision Engineer,VantageSolutions,Fintech,United States,North America,Entry,Hybrid,102500,"A/B Testing, Computer Vision, Data Visualization, LLMs, Statistics, scikit-learn",6,69.0,LinkedIn,2025-04-14
JOB00291,NLP Engineer,NovaIntelligence,Telecom,India,South Asia,Senior,On-site,60000,"Azure ML, Data Visualization, R",3,13.0,AngelList,2025-11-16
JOB00292,NLP Engineer,VertexAI,Healthcare,Pakistan,South Asia,Entry,Remote,31500,"Azure ML, Data Visualization, ETL, Power BI, Statistics",5,62.0,LinkedIn,2025-08-09
JOB00293,AI Ethics Analyst,PulseWorks,Manufacturing,India,South Asia,Mid,Hybrid,32500,"Azure ML, Excel, LLMs, PyTorch",4,,Indeed,2025-04-26
JOB00294,AI Solutions Consultant,HelixSolutions,E-commerce,Poland,Europe,Mid,On-site,100500,"A/B Testing, Computer Vision, LLMs, MLOps",4,,CompanyWebsite,2025-11-07
JOB00295,AI Data Analyst,QuantumData,Government,United States,North America,Entry,Hybrid,62500,"A/B Testing, AWS, Statistics, TensorFlow",4,60.0,LinkedIn,2025-04-28
JOB00296,Machine Learning Engineer,VantageData,Manufacturing,United States,North America,Entry,Hybrid,86000,"A/B Testing, Azure ML, Data Visualization, Excel, LLMs, scikit-learn",6,52.0,LinkedIn,2025-10-30
JOB00297,AI Product Analyst,DeltaWorks,Fintech,Singapore,Southeast Asia,Mid,On-site,52000,"AWS, Data Visualization, Excel, Generative AI, TensorFlow",5,21.0,LinkedIn,2025-12-29
JOB00298,AI Product Analyst,NimbusTechnologies,Consulting,United States,North America,Mid,Remote,86000,"Data Visualization, MLOps, TensorFlow",3,45.0,Indeed,2025-09-21
JOB00299,Machine Learning Engineer,OrbitSystems,Consulting,Singapore,Southeast Asia,Entry,Remote,57000,"AWS, Generative AI, Power BI, PyTorch, Tableau",5,68.0,Glassdoor,2025-07-19
JOB00300,Data Scientist,CortexSystems,Manufacturing,India,South Asia,Senior,Hybrid,68000,"Data Visualization, ETL, MLOps",3,26.0,LinkedIn,2025-05-17
JOB00301,Data Engineer (AI Systems),NimbusSolutions,Fintech,India,South Asia,Entry,Remote,26500,"Data Visualization, Excel, Prompt Engineering, PyTorch, Python, scikit-learn",6,79.0,Glassdoor,2025-03-29
JOB00302,Data Scientist,PulseSystems,Cybersecurity,United States,North America,Entry,Remote,94000,"AWS, MLOps, NLP, SQL",4,70.0,CompanyWebsite,2025-10-29
JOB00303,MLOps Engineer,ArcSystems,Fintech,United Kingdom,Europe,Senior,On-site,195500,"LLMs, MLOps, PyTorch, Statistics, scikit-learn",5,16.0,LinkedIn,2025-07-27
JOB00304,Business Intelligence Analyst (AI),LumenAnalytics,Education,United Kingdom,Europe,Entry,Hybrid,56000,"Computer Vision, Excel, NLP",3,52.0,CompanyWebsite,2025-12-19
JOB00305,Computer Vision Engineer,LumenTechnologies,Government,Brazil,South America,Entry,On-site,45500,"Prompt Engineering, Python, Statistics",3,38.0,LinkedIn,2025-05-15
JOB00306,AI Solutions Consultant,HelixIntelligence,Media & Entertainment,Netherlands,Europe,Mid,On-site,103500,"Azure ML, Tableau, scikit-learn",3,28.0,CompanyWebsite,2025-04-15
JOB00307,AI Research Engineer,OrbitAI,Cybersecurity,United States,North America,Entry,Remote,96500,"Azure ML, Docker, SQL",3,80.0,Indeed,2025-09-03
JOB00308,Machine Learning Engineer,ArcLabs,Education,Germany,Europe,Mid,Remote,114000,"A/B Testing, Azure ML, Docker, Excel, LLMs, Power BI",6,45.0,LinkedIn,2025-06-06
JOB00309,AI Ethics Analyst,LumenData,Fintech,Germany,Europe,Senior,On-site,135500,"A/B Testing, ETL, R",3,18.0,Glassdoor,2025-12-28
JOB00310,Data Engineer (AI Systems),VantageGroup,Fintech,Netherlands,Europe,Mid,Remote,108500,"A/B Testing, Data Visualization, SQL, TensorFlow, scikit-learn",5,46.0,CompanyWebsite,2025-06-29
JOB00311,AI Research Engineer,VantageAI,E-commerce,India,South Asia,Entry,Remote,33000,"MLOps, PyTorch, Tableau, scikit-learn",4,71.0,Glassdoor,2025-07-08
JOB00312,Data Scientist,PrismTechnologies,Government,Pakistan,South Asia,Senior,Remote,64000,"AWS, Azure ML, SQL, Statistics, Tableau",5,31.0,Indeed,2025-03-11
JOB00313,AI Product Analyst,NimbusAI,Fintech,Pakistan,South Asia,Senior,On-site,46500,"A/B Testing, Computer Vision, Excel, Prompt Engineering, SQL",5,14.0,AngelList,2025-11-07
JOB00314,AI Research Engineer,LumenAnalytics,E-commerce,Canada,North America,Lead,Hybrid,329000,"Excel, LLMs, NLP",3,12.0,LinkedIn,2025-12-26
JOB00315,Business Intelligence Analyst (AI),NimbusData,Manufacturing,Germany,Europe,Mid,Remote,76500,"AWS, Excel, LLMs, MLOps, Power BI, scikit-learn",6,44.0,AngelList,2025-03-06
JOB00316,NLP Engineer,LumenGroup,Consulting,United Kingdom,Europe,Mid,Remote,130000,"Data Visualization, ETL, Generative AI, TensorFlow",4,31.0,Glassdoor,2025-06-22
JOB00317,Prompt Engineer,HelixTechnologies,Cybersecurity,Canada,North America,Entry,Hybrid,78000,"A/B Testing, Excel, Power BI, R",4,49.0,CompanyWebsite,2025-05-29
JOB00318,Data Scientist,OrbitSystems,Healthcare,Pakistan,South Asia,Senior,Hybrid,63000,"A/B Testing, Docker, MLOps",3,17.0,Indeed,2025-11-15
JOB00319,AI Solutions Consultant,DeltaTechnologies,Fintech,United Kingdom,Europe,Mid,Remote,102000,"A/B Testing, AWS, Docker, R, SQL",5,44.0,LinkedIn,2025-05-04
JOB00320,Generative AI Developer,NimbusAnalytics,Telecom,India,South Asia,Mid,Remote,45000,"A/B Testing, Computer Vision, MLOps, Tableau, scikit-learn",5,46.0,CompanyWebsite,2025-10-10
JOB00321,Generative AI Developer,VertexAI,E-commerce,United States,North America,Mid,Remote,162000,"LLMs, MLOps, PyTorch, TensorFlow",4,46.0,LinkedIn,2025-01-24
JOB00322,Business Intelligence Analyst (AI),OrbitGroup,Media & Entertainment,United States,North America,Mid,Hybrid,109000,"A/B Testing, Docker, R, scikit-learn",4,37.0,Indeed,2025-08-09
JOB00323,Machine Learning Engineer,DeltaLabs,Education,Canada,North America,Senior,Hybrid,185000,"Excel, MLOps, Power BI, PyTorch",4,17.0,Glassdoor,2025-06-15
JOB00324,AI Data Analyst,ZenithGroup,Cybersecurity,Germany,Europe,Mid,On-site,67000,"NLP, Python, TensorFlow",3,29.0,LinkedIn,2025-12-03
JOB00325,MLOps Engineer,LumenAI,Fintech,Australia,Oceania,Mid,Hybrid,130500,"Computer Vision, PyTorch, R",3,33.0,AngelList,2025-01-31
JOB00326,Data Engineer (AI Systems),PulseGroup,Cybersecurity,Germany,Europe,Entry,Hybrid,61500,"Azure ML, LLMs, SQL",3,74.0,LinkedIn,2025-08-27
JOB00327,AI Solutions Consultant,CortexSolutions,Consulting,United Kingdom,Europe,Senior,Remote,154500,"A/B Testing, Data Visualization, Excel, Generative AI, PyTorch, Python",6,31.0,Glassdoor,2025-06-12
JOB00328,MLOps Engineer,NovaAI,Telecom,Canada,North America,Entry,Hybrid,91500,"A/B Testing, Computer Vision, ETL, MLOps, Prompt Engineering, Statistics",6,76.0,Glassdoor,2025-07-04
JOB00329,AI Research Engineer,VertexWorks,E-commerce,France,Europe,Mid,Hybrid,142000,"ETL, MLOps, NLP, R",4,37.0,Glassdoor,2025-11-02
JOB00330,Applied Scientist,VantageTechnologies,Government,Ireland,Europe,Entry,Hybrid,88500,"AWS, Computer Vision, Data Visualization, Python, SQL",5,59.0,LinkedIn,2025-11-16
JOB00331,NLP Engineer,QuantumSolutions,Education,United Kingdom,Europe,Entry,Hybrid,78500,"Azure ML, NLP, TensorFlow",3,48.0,LinkedIn,2025-04-27
JOB00332,MLOps Engineer,PulseTechnologies,Consulting,Pakistan,South Asia,Entry,Remote,28000,"A/B Testing, Azure ML, Docker, Excel, R",5,75.0,CompanyWebsite,2025-03-28
JOB00333,Business Intelligence Analyst (AI),ZenithAnalytics,E-commerce,Pakistan,South Asia,Mid,Hybrid,25500,"Data Visualization, ETL, MLOps, NLP, scikit-learn",5,35.0,Indeed,2025-10-04
JOB00334,Generative AI Developer,VantageTechnologies,Government,United States,North America,Mid,Hybrid,149000,"AWS, Computer Vision, LLMs, NLP, PyTorch, R",6,47.0,LinkedIn,2025-07-04
JOB00335,Data Engineer (AI Systems),PulseAI,E-commerce,United States,North America,Senior,Hybrid,187000,"ETL, Excel, LLMs, Power BI, TensorFlow",5,29.0,Indeed,2025-01-15
JOB00336,Generative AI Developer,AtlasWorks,Healthcare,India,South Asia,Mid,On-site,49500,"Excel, MLOps, PyTorch, Statistics",4,23.0,LinkedIn,2025-05-05
JOB00337,Computer Vision Engineer,PrismData,E-commerce,India,South Asia,Mid,On-site,45500,"AWS, Data Visualization, NLP, Power BI, R",5,17.0,LinkedIn,2025-05-26
JOB00338,AI Solutions Consultant,QuantumSystems,Telecom,France,Europe,Senior,Hybrid,167000,"ETL, LLMs, MLOps, PyTorch, R, TensorFlow",6,25.0,Indeed,2025-03-28
JOB00339,Prompt Engineer,ZenithAnalytics,Media & Entertainment,United States,North America,Entry,Hybrid,63000,"ETL, NLP, Python, Statistics",4,63.0,LinkedIn,2025-08-13
JOB00340,NLP Engineer,VertexSystems,Fintech,UAE,Middle East,Mid,Hybrid,103500,"A/B Testing, Data Visualization, Power BI, PyTorch",4,31.0,LinkedIn,2025-04-24
JOB00341,Data Engineer (AI Systems),VertexSolutions,Government,United States,North America,Senior,Remote,160000,"Excel, LLMs, NLP, R",4,25.0,LinkedIn,2025-11-30
JOB00342,Data Engineer (AI Systems),ZenithSolutions,Government,Canada,North America,Mid,On-site,135500,"AWS, Azure ML, Excel",3,26.0,LinkedIn,2025-09-13
JOB00343,Machine Learning Engineer,HelixSystems,E-commerce,India,South Asia,Entry,Remote,31500,"Excel, Generative AI, LLMs, Statistics",4,80.0,Indeed,2025-07-14
JOB00344,Data Engineer (AI Systems),NimbusAnalytics,Manufacturing,Germany,Europe,Mid,Hybrid,96500,"Docker, Python, SQL",3,44.0,LinkedIn,2025-08-12
JOB00345,Data Scientist,PrismWorks,Education,Germany,Europe,Entry,On-site,83500,"Azure ML, Data Visualization, Generative AI, Power BI, Statistics, TensorFlow",6,39.0,LinkedIn,2025-07-16
JOB00346,AI Product Analyst,NimbusSolutions,Media & Entertainment,Poland,Europe,Entry,Remote,52500,"Statistics, TensorFlow, scikit-learn",3,73.0,LinkedIn,2025-08-15
JOB00347,Computer Vision Engineer,VertexSystems,E-commerce,United Kingdom,Europe,Mid,Hybrid,140000,"LLMs, Power BI, Statistics, Tableau",4,40.0,AngelList,2025-11-03
JOB00348,AI Data Analyst,ZenithIntelligence,Cybersecurity,Australia,Oceania,Mid,On-site,68500,"AWS, Azure ML, Computer Vision, Python",4,31.0,AngelList,2025-05-13
JOB00349,AI Solutions Consultant,CortexTechnologies,Consulting,France,Europe,Entry,Remote,79500,"Data Visualization, LLMs, Tableau",3,87.0,Indeed,2025-07-29
JOB00350,Data Engineer (AI Systems),ZenithTechnologies,Fintech,India,South Asia,Lead,Remote,71500,"Azure ML, Excel, NLP, Prompt Engineering, Python, R",6,13.0,Indeed,2025-07-21
JOB00351,Machine Learning Engineer,NovaSolutions,E-commerce,Singapore,Southeast Asia,Lead,Remote,154500,"Data Visualization, ETL, LLMs, NLP",4,14.0,LinkedIn,2025-03-27
JOB00352,NLP Engineer,QuantumSystems,Fintech,Australia,Oceania,Mid,On-site,136500,"Excel, Python, SQL, Statistics, Tableau, TensorFlow",6,29.0,Indeed,2025-01-23
JOB00353,AI Solutions Consultant,ZenithWorks,Cybersecurity,Australia,Oceania,Entry,Hybrid,56000,"A/B Testing, Power BI, PyTorch, R, scikit-learn",5,69.0,Indeed,2025-11-02
JOB00354,Data Scientist,DeltaData,Fintech,United States,North America,Entry,Remote,84000,"Generative AI, LLMs, NLP, PyTorch, Python",5,90.0,Indeed,2025-11-12
JOB00355,AI Research Engineer,VertexSystems,Government,United States,North America,Mid,On-site,161000,"AWS, R, TensorFlow, scikit-learn",4,22.0,AngelList,2025-09-10
JOB00356,Data Scientist,NimbusSystems,Healthcare,United States,North America,Entry,On-site,80500,"Docker, PyTorch, Tableau",3,42.0,LinkedIn,2025-11-28
JOB00357,Data Engineer (AI Systems),NovaGroup,Fintech,United Kingdom,Europe,Entry,Remote,60500,"Computer Vision, Docker, Prompt Engineering, SQL",4,68.0,Indeed,2025-01-20
JOB00358,Generative AI Developer,ArcTechnologies,Media & Entertainment,Singapore,Southeast Asia,Mid,Hybrid,111000,"ETL, LLMs, NLP, Power BI, R",5,35.0,Indeed,2025-04-17
JOB00359,Generative AI Developer,ZenithSolutions,Government,France,Europe,Entry,Remote,97000,"Docker, NLP, PyTorch, Python, SQL",5,75.0,CompanyWebsite,2025-12-29
JOB00360,Data Scientist,OrbitSystems,Consulting,Pakistan,South Asia,Mid,Remote,39000,"A/B Testing, Azure ML, Docker, MLOps, Power BI, PyTorch",6,56.0,LinkedIn,2025-11-15
JOB00361,AI Solutions Consultant,QuantumIntelligence,Media & Entertainment,Ireland,Europe,Senior,Remote,153000,"A/B Testing, PyTorch, Statistics, Tableau",4,30.0,Glassdoor,2025-10-13
JOB00362,NLP Engineer,CortexSystems,Manufacturing,Poland,Europe,Mid,Hybrid,124000,"Azure ML, ETL, Excel, Prompt Engineering, PyTorch, Statistics",6,41.0,Glassdoor,2025-07-21
JOB00363,Data Scientist,PulseAI,Fintech,Pakistan,South Asia,Lead,Remote,80500,"Computer Vision, ETL, PyTorch, Statistics",4,11.0,LinkedIn,2025-09-10
JOB00364,Applied Scientist,NimbusWorks,Media & Entertainment,Germany,Europe,Mid,Remote,132000,"A/B Testing, Power BI, Prompt Engineering, Tableau, scikit-learn",5,46.0,CompanyWebsite,2025-06-09
JOB00365,NLP Engineer,HelixSystems,E-commerce,United States,North America,Mid,On-site,142000,"AWS, PyTorch, Statistics, TensorFlow",4,,Glassdoor,2025-08-12
JOB00366,Machine Learning Engineer,AtlasTechnologies,Media & Entertainment,India,South Asia,Senior,Hybrid,65500,"ETL, Excel, Prompt Engineering",3,28.0,CompanyWebsite,2025-11-26
JOB00367,Data Engineer (AI Systems),PrismTechnologies,Education,India,South Asia,Mid,Remote,35500,"Azure ML, Computer Vision, PyTorch, Statistics",4,45.0,LinkedIn,2025-01-16
JOB00368,AI Solutions Consultant,NovaWorks,Manufacturing,United States,North America,Mid,Hybrid,141500,"Docker, ETL, Generative AI, Power BI, TensorFlow",5,32.0,LinkedIn,2025-10-13
JOB00369,Data Engineer (AI Systems),VantageWorks,Fintech,United States,North America,Mid,On-site,127000,"Azure ML, Computer Vision, Excel, LLMs, Power BI, Python",6,,Indeed,2025-05-17
JOB00370,Data Scientist,AtlasTechnologies,Healthcare,France,Europe,Senior,Remote,180500,"Docker, Power BI, PyTorch",3,20.0,LinkedIn,2025-05-01
JOB00371,Computer Vision Engineer,HelixAI,Fintech,Australia,Oceania,Entry,Remote,104500,"A/B Testing, Data Visualization, Excel, Power BI, Python, Statistics",6,80.0,LinkedIn,2025-08-24
JOB00372,MLOps Engineer,OrbitSystems,E-commerce,Pakistan,South Asia,Mid,Hybrid,38500,"Azure ML, Python, Statistics",3,34.0,CompanyWebsite,2025-02-17
JOB00373,AI Ethics Analyst,VantageWorks,Manufacturing,Germany,Europe,Entry,Hybrid,50000,"A/B Testing, AWS, Generative AI, Prompt Engineering, Python, Tableau",6,49.0,Glassdoor,2025-08-22
JOB00374,AI Ethics Analyst,NovaAnalytics,Telecom,United States,North America,Senior,On-site,113500,"Excel, NLP, R",3,11.0,Indeed,2025-12-10
JOB00375,Applied Scientist,HelixData,E-commerce,Germany,Europe,Mid,On-site,142500,"Data Visualization, NLP, Python, scikit-learn",4,21.0,LinkedIn,2025-10-09
JOB00376,AI Ethics Analyst,ZenithAnalytics,Consulting,United Kingdom,Europe,Mid,Remote,85500,"Docker, ETL, Statistics, scikit-learn",4,41.0,CompanyWebsite,2025-04-03
JOB00377,MLOps Engineer,CortexLabs,Government,UAE,Middle East,Mid,Remote,119000,"Generative AI, LLMs, Power BI",3,45.0,LinkedIn,2025-02-01
JOB00378,AI Solutions Consultant,PrismSolutions,Government,United States,North America,Entry,Remote,63000,"Computer Vision, Data Visualization, MLOps, PyTorch, SQL",5,73.0,Indeed,2025-03-14
JOB00379,Generative AI Developer,LumenAnalytics,Education,India,South Asia,Senior,Remote,55500,"Excel, MLOps, Python, SQL, Statistics",5,27.0,Indeed,2025-01-15
JOB00380,MLOps Engineer,AtlasAnalytics,Government,United Kingdom,Europe,Entry,Remote,77000,"Docker, MLOps, scikit-learn",3,73.0,Glassdoor,2025-09-02
JOB00381,Applied Scientist,PrismAnalytics,Cybersecurity,Canada,North America,Mid,Remote,171000,"Docker, Power BI, Python",3,45.0,LinkedIn,2025-05-07
JOB00382,AI Solutions Consultant,OrbitTechnologies,Telecom,Pakistan,South Asia,Senior,On-site,52000,"AWS, Docker, Excel, LLMs, R",5,14.0,LinkedIn,2025-04-18
JOB00383,Data Engineer (AI Systems),CortexTechnologies,Media & Entertainment,Ireland,Europe,Entry,Hybrid,61000,"Computer Vision, MLOps, Tableau",3,73.0,Indeed,2025-12-24
JOB00384,AI Product Analyst,ArcAI,E-commerce,United States,North America,Mid,Hybrid,89000,"Data Visualization, Excel, LLMs, PyTorch, R",5,45.0,LinkedIn,2025-06-10
JOB00385,Data Engineer (AI Systems),OrbitAnalytics,Telecom,United Kingdom,Europe,Mid,Hybrid,99500,"Azure ML, Excel, MLOps, SQL",4,32.0,LinkedIn,2025-03-28
JOB00386,Machine Learning Engineer,PrismAI,Healthcare,United States,North America,Mid,Remote,125500,"Azure ML, Excel, NLP, Power BI, Tableau",5,43.0,LinkedIn,2025-08-15
JOB00387,AI Solutions Consultant,QuantumSolutions,Telecom,United States,North America,Senior,Hybrid,154500,"AWS, PyTorch, Statistics, TensorFlow",4,23.0,Indeed,2025-02-27
JOB00388,AI Data Analyst,ZenithGroup,Cybersecurity,France,Europe,Entry,Remote,43000,"Docker, ETL, Excel, MLOps, scikit-learn",5,78.0,LinkedIn,2025-05-12
JOB00389,AI Product Analyst,DeltaAI,Healthcare,Ireland,Europe,Senior,Remote,135500,"Computer Vision, Data Visualization, Docker, Excel, Generative AI, Power BI",6,33.0,CompanyWebsite,2025-12-17
JOB00390,Machine Learning Engineer,PrismGroup,Fintech,France,Europe,Senior,Hybrid,186000,"A/B Testing, Docker, MLOps, SQL",4,20.0,LinkedIn,2025-02-05
JOB00391,MLOps Engineer,QuantumSystems,Consulting,United States,North America,Mid,On-site,135500,"Computer Vision, Docker, ETL, Generative AI, SQL, TensorFlow",6,32.0,Indeed,2025-12-21
JOB00392,Machine Learning Engineer,NovaGroup,Media & Entertainment,Singapore,Southeast Asia,Senior,On-site,146000,"A/B Testing, Data Visualization, Excel, PyTorch, Tableau",5,16.0,LinkedIn,2025-11-23
JOB00393,Data Scientist,NovaSystems,Education,India,South Asia,Mid,On-site,43500,"A/B Testing, Python, SQL, Statistics, Tableau",5,26.0,CompanyWebsite,2025-03-26
JOB00394,AI Ethics Analyst,ArcSystems,Media & Entertainment,United States,North America,Mid,Remote,97500,"A/B Testing, MLOps, PyTorch, SQL",4,48.0,LinkedIn,2025-12-06
JOB00395,Generative AI Developer,QuantumSolutions,Government,United Kingdom,Europe,Senior,On-site,133500,"AWS, Computer Vision, NLP, PyTorch, Python, TensorFlow",6,14.0,CompanyWebsite,2025-11-14
JOB00396,AI Research Engineer,LumenSystems,Media & Entertainment,India,South Asia,Senior,On-site,79000,"ETL, MLOps, Power BI, SQL, Tableau, scikit-learn",6,20.0,Indeed,2025-07-09
JOB00397,Applied Scientist,VantageData,Telecom,Poland,Europe,Senior,Hybrid,190500,"AWS, ETL, Excel, Generative AI, NLP, SQL",6,23.0,Indeed,2025-08-23
JOB00398,AI Ethics Analyst,PulseSolutions,Education,United Kingdom,Europe,Entry,Remote,49000,"LLMs, Power BI, R, Tableau",4,82.0,Glassdoor,2025-02-27
JOB00399,Business Intelligence Analyst (AI),CortexGroup,Media & Entertainment,Pakistan,South Asia,Entry,Remote,18000,"ETL, SQL, Statistics",3,68.0,Indeed,2025-11-18
JOB00400,NLP Engineer,OrbitSolutions,Healthcare,United Kingdom,Europe,Mid,Hybrid,138500,"AWS, Data Visualization, ETL, MLOps, R, SQL",6,40.0,AngelList,2025-04-02
JOB00401,AI Solutions Consultant,ZenithTechnologies,E-commerce,Poland,Europe,Entry,Hybrid,60500,"AWS, Azure ML, LLMs, NLP, PyTorch",5,55.0,Glassdoor,2025-08-09
JOB00402,Data Scientist,PulseAI,Telecom,United States,North America,Mid,Hybrid,145000,"ETL, TensorFlow, scikit-learn",3,54.0,Glassdoor,2025-10-13
JOB00403,Computer Vision Engineer,QuantumGroup,E-commerce,United States,North America,Senior,Remote,194000,"Docker, Generative AI, LLMs, Prompt Engineering",4,31.0,AngelList,2025-04-19
JOB00404,AI Data Analyst,ZenithLabs,Media & Entertainment,India,South Asia,Entry,Remote,15500,"A/B Testing, Generative AI, LLMs, MLOps, Power BI, scikit-learn",6,78.0,Indeed,2025-02-08
JOB00405,AI Product Analyst,PrismSolutions,Manufacturing,India,South Asia,Senior,On-site,42000,"Docker, Power BI, Python, R, scikit-learn",5,11.0,LinkedIn,2025-07-02
JOB00406,AI Research Engineer,HelixSystems,Manufacturing,United Kingdom,Europe,Mid,Remote,114500,"A/B Testing, ETL, Excel, TensorFlow",4,46.0,Indeed,2025-10-25
JOB00407,AI Research Engineer,NovaAnalytics,Telecom,Netherlands,Europe,Entry,Hybrid,94000,"Computer Vision, R, SQL",3,,Indeed,2025-11-10
JOB00408,NLP Engineer,VantageWorks,Healthcare,Pakistan,South Asia,Entry,On-site,31000,"Computer Vision, NLP, PyTorch, SQL",4,64.0,Indeed,2025-12-29
JOB00409,Computer Vision Engineer,ArcTechnologies,Education,United States,North America,Mid,Hybrid,175500,"Computer Vision, Excel, Generative AI, R, scikit-learn",5,38.0,Indeed,2025-07-14
JOB00410,Prompt Engineer,CortexAI,Fintech,Australia,Oceania,Senior,Hybrid,173000,"Data Visualization, Docker, NLP, SQL",4,21.0,Indeed,2025-02-13
JOB00411,Data Scientist,PrismSolutions,Telecom,Pakistan,South Asia,Senior,On-site,61000,"Azure ML, ETL, Excel, Generative AI, Python, Tableau",6,10.0,CompanyWebsite,2025-06-12
JOB00412,Applied Scientist,OrbitTechnologies,E-commerce,United States,North America,Mid,Hybrid,197000,"Data Visualization, NLP, Prompt Engineering",3,33.0,LinkedIn,2025-04-14
JOB00413,AI Ethics Analyst,PrismData,Fintech,India,South Asia,Lead,Hybrid,61000,"Generative AI, LLMs, PyTorch, SQL, scikit-learn",5,3.0,LinkedIn,2025-01-20
JOB00414,AI Product Analyst,PulseGroup,Consulting,India,South Asia,Senior,Hybrid,43500,"A/B Testing, AWS, Statistics, scikit-learn",4,17.0,LinkedIn,2025-03-24
JOB00415,Machine Learning Engineer,LumenData,Fintech,United States,North America,Entry,On-site,95500,"Azure ML, Data Visualization, Power BI, SQL, scikit-learn",5,33.0,Indeed,2025-02-12
JOB00416,Generative AI Developer,PulseAnalytics,Fintech,Netherlands,Europe,Entry,Remote,94000,"Generative AI, MLOps, Power BI, Python, Tableau",5,78.0,LinkedIn,2025-01-24
JOB00417,AI Product Analyst,ZenithTechnologies,Manufacturing,Canada,North America,Senior,On-site,122000,"Power BI, Python, Statistics",3,8.0,Indeed,2025-12-08
JOB00418,AI Research Engineer,NimbusSystems,Telecom,Australia,Oceania,Mid,On-site,176000,"Computer Vision, Python, SQL, TensorFlow",4,25.0,LinkedIn,2025-09-08
JOB00419,Business Intelligence Analyst (AI),ArcAnalytics,E-commerce,United States,North America,Mid,Remote,92500,"A/B Testing, Excel, PyTorch, scikit-learn",4,42.0,LinkedIn,2025-04-10
JOB00420,MLOps Engineer,ArcLabs,Telecom,United States,North America,Entry,Remote,96000,"Azure ML, NLP, R, Statistics, scikit-learn",5,83.0,Indeed,2025-10-20
JOB00421,Generative AI Developer,LumenData,Telecom,United States,North America,Mid,Remote,139000,"Excel, MLOps, Python",3,59.0,LinkedIn,2025-03-13
JOB00422,Data Engineer (AI Systems),ArcSolutions,Government,Netherlands,Europe,Mid,Hybrid,107500,"Computer Vision, ETL, Excel, NLP, R, TensorFlow",6,37.0,Indeed,2025-05-16
JOB00423,Computer Vision Engineer,CortexTechnologies,Consulting,Pakistan,South Asia,Entry,Hybrid,29500,"Data Visualization, Generative AI, MLOps, R, SQL",5,42.0,Glassdoor,2025-07-15
JOB00424,AI Ethics Analyst,HelixLabs,Fintech,United States,North America,Mid,On-site,111000,"A/B Testing, Computer Vision, Data Visualization, PyTorch, Tableau",5,26.0,Indeed,2025-04-16
JOB00425,NLP Engineer,AtlasTechnologies,Healthcare,France,Europe,Mid,Remote,109000,"A/B Testing, MLOps, Prompt Engineering, Python, Tableau, TensorFlow",6,48.0,Indeed,2025-02-26
JOB00426,Applied Scientist,VertexWorks,Telecom,Netherlands,Europe,Senior,Remote,226000,"AWS, Data Visualization, Excel, SQL",4,20.0,LinkedIn,2025-08-21
JOB00427,Data Scientist,PulseTechnologies,Healthcare,United States,North America,Lead,On-site,256500,"Azure ML, Tableau, TensorFlow",3,8.0,Indeed,2025-04-25
JOB00428,Prompt Engineer,VertexWorks,Healthcare,Germany,Europe,Senior,Remote,128000,"Computer Vision, ETL, Excel, MLOps, SQL, TensorFlow",6,20.0,LinkedIn,2025-09-22
JOB00429,MLOps Engineer,PulseGroup,Fintech,India,South Asia,Entry,Hybrid,23500,"Azure ML, ETL, Generative AI",3,72.0,LinkedIn,2025-04-08
JOB00430,Applied Scientist,QuantumData,Healthcare,Singapore,Southeast Asia,Lead,Remote,200500,"Computer Vision, Docker, MLOps, PyTorch, Statistics, TensorFlow",6,15.0,CompanyWebsite,2025-02-28
JOB00431,MLOps Engineer,ZenithWorks,Consulting,United Kingdom,Europe,Senior,Remote,192500,"Docker, Excel, Power BI, Prompt Engineering, Python, SQL",6,21.0,CompanyWebsite,2025-08-22
JOB00432,Generative AI Developer,LumenSystems,Consulting,United States,North America,Mid,Remote,160000,"A/B Testing, Computer Vision, ETL, SQL, Statistics, TensorFlow",6,46.0,Indeed,2025-09-29
JOB00433,MLOps Engineer,CortexIntelligence,Healthcare,India,South Asia,Senior,On-site,76500,"Docker, ETL, Excel, PyTorch",4,14.0,CompanyWebsite,2025-07-02
JOB00434,Business Intelligence Analyst (AI),VantageIntelligence,Consulting,United Kingdom,Europe,Lead,Hybrid,150500,"Docker, LLMs, Power BI, Prompt Engineering",4,10.0,LinkedIn,2025-05-11
JOB00435,AI Research Engineer,NimbusGroup,E-commerce,Netherlands,Europe,Senior,On-site,200000,"Data Visualization, Docker, Prompt Engineering, Tableau, scikit-learn",5,9.0,Indeed,2025-05-24
JOB00436,NLP Engineer,QuantumLabs,Telecom,United States,North America,Mid,On-site,128000,"Azure ML, LLMs, R, Tableau, TensorFlow, scikit-learn",6,23.0,LinkedIn,2025-03-12
JOB00437,MLOps Engineer,VantageData,Fintech,India,South Asia,Mid,On-site,45000,"Computer Vision, TensorFlow, scikit-learn",3,25.0,Indeed,2025-08-12
JOB00438,Prompt Engineer,QuantumSolutions,E-commerce,India,South Asia,Entry,Remote,25500,"A/B Testing, Data Visualization, Power BI",3,79.0,LinkedIn,2025-06-10
JOB00439,Applied Scientist,DeltaGroup,Education,UAE,Middle East,Mid,Hybrid,167000,"AWS, Excel, PyTorch, Python, Tableau, TensorFlow",6,35.0,CompanyWebsite,2025-05-13
JOB00440,Business Intelligence Analyst (AI),OrbitIntelligence,Media & Entertainment,United Kingdom,Europe,Mid,Hybrid,79000,"R, SQL, Statistics, TensorFlow",4,34.0,Glassdoor,2025-09-18
JOB00441,Computer Vision Engineer,NimbusLabs,E-commerce,India,South Asia,Lead,On-site,99500,"Azure ML, Generative AI, MLOps, Power BI, Prompt Engineering, Python",6,9.0,LinkedIn,2025-06-26
JOB00442,AI Solutions Consultant,QuantumSystems,Manufacturing,United Kingdom,Europe,Mid,On-site,101500,"Excel, LLMs, PyTorch",3,29.0,CompanyWebsite,2025-05-17
JOB00443,AI Research Engineer,DeltaData,Manufacturing,UAE,Middle East,Senior,Remote,161500,"AWS, Azure ML, Docker, Generative AI, Prompt Engineering",5,19.0,AngelList,2025-03-17
JOB00444,Prompt Engineer,OrbitGroup,Fintech,Pakistan,South Asia,Entry,Remote,25500,"A/B Testing, AWS, ETL, SQL, Tableau, scikit-learn",6,62.0,Indeed,2025-07-06
JOB00445,NLP Engineer,NimbusData,Media & Entertainment,United States,North America,Mid,Remote,143500,"Azure ML, Prompt Engineering, Statistics",3,61.0,LinkedIn,2025-03-09
JOB00446,AI Research Engineer,LumenIntelligence,Fintech,UAE,Middle East,Entry,Hybrid,100000,"A/B Testing, Docker, SQL, TensorFlow, scikit-learn",5,70.0,LinkedIn,2025-05-19
JOB00447,Data Engineer (AI Systems),CortexSystems,E-commerce,Germany,Europe,Mid,Remote,115500,"A/B Testing, AWS, Excel, Generative AI, MLOps, Prompt Engineering",6,52.0,AngelList,2025-01-12
JOB00448,MLOps Engineer,DeltaData,Telecom,Poland,Europe,Mid,On-site,96000,"Azure ML, Generative AI, Prompt Engineering, PyTorch, R, Tableau",6,28.0,AngelList,2025-01-02
JOB00449,MLOps Engineer,AtlasSystems,Telecom,India,South Asia,Lead,Remote,80500,"Computer Vision, MLOps, SQL, Statistics",4,9.0,LinkedIn,2025-12-30
JOB00450,AI Data Analyst,PulseLabs,Healthcare,India,South Asia,Entry,Hybrid,15500,"Computer Vision, Tableau, scikit-learn",3,55.0,AngelList,2025-03-31
JOB00451,AI Research Engineer,HelixTechnologies,Fintech,Germany,Europe,Entry,On-site,99000,"ETL, NLP, R, Tableau",4,45.0,Indeed,2025-08-17
JOB00452,AI Research Engineer,ArcGroup,Fintech,United States,North America,Senior,On-site,212500,"AWS, Generative AI, NLP, TensorFlow",4,7.0,LinkedIn,2025-02-06
JOB00453,Data Scientist,HelixData,Education,Pakistan,South Asia,Lead,Hybrid,78000,"A/B Testing, AWS, ETL, Generative AI, Power BI, scikit-learn",6,11.0,Indeed,2025-09-18
JOB00454,Prompt Engineer,NovaGroup,Government,United States,North America,Mid,On-site,118500,"Data Visualization, Power BI, Prompt Engineering",3,23.0,Indeed,2025-10-28
JOB00455,Generative AI Developer,LumenTechnologies,Consulting,France,Europe,Mid,Hybrid,131500,"AWS, Computer Vision, Excel, PyTorch, Python, scikit-learn",6,33.0,LinkedIn,2025-07-28
JOB00456,AI Solutions Consultant,NovaData,Telecom,United States,North America,Mid,Hybrid,98000,"Computer Vision, ETL, Tableau",3,35.0,Indeed,2025-11-08
JOB00457,Computer Vision Engineer,OrbitLabs,Consulting,India,South Asia,Senior,Hybrid,64000,"Computer Vision, LLMs, NLP",3,18.0,Indeed,2025-04-28
JOB00458,NLP Engineer,VertexSystems,Manufacturing,India,South Asia,Mid,On-site,49500,"A/B Testing, Computer Vision, MLOps, SQL, Tableau",5,25.0,CompanyWebsite,2025-10-16
JOB00459,NLP Engineer,OrbitLabs,Fintech,United States,North America,Entry,Remote,104500,"Excel, LLMs, NLP, Power BI, Python, Tableau",6,62.0,Indeed,2025-06-24
JOB00460,Applied Scientist,QuantumSolutions,E-commerce,Germany,Europe,Entry,Remote,87000,"Azure ML, Excel, Generative AI, Python, scikit-learn",5,74.0,CompanyWebsite,2025-10-26
JOB00461,Applied Scientist,PulseSolutions,Telecom,Brazil,South America,Mid,Hybrid,76500,"AWS, NLP, Prompt Engineering",3,41.0,LinkedIn,2025-01-25
JOB00462,Data Engineer (AI Systems),CortexTechnologies,Media & Entertainment,France,Europe,Mid,Hybrid,124500,"Data Visualization, Excel, Generative AI, MLOps, SQL, Tableau",6,39.0,CompanyWebsite,2025-03-11
JOB00463,NLP Engineer,VertexAnalytics,Government,Netherlands,Europe,Mid,On-site,128500,"LLMs, R, Statistics",3,24.0,Glassdoor,2025-10-04
JOB00464,Machine Learning Engineer,ZenithIntelligence,Manufacturing,France,Europe,Entry,Hybrid,87000,"ETL, Excel, NLP",3,62.0,LinkedIn,2025-06-28
JOB00465,Prompt Engineer,ArcSolutions,Government,India,South Asia,Mid,Hybrid,31500,"Data Visualization, NLP, PyTorch, Tableau",4,48.0,LinkedIn,2025-05-07
JOB00466,AI Solutions Consultant,OrbitTechnologies,Media & Entertainment,India,South Asia,Mid,Hybrid,35000,"Computer Vision, Generative AI, TensorFlow",3,36.0,LinkedIn,2025-12-29
JOB00467,NLP Engineer,CortexData,Healthcare,United Kingdom,Europe,Entry,Remote,99500,"Azure ML, Computer Vision, Statistics, TensorFlow",4,73.0,LinkedIn,2025-06-18
JOB00468,AI Data Analyst,HelixData,Education,Pakistan,South Asia,Mid,Hybrid,28500,"A/B Testing, Computer Vision, Power BI, Prompt Engineering, TensorFlow",5,29.0,Indeed,2025-09-04
JOB00469,Business Intelligence Analyst (AI),VertexWorks,Education,India,South Asia,Lead,On-site,56000,"ETL, Excel, Generative AI, NLP, Prompt Engineering, PyTorch",6,5.0,Indeed,2025-03-22
JOB00470,Business Intelligence Analyst (AI),HelixSystems,Government,Pakistan,South Asia,Entry,Hybrid,21000,"Azure ML, Docker, Excel, LLMs, MLOps, NLP",6,66.0,Glassdoor,2025-09-27
JOB00471,AI Data Analyst,HelixGroup,Government,United Kingdom,Europe,Mid,On-site,70000,"Generative AI, LLMs, NLP, TensorFlow",4,24.0,Glassdoor,2025-07-07
JOB00472,AI Product Analyst,HelixWorks,Fintech,Pakistan,South Asia,Mid,Hybrid,37500,"A/B Testing, Data Visualization, Prompt Engineering, R, Statistics, TensorFlow",6,44.0,Indeed,2025-05-20
JOB00473,AI Solutions Consultant,PulseSystems,Media & Entertainment,Singapore,Southeast Asia,Mid,On-site,78500,"Excel, Prompt Engineering, PyTorch, Python",4,36.0,LinkedIn,2025-02-21
JOB00474,Data Scientist,PrismAI,Cybersecurity,Ireland,Europe,Mid,Remote,105500,"A/B Testing, Azure ML, ETL, Generative AI, LLMs",5,65.0,Indeed,2025-04-01
JOB00475,Prompt Engineer,NovaWorks,Consulting,Canada,North America,Senior,Hybrid,178500,"A/B Testing, AWS, NLP, TensorFlow, scikit-learn",5,14.0,AngelList,2025-10-19
JOB00476,Applied Scientist,PrismIntelligence,Consulting,France,Europe,Senior,On-site,235500,"AWS, LLMs, NLP, R, SQL",5,20.0,LinkedIn,2025-07-12
JOB00477,Machine Learning Engineer,NovaSolutions,Fintech,United States,North America,Mid,Remote,145500,"Data Visualization, Excel, PyTorch, R",4,46.0,AngelList,2025-07-11
JOB00478,Machine Learning Engineer,NimbusIntelligence,Government,France,Europe,Mid,Remote,122000,"A/B Testing, ETL, Prompt Engineering, PyTorch, TensorFlow",5,38.0,CompanyWebsite,2025-08-16
JOB00479,AI Research Engineer,NimbusAI,Cybersecurity,Pakistan,South Asia,Entry,Remote,27500,"A/B Testing, Azure ML, LLMs, NLP, Power BI, scikit-learn",6,74.0,LinkedIn,2025-05-01
JOB00480,Machine Learning Engineer,QuantumData,Cybersecurity,Germany,Europe,Senior,Remote,171500,"AWS, PyTorch, Python, SQL, Tableau",5,24.0,LinkedIn,2025-10-22
JOB00481,AI Ethics Analyst,PrismGroup,E-commerce,United Kingdom,Europe,Mid,On-site,70500,"Data Visualization, NLP, Power BI, scikit-learn",4,33.0,Indeed,2025-04-03
JOB00482,Data Engineer (AI Systems),ZenithTechnologies,Healthcare,India,South Asia,Senior,Remote,71500,"Generative AI, MLOps, R",3,28.0,LinkedIn,2025-10-07
JOB00483,NLP Engineer,VertexWorks,Education,Canada,North America,Entry,Remote,87000,"A/B Testing, NLP, PyTorch, Python, R, SQL",6,99.0,LinkedIn,2025-06-10
JOB00484,Prompt Engineer,ArcGroup,Manufacturing,France,Europe,Senior,On-site,102000,"Azure ML, Computer Vision, Excel, PyTorch",4,19.0,Glassdoor,2025-12-14
JOB00485,Applied Scientist,VantageSystems,Education,Netherlands,Europe,Senior,Remote,201500,"Computer Vision, Docker, Power BI, Prompt Engineering, Python, scikit-learn",6,19.0,Indeed,2025-04-09
JOB00486,Prompt Engineer,VertexWorks,Manufacturing,India,South Asia,Entry,On-site,23000,"Excel, MLOps, Statistics, TensorFlow, scikit-learn",5,45.0,LinkedIn,2025-12-30
JOB00487,Computer Vision Engineer,OrbitTechnologies,Consulting,Australia,Oceania,Entry,Remote,77000,"Computer Vision, Docker, Generative AI",3,83.0,Indeed,2025-01-23
JOB00488,AI Product Analyst,PulseData,Healthcare,United States,North America,Mid,Hybrid,88500,"A/B Testing, NLP, Power BI, Python, Statistics",5,34.0,Indeed,2025-04-29
JOB00489,Computer Vision Engineer,DeltaTechnologies,Education,United States,North America,Mid,Remote,138500,"Generative AI, LLMs, Prompt Engineering, PyTorch, scikit-learn",5,66.0,LinkedIn,2025-05-22
JOB00490,Applied Scientist,LumenSolutions,Education,Pakistan,South Asia,Mid,Remote,62000,"A/B Testing, Azure ML, Computer Vision, MLOps",4,41.0,LinkedIn,2025-01-15
JOB00491,AI Solutions Consultant,VertexWorks,Media & Entertainment,Pakistan,South Asia,Mid,On-site,41500,"Azure ML, ETL, MLOps, PyTorch, Tableau, TensorFlow",6,30.0,LinkedIn,2025-10-16
JOB00492,AI Data Analyst,PulseIntelligence,Cybersecurity,United Kingdom,Europe,Entry,On-site,46500,"Azure ML, Excel, MLOps, NLP",4,46.0,LinkedIn,2025-05-13
JOB00493,AI Solutions Consultant,ZenithLabs,Manufacturing,United Kingdom,Europe,Senior,On-site,107000,"Docker, Python, TensorFlow",3,15.0,Indeed,2025-12-21
JOB00494,Generative AI Developer,AtlasData,Education,Poland,Europe,Mid,Remote,147000,"AWS, SQL, Statistics, scikit-learn",4,34.0,CompanyWebsite,2025-07-18
JOB00495,Computer Vision Engineer,VantageWorks,Cybersecurity,United Kingdom,Europe,Senior,On-site,205500,"Computer Vision, MLOps, NLP, R, SQL, TensorFlow",6,,LinkedIn,2025-02-28
JOB00496,Machine Learning Engineer,ZenithGroup,Cybersecurity,Australia,Oceania,Senior,On-site,218000,"NLP, Tableau, TensorFlow",3,10.0,Indeed,2025-10-29
JOB00497,Data Engineer (AI Systems),OrbitWorks,Government,United States,North America,Senior,Hybrid,194500,"Docker, Prompt Engineering, Statistics",3,12.0,Indeed,2025-10-19
JOB00498,Machine Learning Engineer,VantageAI,Healthcare,Germany,Europe,Mid,Remote,110500,"Docker, Generative AI, Statistics, Tableau",4,45.0,Indeed,2025-06-16
JOB00499,Business Intelligence Analyst (AI),HelixSolutions,Education,Australia,Oceania,Senior,Remote,131500,"Excel, LLMs, PyTorch",3,23.0,AngelList,2025-01-30
JOB00500,Computer Vision Engineer,NovaSystems,Fintech,Singapore,Southeast Asia,Mid,Hybrid,92500,"Excel, LLMs, PyTorch",3,35.0,CompanyWebsite,2025-01-20
JOB00501,AI Ethics Analyst,AtlasWorks,Telecom,United Kingdom,Europe,Entry,Remote,66000,"Computer Vision, Data Visualization, LLMs, Power BI, Prompt Engineering",5,81.0,LinkedIn,2025-01-07
JOB00502,AI Ethics Analyst,QuantumIntelligence,Healthcare,Singapore,Southeast Asia,Senior,Remote,91000,"Computer Vision, ETL, Statistics",3,31.0,LinkedIn,2025-04-19
JOB00503,NLP Engineer,DeltaTechnologies,Manufacturing,United States,North America,Entry,On-site,107500,"A/B Testing, Excel, Generative AI, NLP, scikit-learn",5,45.0,Indeed,2025-03-26
JOB00504,AI Data Analyst,VertexSystems,Healthcare,Canada,North America,Entry,Remote,41500,"Data Visualization, Prompt Engineering, Statistics",3,78.0,Glassdoor,2025-04-27
JOB00505,AI Ethics Analyst,ZenithAnalytics,Manufacturing,France,Europe,Entry,On-site,49500,"AWS, Azure ML, Statistics, Tableau, scikit-learn",5,51.0,Indeed,2025-08-15
JOB00506,Applied Scientist,ArcGroup,Manufacturing,Netherlands,Europe,Entry,Remote,66500,"AWS, Prompt Engineering, Tableau",3,67.0,LinkedIn,2025-12-28
JOB00507,Applied Scientist,VantageWorks,Consulting,Pakistan,South Asia,Senior,Remote,73500,"Computer Vision, LLMs, SQL, Statistics, TensorFlow, scikit-learn",6,19.0,LinkedIn,2025-11-07
JOB00508,Data Engineer (AI Systems),PrismAnalytics,Education,Pakistan,South Asia,Mid,Hybrid,41500,"Computer Vision, Excel, Power BI, PyTorch",4,43.0,LinkedIn,2025-07-16
JOB00509,Computer Vision Engineer,LumenSystems,Government,Netherlands,Europe,Mid,Remote,142000,"ETL, Excel, Python, TensorFlow",4,41.0,CompanyWebsite,2025-04-11
JOB00510,Computer Vision Engineer,NovaWorks,Fintech,Netherlands,Europe,Mid,Hybrid,120000,"Data Visualization, ETL, Generative AI, scikit-learn",4,44.0,LinkedIn,2025-07-20
JOB00511,Computer Vision Engineer,CortexAI,E-commerce,United States,North America,Entry,Remote,88500,"Azure ML, Docker, R",3,81.0,AngelList,2025-09-21
JOB00512,Business Intelligence Analyst (AI),CortexWorks,Cybersecurity,India,South Asia,Entry,Hybrid,16000,"Azure ML, Excel, MLOps, Python, R",5,45.0,Glassdoor,2025-07-18
JOB00513,AI Ethics Analyst,DeltaGroup,Manufacturing,UAE,Middle East,Mid,Remote,89000,"LLMs, Python, Statistics, Tableau, scikit-learn",5,55.0,LinkedIn,2025-07-28
JOB00514,Data Scientist,NimbusGroup,Government,United States,North America,Entry,Hybrid,102500,"MLOps, NLP, Prompt Engineering",3,58.0,LinkedIn,2025-02-17
JOB00515,Business Intelligence Analyst (AI),VantageSolutions,Manufacturing,United Kingdom,Europe,Mid,Remote,77500,"Azure ML, ETL, Generative AI, R",4,61.0,LinkedIn,2025-08-20
JOB00516,NLP Engineer,NovaAI,Fintech,UAE,Middle East,Senior,On-site,136500,"A/B Testing, PyTorch, SQL, Statistics",4,8.0,LinkedIn,2025-08-19
JOB00517,Applied Scientist,ArcAI,Cybersecurity,Singapore,Southeast Asia,Entry,Remote,73500,"AWS, Computer Vision, Docker, MLOps, Power BI",5,80.0,LinkedIn,2025-08-07
JOB00518,Computer Vision Engineer,OrbitIntelligence,E-commerce,Singapore,Southeast Asia,Senior,On-site,155000,"Computer Vision, ETL, Excel, LLMs, Prompt Engineering",5,14.0,CompanyWebsite,2025-12-25
JOB00519,AI Data Analyst,OrbitSolutions,Cybersecurity,India,South Asia,Entry,Remote,16000,"ETL, Power BI, R",3,86.0,CompanyWebsite,2025-04-11
JOB00520,Prompt Engineer,LumenWorks,Education,India,South Asia,Senior,Remote,50500,"Docker, NLP, SQL, Tableau, scikit-learn",5,31.0,LinkedIn,2025-01-18
JOB00521,AI Solutions Consultant,VantageTechnologies,Consulting,Ireland,Europe,Entry,Remote,56000,"LLMs, NLP, Prompt Engineering, Python, SQL",5,82.0,Indeed,2025-08-10
JOB00522,AI Data Analyst,VertexGroup,Government,Germany,Europe,Entry,Hybrid,44000,"A/B Testing, Azure ML, ETL, LLMs, Python, TensorFlow",6,62.0,LinkedIn,2025-02-21
JOB00523,Applied Scientist,ArcAI,Government,Australia,Oceania,Entry,Hybrid,114000,"Generative AI, MLOps, Prompt Engineering, Statistics",4,58.0,Glassdoor,2025-10-18
JOB00524,Business Intelligence Analyst (AI),PulseLabs,Manufacturing,United Kingdom,Europe,Lead,On-site,128500,"Azure ML, Computer Vision, Data Visualization, Docker, LLMs, Python",6,5.0,AngelList,2025-09-03
JOB00525,NLP Engineer,OrbitData,Manufacturing,United Kingdom,Europe,Senior,Remote,188500,"A/B Testing, MLOps, Prompt Engineering",3,25.0,Indeed,2025-01-12
JOB00526,MLOps Engineer,DeltaIntelligence,Education,Germany,Europe,Mid,Hybrid,140000,"A/B Testing, Generative AI, Python, R, Tableau, TensorFlow",6,26.0,Indeed,2025-06-09
JOB00527,AI Solutions Consultant,OrbitSolutions,Education,United States,North America,Entry,Hybrid,74500,"MLOps, NLP, Power BI, PyTorch, SQL, scikit-learn",6,48.0,LinkedIn,2025-01-01
JOB00528,Business Intelligence Analyst (AI),NovaGroup,E-commerce,Netherlands,Europe,Senior,On-site,106500,"A/B Testing, Docker, Generative AI, PyTorch, Python, R",6,19.0,Indeed,2025-11-25
JOB00529,AI Product Analyst,PulseWorks,Healthcare,United States,North America,Mid,Hybrid,106500,"Excel, MLOps, Prompt Engineering, PyTorch, TensorFlow",5,25.0,LinkedIn,2025-02-14
JOB00530,Machine Learning Engineer,NimbusSystems,Telecom,Australia,Oceania,Mid,Hybrid,119000,"Prompt Engineering, R, SQL",3,39.0,CompanyWebsite,2025-04-18
JOB00531,Generative AI Developer,ZenithIntelligence,Cybersecurity,Pakistan,South Asia,Senior,Hybrid,75500,"Docker, Prompt Engineering, Tableau",3,23.0,LinkedIn,2025-11-10
JOB00532,Applied Scientist,VantageWorks,Government,Germany,Europe,Entry,Remote,85000,"Docker, Excel, Prompt Engineering, R, SQL, TensorFlow",6,66.0,LinkedIn,2025-01-12
JOB00533,Data Engineer (AI Systems),ArcTechnologies,E-commerce,France,Europe,Entry,Hybrid,77500,"A/B Testing, Computer Vision, ETL, Excel, MLOps",5,53.0,Indeed,2025-07-27
JOB00534,Data Scientist,OrbitLabs,Telecom,India,South Asia,Entry,On-site,31000,"Computer Vision, Generative AI, NLP, PyTorch, scikit-learn",5,40.0,LinkedIn,2025-09-27
JOB00535,Prompt Engineer,LumenWorks,Fintech,Poland,Europe,Entry,Remote,62000,"PyTorch, Python, R, TensorFlow",4,77.0,Indeed,2025-03-09
JOB00536,AI Ethics Analyst,VantageData,Fintech,Canada,North America,Entry,On-site,62500,"Docker, MLOps, Power BI, Prompt Engineering, SQL",5,37.0,Indeed,2025-01-07
JOB00537,Generative AI Developer,ArcAnalytics,Fintech,United States,North America,Entry,Remote,82500,"Docker, MLOps, SQL",3,71.0,Indeed,2025-07-13
JOB00538,NLP Engineer,DeltaData,Media & Entertainment,Pakistan,South Asia,Entry,Remote,28500,"Computer Vision, Excel, Generative AI, SQL",4,66.0,LinkedIn,2025-02-07
JOB00539,MLOps Engineer,CortexTechnologies,Manufacturing,United States,North America,Lead,Remote,307000,"A/B Testing, Azure ML, ETL, MLOps, NLP, Prompt Engineering",6,8.0,LinkedIn,2025-01-07
JOB00540,Applied Scientist,NimbusData,Manufacturing,Singapore,Southeast Asia,Lead,On-site,186000,"Excel, Generative AI, R",3,5.0,AngelList,2025-10-24
JOB00541,AI Ethics Analyst,ZenithAI,E-commerce,France,Europe,Entry,Remote,54000,"Azure ML, PyTorch, TensorFlow",3,67.0,Indeed,2025-02-01
JOB00542,Prompt Engineer,OrbitLabs,Media & Entertainment,France,Europe,Mid,Remote,99000,"Azure ML, Data Visualization, ETL, Excel, NLP, R",6,53.0,LinkedIn,2025-11-01
JOB00543,MLOps Engineer,QuantumWorks,Healthcare,Australia,Oceania,Entry,Remote,80000,"Docker, Power BI, R, Tableau",4,66.0,Glassdoor,2025-10-24
JOB00544,AI Data Analyst,VertexSolutions,Manufacturing,India,South Asia,Senior,On-site,37000,"A/B Testing, Docker, Generative AI, LLMs, NLP, Power BI",6,16.0,CompanyWebsite,2025-03-15
JOB00545,Generative AI Developer,HelixIntelligence,Cybersecurity,United States,North America,Senior,Remote,221000,"LLMs, R, Tableau, TensorFlow",4,22.0,LinkedIn,2025-01-15
JOB00546,AI Ethics Analyst,LumenData,Telecom,Pakistan,South Asia,Mid,On-site,34000,"Excel, LLMs, MLOps, NLP, Power BI, SQL",6,31.0,Indeed,2025-10-06
JOB00547,Data Engineer (AI Systems),PulseGroup,Healthcare,United Kingdom,Europe,Lead,Hybrid,253500,"A/B Testing, Docker, ETL, R, scikit-learn",5,5.0,LinkedIn,2025-09-09
JOB00548,Machine Learning Engineer,PulseSystems,Manufacturing,India,South Asia,Entry,Hybrid,31500,"ETL, Excel, MLOps, R, Tableau, TensorFlow",6,62.0,Indeed,2025-05-24
JOB00549,Applied Scientist,QuantumSystems,Media & Entertainment,UAE,Middle East,Mid,Remote,126500,"Docker, NLP, Python, Tableau",4,50.0,Indeed,2025-11-07
JOB00550,MLOps Engineer,LumenIntelligence,Consulting,Brazil,South America,Mid,Remote,56500,"AWS, MLOps, TensorFlow",3,51.0,AngelList,2025-01-28
JOB00551,Applied Scientist,PrismSystems,Cybersecurity,United States,North America,Mid,Remote,189000,"Data Visualization, ETL, PyTorch",3,37.0,LinkedIn,2025-01-05
JOB00552,MLOps Engineer,HelixGroup,Telecom,Australia,Oceania,Entry,Remote,91500,"A/B Testing, AWS, Computer Vision, PyTorch, Python",5,71.0,Glassdoor,2025-08-08
JOB00553,Data Scientist,VertexTechnologies,Media & Entertainment,United States,North America,Lead,Hybrid,247000,"A/B Testing, ETL, Excel, NLP",4,13.0,LinkedIn,2025-11-19
JOB00554,AI Ethics Analyst,NimbusSolutions,Education,United Kingdom,Europe,Entry,Remote,46000,"Generative AI, MLOps, PyTorch, Statistics",4,63.0,LinkedIn,2025-10-28
JOB00555,Prompt Engineer,PulseSolutions,Manufacturing,Singapore,Southeast Asia,Mid,On-site,64000,"Computer Vision, Docker, Excel, MLOps, TensorFlow, scikit-learn",6,31.0,CompanyWebsite,2025-12-01
JOB00556,AI Solutions Consultant,ArcWorks,Media & Entertainment,Canada,North America,Mid,On-site,128000,"AWS, Data Visualization, SQL, Statistics, Tableau",5,26.0,Indeed,2025-07-16
JOB00557,Applied Scientist,QuantumAnalytics,Manufacturing,United States,North America,Mid,On-site,179000,"Azure ML, Computer Vision, Generative AI, TensorFlow",4,37.0,LinkedIn,2025-01-17
JOB00558,Business Intelligence Analyst (AI),VantageSystems,Cybersecurity,Poland,Europe,Entry,Hybrid,39500,"AWS, Azure ML, PyTorch",3,57.0,LinkedIn,2025-04-20
JOB00559,Generative AI Developer,LumenGroup,Government,Australia,Oceania,Mid,On-site,161500,"ETL, SQL, TensorFlow",3,27.0,Glassdoor,2025-03-01
JOB00560,NLP Engineer,NovaAnalytics,E-commerce,India,South Asia,Mid,On-site,49000,"A/B Testing, Power BI, Python, Tableau",4,30.0,LinkedIn,2025-03-26
JOB00561,AI Solutions Consultant,VertexTechnologies,Cybersecurity,France,Europe,Mid,Remote,104000,"Computer Vision, Statistics, scikit-learn",3,41.0,LinkedIn,2025-05-11
JOB00562,Computer Vision Engineer,DeltaIntelligence,Consulting,United States,North America,Mid,Remote,177000,"Azure ML, ETL, Excel, Prompt Engineering, Tableau",5,46.0,CompanyWebsite,2025-07-26
JOB00563,MLOps Engineer,PulseData,Cybersecurity,Pakistan,South Asia,Lead,On-site,99500,"AWS, ETL, LLMs, NLP, PyTorch, Tableau",6,8.0,LinkedIn,2025-08-29
JOB00564,Data Scientist,NovaLabs,Media & Entertainment,Germany,Europe,Senior,Remote,176000,"Azure ML, LLMs, Power BI",3,24.0,Glassdoor,2025-09-08
JOB00565,AI Solutions Consultant,HelixAnalytics,Fintech,United Kingdom,Europe,Senior,Hybrid,168000,"A/B Testing, ETL, LLMs, MLOps, Power BI, R",6,17.0,LinkedIn,2025-10-28
JOB00566,NLP Engineer,ZenithIntelligence,Fintech,Canada,North America,Mid,On-site,165500,"Azure ML, Data Visualization, Prompt Engineering, Python, SQL, Statistics",6,31.0,LinkedIn,2025-03-19
JOB00567,AI Ethics Analyst,DeltaSystems,Telecom,Canada,North America,Mid,Remote,111500,"Computer Vision, Docker, Excel, PyTorch",4,41.0,Indeed,2025-05-29
JOB00568,Prompt Engineer,QuantumData,Education,United Kingdom,Europe,Senior,Hybrid,142000,"A/B Testing, Data Visualization, LLMs, Python, R",5,20.0,LinkedIn,2025-03-14
JOB00569,Generative AI Developer,DeltaSystems,Healthcare,Singapore,Southeast Asia,Entry,Remote,78500,"ETL, Generative AI, NLP, Statistics",4,73.0,CompanyWebsite,2025-04-22
JOB00570,MLOps Engineer,LumenAnalytics,E-commerce,France,Europe,Entry,Hybrid,65500,"A/B Testing, AWS, Computer Vision, ETL, Tableau",5,49.0,Indeed,2025-07-26
JOB00571,Computer Vision Engineer,NovaWorks,Education,Brazil,South America,Mid,Hybrid,73000,"Computer Vision, LLMs, NLP",3,39.0,Indeed,2025-06-02
JOB00572,AI Ethics Analyst,VertexSolutions,Government,Brazil,South America,Senior,Hybrid,76000,"ETL, Excel, Statistics",3,22.0,Indeed,2025-03-10
JOB00573,Computer Vision Engineer,PrismSolutions,Government,United Kingdom,Europe,Entry,On-site,69500,"Power BI, SQL, scikit-learn",3,41.0,AngelList,2025-01-06
JOB00574,AI Ethics Analyst,QuantumTechnologies,Healthcare,Canada,North America,Lead,Hybrid,194500,"Computer Vision, Data Visualization, Excel",3,9.0,LinkedIn,2025-10-13
JOB00575,Data Engineer (AI Systems),HelixAI,Government,United States,North America,Senior,On-site,191000,"Data Visualization, Generative AI, Prompt Engineering, TensorFlow",4,16.0,LinkedIn,2025-04-19
JOB00576,Applied Scientist,VertexLabs,E-commerce,Pakistan,South Asia,Mid,On-site,53500,"Azure ML, Excel, LLMs, Prompt Engineering, Python",5,27.0,Indeed,2025-10-19
JOB00577,Computer Vision Engineer,NovaSystems,E-commerce,India,South Asia,Mid,Remote,44000,"AWS, Computer Vision, Generative AI, Power BI, Prompt Engineering, Statistics",6,56.0,CompanyWebsite,2025-10-08
JOB00578,AI Research Engineer,OrbitData,Consulting,Australia,Oceania,Mid,On-site,155500,"Docker, Generative AI, NLP, Power BI, Python",5,22.0,Indeed,2025-10-11
JOB00579,Computer Vision Engineer,LumenGroup,E-commerce,Ireland,Europe,Entry,On-site,86500,"A/B Testing, AWS, Prompt Engineering, scikit-learn",4,56.0,CompanyWebsite,2025-01-04
JOB00580,AI Product Analyst,ArcGroup,Media & Entertainment,United States,North America,Mid,Remote,99500,"AWS, Azure ML, Data Visualization, ETL, PyTorch, Python",6,31.0,LinkedIn,2025-08-22
JOB00581,AI Data Analyst,ArcIntelligence,Media & Entertainment,Canada,North America,Entry,On-site,50500,"MLOps, Python, Tableau",3,41.0,LinkedIn,2025-12-20
JOB00582,AI Ethics Analyst,HelixSystems,Education,France,Europe,Senior,Hybrid,111500,"Azure ML, Docker, Excel, Prompt Engineering, TensorFlow",5,17.0,Indeed,2025-09-26
JOB00583,MLOps Engineer,OrbitData,E-commerce,UAE,Middle East,Entry,Hybrid,66500,"Azure ML, ETL, Excel, NLP, R, Tableau",6,78.0,LinkedIn,2025-07-04
JOB00584,AI Data Analyst,NovaSolutions,Telecom,United Kingdom,Europe,Mid,Remote,61000,"Docker, MLOps, Prompt Engineering, PyTorch, Python",5,49.0,LinkedIn,2025-06-09
JOB00585,AI Product Analyst,ArcGroup,Fintech,UAE,Middle East,Mid,Remote,68000,"A/B Testing, Computer Vision, Docker, Generative AI, SQL, Statistics",6,52.0,Glassdoor,2025-05-11
JOB00586,AI Research Engineer,PrismAnalytics,E-commerce,India,South Asia,Entry,Remote,33500,"Docker, Excel, SQL",3,79.0,Glassdoor,2025-08-19
JOB00587,Applied Scientist,CortexData,Media & Entertainment,Australia,Oceania,Mid,Remote,177000,"AWS, ETL, MLOps, PyTorch, Python, Statistics",6,39.0,Glassdoor,2025-05-02
JOB00588,AI Research Engineer,NovaData,Healthcare,Germany,Europe,Mid,Remote,150000,"NLP, Tableau, TensorFlow, scikit-learn",4,43.0,AngelList,2025-09-07
JOB00589,NLP Engineer,OrbitGroup,Education,Australia,Oceania,Lead,Remote,327000,"Excel, Prompt Engineering, Tableau",3,10.0,LinkedIn,2025-11-03
JOB00590,AI Solutions Consultant,CortexWorks,Telecom,Singapore,Southeast Asia,Entry,Hybrid,43000,"Docker, ETL, SQL, TensorFlow",4,52.0,Glassdoor,2025-12-25
JOB00591,AI Data Analyst,NimbusAnalytics,Media & Entertainment,Pakistan,South Asia,Senior,Hybrid,27500,"Docker, ETL, Excel, LLMs, PyTorch",5,20.0,LinkedIn,2025-10-08
JOB00592,AI Data Analyst,PulseTechnologies,E-commerce,United States,North America,Senior,Hybrid,119500,"LLMs, Power BI, TensorFlow",3,16.0,LinkedIn,2025-07-20
JOB00593,Data Scientist,NovaAI,Telecom,United States,North America,Entry,Remote,76500,"Azure ML, NLP, Power BI, SQL",4,68.0,LinkedIn,2025-09-10
JOB00594,Business Intelligence Analyst (AI),LumenSystems,Consulting,United States,North America,Senior,Hybrid,138500,"A/B Testing, Docker, NLP, R, Statistics",5,16.0,Glassdoor,2025-05-13
JOB00595,AI Ethics Analyst,OrbitAI,Telecom,India,South Asia,Entry,Hybrid,21000,"ETL, Excel, NLP, Prompt Engineering, Python, R",6,65.0,LinkedIn,2025-09-24
JOB00596,AI Ethics Analyst,VertexData,Consulting,France,Europe,Senior,Hybrid,125500,"ETL, Prompt Engineering, PyTorch, R, Tableau, TensorFlow",6,13.0,CompanyWebsite,2025-08-05
JOB00597,Generative AI Developer,OrbitTechnologies,Education,Germany,Europe,Senior,On-site,190500,"Data Visualization, Generative AI, Prompt Engineering, R, SQL, TensorFlow",6,11.0,Indeed,2025-07-04
JOB00598,Data Scientist,LumenWorks,Healthcare,Australia,Oceania,Entry,Hybrid,83500,"Computer Vision, Data Visualization, scikit-learn",3,70.0,Indeed,2025-11-19
JOB00599,AI Product Analyst,NimbusWorks,Manufacturing,Ireland,Europe,Mid,Hybrid,81500,"Statistics, Tableau, scikit-learn",3,44.0,LinkedIn,2025-12-20
JOB00600,AI Data Analyst,QuantumTechnologies,Cybersecurity,India,South Asia,Senior,On-site,42000,"Data Visualization, Docker, Generative AI, NLP, Python, scikit-learn",6,20.0,AngelList,2025-10-10
JOB00601,AI Ethics Analyst,LumenSolutions,Government,India,South Asia,Senior,On-site,53000,"Excel, Python, SQL, Statistics, Tableau",5,13.0,Glassdoor,2025-07-28
JOB00602,Data Engineer (AI Systems),DeltaWorks,Fintech,India,South Asia,Entry,Hybrid,26000,"Docker, MLOps, NLP",3,,LinkedIn,2025-08-06
JOB00603,Data Scientist,NimbusTechnologies,Cybersecurity,Germany,Europe,Entry,Remote,69000,"Docker, ETL, PyTorch, Python, Tableau",5,74.0,Indeed,2025-07-24
JOB00604,AI Product Analyst,ZenithAnalytics,Consulting,United States,North America,Mid,Remote,108500,"Prompt Engineering, R, Statistics, Tableau",4,59.0,LinkedIn,2025-10-09
JOB00605,Computer Vision Engineer,VantageAI,Telecom,India,South Asia,Lead,Hybrid,57000,"Docker, ETL, Generative AI, PyTorch, Python",5,7.0,LinkedIn,2025-01-30
JOB00606,Data Scientist,ArcLabs,Education,Singapore,Southeast Asia,Senior,Remote,123000,"A/B Testing, Azure ML, Computer Vision, PyTorch, R, SQL",6,24.0,LinkedIn,2025-08-14
JOB00607,Prompt Engineer,DeltaWorks,Manufacturing,Canada,North America,Senior,Hybrid,186500,"NLP, Python, R, SQL",4,31.0,LinkedIn,2025-04-02
JOB00608,Computer Vision Engineer,HelixWorks,Manufacturing,Poland,Europe,Entry,Remote,93000,"AWS, Azure ML, LLMs, MLOps, Python, Tableau",6,61.0,CompanyWebsite,2025-02-12
JOB00609,Business Intelligence Analyst (AI),CortexWorks,Government,United States,North America,Senior,Hybrid,144000,"A/B Testing, NLP, Prompt Engineering",3,18.0,LinkedIn,2025-09-04
JOB00610,Data Engineer (AI Systems),CortexIntelligence,Cybersecurity,United States,North America,Mid,Remote,118000,"ETL, MLOps, NLP, Tableau",4,60.0,Glassdoor,2025-04-27
JOB00611,Generative AI Developer,CortexGroup,Education,India,South Asia,Entry,Remote,32500,"AWS, Data Visualization, ETL",3,79.0,LinkedIn,2025-10-11
JOB00612,Generative AI Developer,QuantumGroup,Cybersecurity,Poland,Europe,Senior,Remote,189000,"A/B Testing, AWS, Docker, ETL, Power BI, Tableau",6,31.0,LinkedIn,2025-12-06
JOB00613,AI Ethics Analyst,VantageLabs,Government,UAE,Middle East,Entry,Hybrid,50500,"A/B Testing, Data Visualization, Docker, Generative AI, Power BI, R",6,72.0,LinkedIn,2025-11-06
JOB00614,AI Solutions Consultant,OrbitSystems,Government,UAE,Middle East,Mid,Hybrid,83500,"Data Visualization, LLMs, MLOps, Statistics, TensorFlow",5,35.0,CompanyWebsite,2025-07-10
JOB00615,Machine Learning Engineer,ZenithTechnologies,Consulting,Netherlands,Europe,Entry,On-site,62000,"Data Visualization, Power BI, Python, TensorFlow",4,40.0,Indeed,2025-09-14
JOB00616,AI Research Engineer,ZenithLabs,Telecom,Germany,Europe,Lead,Hybrid,243500,"Azure ML, Prompt Engineering, scikit-learn",3,13.0,Indeed,2025-12-04
JOB00617,Machine Learning Engineer,PulseIntelligence,Education,Pakistan,South Asia,Mid,Hybrid,52500,"A/B Testing, Excel, Python, R",4,30.0,LinkedIn,2025-07-30
JOB00618,AI Data Analyst,VertexSolutions,Fintech,United States,North America,Entry,On-site,48000,"A/B Testing, NLP, Power BI, Prompt Engineering, Python",5,43.0,Indeed,2025-08-07
JOB00619,NLP Engineer,PulseAI,Cybersecurity,United Kingdom,Europe,Mid,Hybrid,136000,"ETL, LLMs, MLOps, Prompt Engineering, Tableau, scikit-learn",6,38.0,Glassdoor,2025-01-05
JOB00620,MLOps Engineer,PulseLabs,Cybersecurity,UAE,Middle East,Entry,Hybrid,53500,"A/B Testing, AWS, Data Visualization, ETL, TensorFlow",5,55.0,CompanyWebsite,2025-12-15
JOB00621,AI Research Engineer,VertexWorks,Government,United States,North America,Senior,Hybrid,251000,"Docker, Excel, Power BI, Prompt Engineering",4,19.0,Indeed,2025-12-09
JOB00622,AI Research Engineer,DeltaTechnologies,Telecom,Pakistan,South Asia,Entry,Hybrid,38500,"ETL, Power BI, TensorFlow",3,60.0,Indeed,2025-05-08
JOB00623,Data Scientist,AtlasTechnologies,Healthcare,Canada,North America,Mid,Remote,151000,"A/B Testing, Computer Vision, Data Visualization, LLMs, NLP, TensorFlow",6,41.0,CompanyWebsite,2025-09-20
JOB00624,AI Data Analyst,CortexData,Healthcare,United States,North America,Senior,On-site,109000,"ETL, LLMs, Python, scikit-learn",4,16.0,Indeed,2025-05-26
JOB00625,Data Engineer (AI Systems),VertexSystems,Telecom,United Kingdom,Europe,Mid,Remote,109000,"A/B Testing, ETL, Prompt Engineering, PyTorch",4,67.0,Indeed,2025-06-20
JOB00626,Computer Vision Engineer,VertexGroup,Cybersecurity,United States,North America,Senior,Hybrid,175000,"Azure ML, Computer Vision, Data Visualization, Python",4,24.0,LinkedIn,2025-02-09
JOB00627,Applied Scientist,NovaWorks,Education,United Kingdom,Europe,Mid,Remote,168000,"AWS, Azure ML, Docker",3,56.0,CompanyWebsite,2025-12-05
JOB00628,Applied Scientist,ArcSystems,E-commerce,United States,North America,Entry,Remote,102500,"Docker, MLOps, Prompt Engineering, PyTorch, Python",5,79.0,Glassdoor,2025-05-17
JOB00629,Computer Vision Engineer,PulseLabs,Government,India,South Asia,Entry,Remote,31500,"AWS, NLP, Tableau, TensorFlow",4,64.0,Glassdoor,2025-04-09
JOB00630,Generative AI Developer,OrbitSystems,Media & Entertainment,United States,North America,Senior,Hybrid,278500,"A/B Testing, AWS, Excel, SQL, Statistics, TensorFlow",6,25.0,CompanyWebsite,2025-01-17
JOB00631,AI Solutions Consultant,OrbitWorks,Cybersecurity,Australia,Oceania,Lead,Hybrid,143000,"MLOps, Power BI, Statistics",3,7.0,LinkedIn,2025-12-16
JOB00632,AI Solutions Consultant,DeltaLabs,Consulting,Pakistan,South Asia,Entry,On-site,20500,"Azure ML, Computer Vision, Prompt Engineering, Python",4,41.0,LinkedIn,2025-12-04
JOB00633,Prompt Engineer,VantageTechnologies,Manufacturing,Canada,North America,Mid,Remote,115000,"A/B Testing, Docker, ETL, Power BI, PyTorch, R",6,48.0,AngelList,2025-05-01
JOB00634,Business Intelligence Analyst (AI),VertexAI,Fintech,United States,North America,Entry,Hybrid,61000,"Excel, Generative AI, NLP, Python, Tableau",5,62.0,LinkedIn,2025-07-19
JOB00635,Generative AI Developer,CortexLabs,Fintech,India,South Asia,Entry,Hybrid,29000,"AWS, Azure ML, R, Statistics",4,57.0,Indeed,2025-06-05
JOB00636,Prompt Engineer,PrismTechnologies,Manufacturing,United Kingdom,Europe,Lead,Hybrid,168000,"Computer Vision, Excel, MLOps, Power BI, Python",5,13.0,LinkedIn,2025-04-06
JOB00637,Computer Vision Engineer,PrismSystems,Telecom,Netherlands,Europe,Lead,Hybrid,240500,"AWS, ETL, PyTorch, TensorFlow",4,15.0,Indeed,2025-05-31
JOB00638,Prompt Engineer,PulseSolutions,Fintech,Pakistan,South Asia,Mid,Remote,30000,"AWS, Docker, Generative AI",3,34.0,AngelList,2025-09-26
JOB00639,MLOps Engineer,OrbitGroup,E-commerce,Poland,Europe,Senior,Remote,190000,"AWS, ETL, Prompt Engineering, PyTorch",4,30.0,Indeed,2025-08-24
JOB00640,NLP Engineer,NimbusGroup,Healthcare,India,South Asia,Mid,Remote,39500,"Computer Vision, LLMs, NLP, PyTorch, R",5,43.0,AngelList,2025-07-11
JOB00641,NLP Engineer,HelixIntelligence,E-commerce,India,South Asia,Mid,Hybrid,42000,"Azure ML, MLOps, Tableau",3,33.0,LinkedIn,2025-05-21
JOB00642,Data Engineer (AI Systems),ArcWorks,Cybersecurity,France,Europe,Entry,Hybrid,76000,"Data Visualization, NLP, scikit-learn",3,67.0,LinkedIn,2025-07-19
JOB00643,AI Solutions Consultant,HelixTechnologies,Cybersecurity,United Kingdom,Europe,Lead,Hybrid,188500,"A/B Testing, Azure ML, LLMs, Power BI, Prompt Engineering, SQL",6,6.0,Glassdoor,2025-02-25
JOB00644,Prompt Engineer,OrbitAnalytics,Cybersecurity,Pakistan,South Asia,Mid,Remote,31500,"AWS, LLMs, MLOps, SQL, Tableau",5,43.0,Indeed,2025-06-08
JOB00645,Business Intelligence Analyst (AI),QuantumSystems,Cybersecurity,Singapore,Southeast Asia,Mid,Remote,57000,"A/B Testing, AWS, Azure ML, ETL, Prompt Engineering, Python",6,56.0,LinkedIn,2025-01-14
JOB00646,AI Product Analyst,ZenithAnalytics,Fintech,Pakistan,South Asia,Lead,Hybrid,64000,"A/B Testing, Data Visualization, PyTorch, R, SQL, TensorFlow",6,10.0,LinkedIn,2025-06-10
JOB00647,Machine Learning Engineer,ZenithData,Fintech,Germany,Europe,Mid,Hybrid,114500,"Generative AI, Power BI, SQL",3,39.0,Glassdoor,2025-10-26
JOB00648,Generative AI Developer,NimbusAI,Fintech,United States,North America,Mid,Remote,132000,"ETL, Excel, Generative AI, Python, SQL",5,36.0,LinkedIn,2025-02-13
JOB00649,AI Solutions Consultant,CortexIntelligence,E-commerce,India,South Asia,Senior,On-site,52000,"A/B Testing, AWS, Docker, Excel, Power BI, Prompt Engineering",6,14.0,LinkedIn,2025-12-11
JOB00650,Computer Vision Engineer,NimbusData,Media & Entertainment,India,South Asia,Mid,Hybrid,47000,"Azure ML, MLOps, Tableau",3,36.0,Glassdoor,2025-07-04
JOB00651,Applied Scientist,VantageWorks,Government,Canada,North America,Entry,Hybrid,134000,"AWS, Generative AI, Statistics",3,78.0,LinkedIn,2025-09-27
JOB00652,AI Ethics Analyst,DeltaLabs,E-commerce,Pakistan,South Asia,Entry,Remote,19000,"AWS, Docker, Excel, MLOps, NLP, TensorFlow",6,86.0,Glassdoor,2025-07-27
JOB00653,Generative AI Developer,PrismAI,Media & Entertainment,United States,North America,Senior,Remote,279500,"ETL, NLP, Prompt Engineering, Python, TensorFlow",5,19.0,CompanyWebsite,2025-11-20
JOB00654,Generative AI Developer,NimbusGroup,Media & Entertainment,India,South Asia,Mid,Remote,53000,"Computer Vision, Data Visualization, Excel, Generative AI, PyTorch, scikit-learn",6,58.0,LinkedIn,2025-12-18
JOB00655,Business Intelligence Analyst (AI),ArcGroup,Cybersecurity,France,Europe,Mid,Remote,90000,"Computer Vision, Generative AI, NLP, Power BI",4,44.0,Indeed,2025-12-07
JOB00656,AI Data Analyst,NimbusTechnologies,Fintech,UAE,Middle East,Senior,Remote,76000,"AWS, Computer Vision, R",3,23.0,Indeed,2025-07-20
JOB00657,Machine Learning Engineer,ZenithAI,Healthcare,Canada,North America,Entry,Remote,92500,"Azure ML, Computer Vision, Power BI, PyTorch, scikit-learn",5,86.0,AngelList,2025-06-07
JOB00658,Generative AI Developer,HelixIntelligence,E-commerce,India,South Asia,Entry,Hybrid,33500,"A/B Testing, Azure ML, Python, SQL",4,57.0,LinkedIn,2025-06-25
JOB00659,AI Data Analyst,ZenithTechnologies,E-commerce,Canada,North America,Mid,On-site,78000,"Azure ML, NLP, Python, R, SQL, Tableau",6,30.0,LinkedIn,2025-05-03
JOB00660,Computer Vision Engineer,ArcWorks,Fintech,Ireland,Europe,Mid,On-site,120000,"AWS, ETL, Generative AI, NLP, Power BI, PyTorch",6,30.0,Glassdoor,2025-01-08
JOB00661,AI Data Analyst,QuantumAI,Manufacturing,United States,North America,Entry,On-site,65000,"Azure ML, Computer Vision, ETL, Generative AI, SQL, TensorFlow",6,41.0,LinkedIn,2025-05-26
JOB00662,Prompt Engineer,QuantumSolutions,Telecom,France,Europe,Senior,Remote,128500,"Computer Vision, Docker, scikit-learn",3,28.0,Indeed,2025-07-08
JOB00663,AI Data Analyst,AtlasSystems,Government,Canada,North America,Mid,Remote,58500,"A/B Testing, Azure ML, MLOps, Power BI, PyTorch, Python",6,35.0,CompanyWebsite,2025-02-27
JOB00664,AI Data Analyst,VantageData,E-commerce,Poland,Europe,Mid,Hybrid,70500,"Python, SQL, TensorFlow",3,35.0,CompanyWebsite,2025-10-07
JOB00665,Data Engineer (AI Systems),LumenTechnologies,Fintech,Australia,Oceania,Entry,Remote,72500,"AWS, Data Visualization, Docker",3,76.0,LinkedIn,2025-09-13
JOB00666,AI Data Analyst,CortexGroup,Government,Singapore,Southeast Asia,Mid,Hybrid,55500,"Excel, MLOps, Python, R, Statistics",5,38.0,Glassdoor,2025-03-04
JOB00667,MLOps Engineer,PulseSolutions,Manufacturing,Canada,North America,Entry,Hybrid,97000,"A/B Testing, Computer Vision, NLP, Python, R, Statistics",6,51.0,LinkedIn,2025-08-10
JOB00668,Machine Learning Engineer,QuantumGroup,Healthcare,Pakistan,South Asia,Mid,Hybrid,45000,"AWS, Computer Vision, PyTorch, SQL, Statistics",5,44.0,LinkedIn,2025-01-01
JOB00669,Generative AI Developer,PulseGroup,Fintech,India,South Asia,Mid,Remote,40000,"Azure ML, Data Visualization, R",3,43.0,LinkedIn,2025-04-12
JOB00670,Data Engineer (AI Systems),LumenData,E-commerce,United Kingdom,Europe,Entry,On-site,76000,"Azure ML, Docker, MLOps, Python, Tableau",5,45.0,Glassdoor,2025-11-23
JOB00671,AI Solutions Consultant,PrismGroup,Media & Entertainment,Pakistan,South Asia,Lead,Remote,55500,"Computer Vision, Data Visualization, ETL, Generative AI, Python, R",6,7.0,LinkedIn,2025-11-01
JOB00672,Applied Scientist,NimbusWorks,Education,Canada,North America,Mid,Remote,130000,"Azure ML, ETL, LLMs, R, TensorFlow",5,52.0,LinkedIn,2025-01-15
JOB00673,MLOps Engineer,DeltaSystems,Manufacturing,United States,North America,Mid,Hybrid,143000,"Power BI, PyTorch, scikit-learn",3,33.0,LinkedIn,2025-09-21
JOB00674,AI Product Analyst,ZenithTechnologies,Government,United Kingdom,Europe,Entry,On-site,57500,"MLOps, Python, Statistics",3,44.0,Indeed,2025-10-24
JOB00675,Data Scientist,ZenithIntelligence,Media & Entertainment,United States,North America,Mid,Remote,122000,"Data Visualization, Excel, Power BI, Python, Statistics",5,42.0,Indeed,2025-08-27
JOB00676,Prompt Engineer,PulseLabs,Government,United States,North America,Lead,Remote,237500,"AWS, Docker, Power BI, SQL, scikit-learn",5,11.0,LinkedIn,2025-01-05
JOB00677,Business Intelligence Analyst (AI),NimbusLabs,Education,Germany,Europe,Entry,Remote,43000,"A/B Testing, NLP, Power BI, Prompt Engineering, Tableau",5,67.0,Indeed,2025-07-25
JOB00678,AI Solutions Consultant,ArcLabs,Fintech,United States,North America,Entry,Hybrid,81000,"Data Visualization, Docker, ETL, Power BI, scikit-learn",5,66.0,LinkedIn,2025-04-07
JOB00679,Generative AI Developer,ArcSystems,Education,Brazil,South America,Entry,Remote,51500,"A/B Testing, MLOps, Prompt Engineering, R, Tableau, scikit-learn",6,80.0,AngelList,2025-08-28
JOB00680,AI Product Analyst,OrbitAnalytics,Education,United States,North America,Mid,Hybrid,80500,"Computer Vision, Data Visualization, ETL, MLOps, scikit-learn",5,37.0,LinkedIn,2025-01-01
JOB00681,Data Engineer (AI Systems),NimbusSolutions,Fintech,Germany,Europe,Senior,On-site,128000,"Computer Vision, Excel, MLOps, PyTorch, R, SQL",6,9.0,CompanyWebsite,2025-03-02
JOB00682,Applied Scientist,CortexIntelligence,Government,United Kingdom,Europe,Senior,Remote,189500,"Computer Vision, Excel, MLOps, Python, R",5,37.0,Indeed,2025-02-18
JOB00683,AI Product Analyst,ZenithTechnologies,Government,India,South Asia,Entry,Hybrid,18000,"Excel, Generative AI, Power BI",3,51.0,Glassdoor,2025-04-21
JOB00684,AI Solutions Consultant,AtlasTechnologies,Consulting,India,South Asia,Lead,On-site,65500,"Data Visualization, Docker, LLMs, Tableau, scikit-learn",5,5.0,LinkedIn,2025-04-19
JOB00685,MLOps Engineer,QuantumWorks,Education,United States,North America,Entry,Remote,96500,"A/B Testing, Python, scikit-learn",3,74.0,LinkedIn,2025-09-01
JOB00686,Machine Learning Engineer,VantageSolutions,E-commerce,Netherlands,Europe,Senior,Hybrid,174500,"ETL, Python, Statistics",3,17.0,Glassdoor,2025-10-28
JOB00687,AI Research Engineer,DeltaAnalytics,Cybersecurity,United States,North America,Entry,Hybrid,87000,"AWS, LLMs, NLP, PyTorch, Python, Tableau",6,56.0,Glassdoor,2025-01-29
JOB00688,Data Scientist,PrismIntelligence,Fintech,France,Europe,Mid,Hybrid,108500,"Docker, LLMs, Statistics",3,38.0,AngelList,2025-02-23
JOB00689,AI Solutions Consultant,NovaGroup,Healthcare,Canada,North America,Mid,Remote,125000,"Data Visualization, Docker, Excel, Generative AI, scikit-learn",5,38.0,Glassdoor,2025-05-17
JOB00690,Computer Vision Engineer,NovaIntelligence,Government,Canada,North America,Entry,On-site,76500,"AWS, NLP, Python",3,48.0,LinkedIn,2025-02-06
JOB00691,AI Ethics Analyst,PulseAI,Government,India,South Asia,Mid,Hybrid,35500,"Computer Vision, Prompt Engineering, TensorFlow",3,42.0,Glassdoor,2025-01-21
JOB00692,Prompt Engineer,HelixWorks,Telecom,United States,North America,Entry,Hybrid,79500,"AWS, Data Visualization, LLMs, MLOps, R, Statistics",6,57.0,Glassdoor,2025-01-24
JOB00693,MLOps Engineer,PulseGroup,Education,United Kingdom,Europe,Senior,Remote,191000,"A/B Testing, Computer Vision, ETL, Excel, scikit-learn",5,22.0,CompanyWebsite,2025-10-05
JOB00694,AI Data Analyst,QuantumGroup,Fintech,Germany,Europe,Entry,On-site,43000,"AWS, Excel, NLP, PyTorch, Tableau, scikit-learn",6,55.0,AngelList,2025-05-17
JOB00695,Machine Learning Engineer,PulseAnalytics,Fintech,Canada,North America,Entry,Hybrid,102500,"AWS, ETL, Generative AI, R, TensorFlow",5,52.0,Indeed,2025-04-18
JOB00696,AI Ethics Analyst,VertexSystems,Government,Netherlands,Europe,Entry,On-site,62500,"Data Visualization, MLOps, NLP, Statistics, TensorFlow",5,44.0,CompanyWebsite,2025-11-21
JOB00697,AI Data Analyst,ZenithTechnologies,Media & Entertainment,UAE,Middle East,Mid,Remote,60000,"A/B Testing, Docker, ETL, Generative AI",4,50.0,Glassdoor,2025-05-27
JOB00698,Data Engineer (AI Systems),VertexSolutions,Healthcare,France,Europe,Entry,Hybrid,54500,"A/B Testing, Generative AI, MLOps",3,70.0,LinkedIn,2025-09-17
JOB00699,Computer Vision Engineer,PulseAI,Cybersecurity,Germany,Europe,Senior,Hybrid,141500,"AWS, Prompt Engineering, Python, TensorFlow",4,26.0,LinkedIn,2025-06-19
JOB00700,Generative AI Developer,CortexSolutions,Government,France,Europe,Entry,Remote,77500,"Azure ML, Data Visualization, LLMs, PyTorch, Python, R",6,74.0,Indeed,2025-12-13
JOB00701,AI Data Analyst,VantageIntelligence,Manufacturing,United Kingdom,Europe,Senior,Remote,84000,"Azure ML, Computer Vision, MLOps, Prompt Engineering, R, TensorFlow",6,31.0,Indeed,2025-11-23
JOB00702,Data Scientist,PulseLabs,Consulting,Pakistan,South Asia,Entry,Remote,31000,"Azure ML, Docker, ETL, MLOps, Python, TensorFlow",6,85.0,Indeed,2025-09-22
JOB00703,AI Solutions Consultant,VertexIntelligence,Manufacturing,United States,North America,Mid,Hybrid,114500,"Power BI, R, SQL, scikit-learn",4,32.0,LinkedIn,2025-09-17
JOB00704,AI Solutions Consultant,NovaLabs,Manufacturing,Ireland,Europe,Mid,Hybrid,103000,"Data Visualization, Docker, Generative AI, R",4,39.0,LinkedIn,2025-02-25
JOB00705,Machine Learning Engineer,QuantumAI,E-commerce,India,South Asia,Mid,Hybrid,45000,"Data Visualization, Excel, Power BI, Prompt Engineering, Python, scikit-learn",6,32.0,LinkedIn,2025-09-02
JOB00706,MLOps Engineer,DeltaLabs,Telecom,United Kingdom,Europe,Mid,Hybrid,131500,"Data Visualization, MLOps, scikit-learn",3,34.0,Glassdoor,2025-08-17
JOB00707,Business Intelligence Analyst (AI),PrismGroup,Cybersecurity,Canada,North America,Senior,On-site,127000,"A/B Testing, Excel, Python, Statistics, scikit-learn",5,8.0,Indeed,2025-09-11
JOB00708,NLP Engineer,LumenWorks,E-commerce,Netherlands,Europe,Senior,On-site,178000,"Azure ML, Computer Vision, Generative AI",3,16.0,LinkedIn,2025-05-25
JOB00709,AI Ethics Analyst,CortexIntelligence,E-commerce,UAE,Middle East,Mid,Remote,76500,"Azure ML, Prompt Engineering, Python, R, TensorFlow, scikit-learn",6,48.0,Indeed,2025-06-28
JOB00710,Applied Scientist,ZenithTechnologies,Consulting,Brazil,South America,Entry,On-site,53000,"Data Visualization, Power BI, PyTorch, SQL, scikit-learn",5,43.0,LinkedIn,2025-04-03
JOB00711,Generative AI Developer,ZenithSystems,Cybersecurity,UAE,Middle East,Mid,Hybrid,112500,"NLP, R, SQL",3,44.0,Glassdoor,2025-10-14
JOB00712,AI Product Analyst,VertexAI,Fintech,United States,North America,Entry,On-site,71000,"LLMs, NLP, Prompt Engineering, SQL, Statistics",5,54.0,Glassdoor,2025-08-26
JOB00713,Prompt Engineer,VertexLabs,Telecom,Singapore,Southeast Asia,Mid,On-site,85000,"Excel, LLMs, Power BI, SQL, Statistics",5,26.0,Indeed,2025-03-31
JOB00714,AI Ethics Analyst,LumenAI,E-commerce,France,Europe,Lead,On-site,158000,"Data Visualization, Docker, MLOps, TensorFlow",4,8.0,LinkedIn,2025-05-24
JOB00715,Applied Scientist,ArcData,Consulting,UAE,Middle East,Mid,Hybrid,133500,"Computer Vision, Docker, Generative AI, PyTorch, Tableau",5,40.0,CompanyWebsite,2025-04-08
JOB00716,MLOps Engineer,QuantumGroup,Telecom,Germany,Europe,Senior,Hybrid,175000,"AWS, Data Visualization, LLMs, MLOps, SQL, TensorFlow",6,22.0,Indeed,2025-06-06
JOB00717,Data Engineer (AI Systems),QuantumTechnologies,Healthcare,Ireland,Europe,Entry,On-site,70500,"AWS, Data Visualization, LLMs, SQL",4,54.0,Indeed,2025-01-28
JOB00718,AI Ethics Analyst,NovaSystems,Government,UAE,Middle East,Senior,Hybrid,100500,"AWS, ETL, Statistics",3,14.0,LinkedIn,2025-03-16
JOB00719,AI Research Engineer,NovaData,Education,Pakistan,South Asia,Lead,On-site,103500,"A/B Testing, Azure ML, ETL, Generative AI, Prompt Engineering",5,7.0,Indeed,2025-09-23
JOB00720,AI Solutions Consultant,CortexWorks,Media & Entertainment,Singapore,Southeast Asia,Mid,Remote,83000,"Data Visualization, Excel, Generative AI, Prompt Engineering, TensorFlow",5,44.0,CompanyWebsite,2025-10-25
JOB00721,NLP Engineer,QuantumGroup,Telecom,India,South Asia,Entry,Remote,28000,"A/B Testing, AWS, Prompt Engineering",3,85.0,LinkedIn,2025-08-10
JOB00722,Data Engineer (AI Systems),NovaWorks,Government,United Kingdom,Europe,Entry,Remote,60500,"Docker, SQL, scikit-learn",3,,LinkedIn,2025-12-12
JOB00723,Data Engineer (AI Systems),HelixWorks,Fintech,Germany,Europe,Mid,On-site,98500,"AWS, Data Visualization, Docker, Generative AI, Prompt Engineering, TensorFlow",6,28.0,CompanyWebsite,2025-09-25
JOB00724,AI Research Engineer,OrbitData,Fintech,India,South Asia,Entry,Hybrid,30000,"AWS, Computer Vision, Python, R, scikit-learn",5,62.0,CompanyWebsite,2025-03-07
JOB00725,Data Scientist,LumenWorks,Consulting,Germany,Europe,Mid,Remote,116000,"Azure ML, Excel, Prompt Engineering",3,41.0,Indeed,2025-05-21
JOB00726,AI Data Analyst,CortexIntelligence,Fintech,United States,North America,Lead,On-site,153500,"Docker, LLMs, MLOps, Power BI, Prompt Engineering",5,8.0,Indeed,2025-12-25
JOB00727,Generative AI Developer,VertexSolutions,Media & Entertainment,France,Europe,Mid,On-site,124500,"ETL, PyTorch, scikit-learn",3,30.0,Indeed,2025-07-20
JOB00728,Generative AI Developer,VertexTechnologies,Government,Netherlands,Europe,Lead,On-site,198000,"Data Visualization, Docker, Python",3,5.0,Glassdoor,2025-04-18
JOB00729,Applied Scientist,NimbusAI,Manufacturing,United States,North America,Mid,On-site,195500,"Docker, LLMs, Prompt Engineering",3,35.0,Indeed,2025-08-06
JOB00730,Data Scientist,QuantumSolutions,E-commerce,United States,North America,Entry,On-site,93500,"Azure ML, Docker, Generative AI, NLP, Power BI, TensorFlow",6,34.0,Indeed,2025-11-13
JOB00731,Data Scientist,QuantumAI,Fintech,France,Europe,Mid,Remote,124500,"Azure ML, ETL, LLMs, MLOps, NLP",5,36.0,LinkedIn,2025-08-29
JOB00732,Prompt Engineer,HelixTechnologies,Cybersecurity,United Kingdom,Europe,Mid,On-site,85000,"PyTorch, R, TensorFlow",3,28.0,LinkedIn,2025-09-09
JOB00733,AI Data Analyst,NimbusData,Media & Entertainment,United States,North America,Entry,Hybrid,60000,"A/B Testing, Docker, Excel, Power BI, PyTorch, SQL",6,68.0,LinkedIn,2025-02-16
JOB00734,Applied Scientist,VertexTechnologies,Telecom,Pakistan,South Asia,Entry,On-site,36500,"AWS, ETL, Generative AI, Power BI, TensorFlow",5,48.0,Indeed,2025-08-18
JOB00735,AI Product Analyst,ArcData,Education,India,South Asia,Entry,Remote,19000,"ETL, Python, SQL",3,76.0,Indeed,2025-10-09
JOB00736,Generative AI Developer,NimbusData,Fintech,United Kingdom,Europe,Lead,Hybrid,272000,"A/B Testing, Azure ML, Power BI",3,11.0,Indeed,2025-11-08
JOB00737,AI Ethics Analyst,VantageTechnologies,Cybersecurity,United Kingdom,Europe,Senior,Remote,128500,"Computer Vision, Excel, NLP, Prompt Engineering, PyTorch",5,34.0,LinkedIn,2025-09-26
JOB00738,AI Product Analyst,PulseSolutions,Healthcare,Pakistan,South Asia,Mid,On-site,22000,"Excel, Generative AI, PyTorch, Python, R, SQL",6,25.0,Indeed,2025-05-15
JOB00739,Data Engineer (AI Systems),DeltaAnalytics,Cybersecurity,Singapore,Southeast Asia,Mid,Remote,93500,"Computer Vision, Data Visualization, Prompt Engineering",3,51.0,Glassdoor,2025-12-23
JOB00740,Applied Scientist,CortexSolutions,Manufacturing,Pakistan,South Asia,Lead,Hybrid,92500,"A/B Testing, Data Visualization, MLOps, Statistics",4,15.0,AngelList,2025-03-18
JOB00741,AI Product Analyst,LumenSystems,Cybersecurity,Poland,Europe,Mid,Hybrid,89000,"AWS, Computer Vision, Generative AI, NLP, PyTorch, scikit-learn",6,35.0,CompanyWebsite,2025-11-27
JOB00742,Data Scientist,OrbitIntelligence,Education,United States,North America,Senior,Remote,193000,"Data Visualization, MLOps, NLP",3,26.0,AngelList,2025-09-18
JOB00743,AI Data Analyst,PrismAI,Consulting,United Kingdom,Europe,Senior,Hybrid,101000,"Docker, ETL, Excel, Python, TensorFlow",5,22.0,CompanyWebsite,2025-06-06
JOB00744,Applied Scientist,VantageGroup,Media & Entertainment,Ireland,Europe,Senior,Hybrid,183000,"A/B Testing, Computer Vision, MLOps, Prompt Engineering",4,19.0,AngelList,2025-09-07
JOB00745,Generative AI Developer,ArcLabs,Media & Entertainment,Canada,North America,Senior,Remote,243500,"Computer Vision, Data Visualization, TensorFlow",3,26.0,CompanyWebsite,2025-08-20
JOB00746,Applied Scientist,VantageAnalytics,Telecom,France,Europe,Mid,Hybrid,160000,"ETL, Excel, PyTorch, Python, SQL, Statistics",6,36.0,AngelList,2025-06-13
JOB00747,AI Data Analyst,OrbitSolutions,Education,UAE,Middle East,Mid,Remote,65500,"A/B Testing, Excel, PyTorch",3,51.0,Glassdoor,2025-01-18
JOB00748,NLP Engineer,PrismAI,Consulting,Canada,North America,Mid,On-site,149000,"Computer Vision, Power BI, R, Statistics",4,41.0,LinkedIn,2025-04-30
JOB00749,Generative AI Developer,HelixIntelligence,Manufacturing,Canada,North America,Senior,Hybrid,209000,"Data Visualization, ETL, MLOps, Power BI, scikit-learn",5,21.0,Glassdoor,2025-07-05
JOB00750,AI Research Engineer,VertexWorks,Cybersecurity,Pakistan,South Asia,Mid,Remote,46500,"AWS, Computer Vision, Data Visualization, Docker, Power BI, Statistics",6,58.0,LinkedIn,2025-08-11
JOB00751,AI Research Engineer,VantageSystems,Telecom,Germany,Europe,Mid,Hybrid,116500,"LLMs, MLOps, NLP, Power BI, Prompt Engineering, PyTorch",6,48.0,Indeed,2025-12-18
JOB00752,Prompt Engineer,NovaAnalytics,Healthcare,United States,North America,Lead,Remote,166000,"AWS, Data Visualization, PyTorch, Statistics",4,18.0,LinkedIn,2025-03-08
JOB00753,AI Ethics Analyst,VertexIntelligence,Education,United Kingdom,Europe,Senior,Remote,116000,"ETL, Excel, Power BI, Python, TensorFlow",5,21.0,LinkedIn,2025-05-05
JOB00754,AI Research Engineer,PrismAI,Manufacturing,United States,North America,Senior,On-site,267500,"AWS, Tableau, scikit-learn",3,19.0,LinkedIn,2025-12-06
JOB00755,AI Data Analyst,LumenTechnologies,Consulting,India,South Asia,Senior,Remote,37000,"Azure ML, Docker, ETL, Generative AI, Prompt Engineering, scikit-learn",6,21.0,Glassdoor,2025-11-05
JOB00756,Data Engineer (AI Systems),HelixWorks,E-commerce,UAE,Middle East,Entry,Hybrid,63000,"Azure ML, Generative AI, NLP, Power BI, Python, R",6,52.0,Indeed,2025-08-11
JOB00757,AI Research Engineer,QuantumSystems,Healthcare,Pakistan,South Asia,Entry,Remote,33000,"AWS, Excel, Power BI, Prompt Engineering, PyTorch, Statistics",6,67.0,LinkedIn,2025-05-13
JOB00758,Applied Scientist,OrbitWorks,Manufacturing,Germany,Europe,Mid,On-site,119000,"LLMs, Power BI, R, Tableau",4,32.0,Indeed,2025-04-17
JOB00759,AI Research Engineer,CortexAnalytics,Fintech,Brazil,South America,Entry,On-site,58500,"AWS, ETL, NLP, Python, R, Statistics",6,47.0,Glassdoor,2025-07-31
JOB00760,MLOps Engineer,NovaLabs,Cybersecurity,Canada,North America,Mid,Remote,155000,"A/B Testing, AWS, ETL, PyTorch, TensorFlow",5,46.0,Indeed,2025-03-25
JOB00761,Prompt Engineer,ArcIntelligence,Manufacturing,UAE,Middle East,Mid,Remote,85500,"Computer Vision, Generative AI, LLMs, MLOps, SQL, TensorFlow",6,42.0,LinkedIn,2025-02-25
JOB00762,Computer Vision Engineer,AtlasIntelligence,Consulting,United States,North America,Entry,Hybrid,110000,"Computer Vision, Prompt Engineering, R, SQL",4,59.0,LinkedIn,2025-04-14
JOB00763,NLP Engineer,ArcLabs,Education,United States,North America,Mid,Hybrid,178000,"AWS, Data Visualization, ETL, R, scikit-learn",5,46.0,CompanyWebsite,2025-07-21
JOB00764,AI Product Analyst,NovaAI,Healthcare,United Kingdom,Europe,Senior,Remote,101000,"Generative AI, LLMs, Statistics",3,21.0,LinkedIn,2025-02-08
JOB00765,Data Scientist,ArcAnalytics,Government,Canada,North America,Mid,Remote,185000,"A/B Testing, AWS, Power BI, Tableau, scikit-learn",5,47.0,Indeed,2025-11-27
JOB00766,Machine Learning Engineer,LumenTechnologies,Manufacturing,United States,North America,Entry,Hybrid,108000,"PyTorch, Python, Tableau, TensorFlow, scikit-learn",5,66.0,LinkedIn,2025-07-08
JOB00767,NLP Engineer,PrismAnalytics,Cybersecurity,United States,North America,Mid,Remote,123000,"A/B Testing, Azure ML, ETL, Power BI, Prompt Engineering",5,48.0,LinkedIn,2025-11-14
JOB00768,NLP Engineer,VertexSolutions,Healthcare,Poland,Europe,Lead,Remote,261000,"A/B Testing, Computer Vision, Docker, Excel, Power BI, Tableau",6,18.0,Indeed,2025-01-24
JOB00769,AI Data Analyst,OrbitIntelligence,E-commerce,Pakistan,South Asia,Entry,Hybrid,15000,"ETL, Excel, Power BI, PyTorch, R, TensorFlow",6,65.0,Indeed,2025-06-01
JOB00770,Applied Scientist,OrbitData,Telecom,Pakistan,South Asia,Senior,Hybrid,80000,"Azure ML, MLOps, Statistics",3,21.0,AngelList,2025-03-04
JOB00771,AI Product Analyst,DeltaSystems,Education,France,Europe,Entry,Remote,61500,"A/B Testing, Generative AI, Power BI",3,77.0,LinkedIn,2025-08-22
JOB00772,AI Solutions Consultant,VertexAI,Cybersecurity,India,South Asia,Entry,Hybrid,27000,"A/B Testing, Docker, PyTorch",3,71.0,LinkedIn,2025-01-27
JOB00773,Business Intelligence Analyst (AI),AtlasTechnologies,Media & Entertainment,UAE,Middle East,Mid,Hybrid,63500,"A/B Testing, Docker, NLP, R",4,25.0,LinkedIn,2025-08-02
JOB00774,AI Data Analyst,ZenithLabs,Telecom,India,South Asia,Entry,Hybrid,16500,"Excel, R, SQL, Statistics, scikit-learn",5,59.0,CompanyWebsite,2025-03-23
JOB00775,Prompt Engineer,NovaTechnologies,Consulting,India,South Asia,Mid,Remote,34500,"A/B Testing, Docker, Excel, NLP",4,57.0,CompanyWebsite,2025-04-04
JOB00776,Data Engineer (AI Systems),PrismSystems,Media & Entertainment,United States,North America,Mid,Remote,109000,"AWS, Computer Vision, Python, Statistics, TensorFlow",5,41.0,AngelList,2025-01-11
JOB00777,AI Solutions Consultant,PrismSystems,Fintech,Brazil,South America,Mid,Hybrid,54000,"Azure ML, Data Visualization, Generative AI, NLP, R, TensorFlow",6,35.0,Indeed,2025-11-22
JOB00778,AI Solutions Consultant,CortexIntelligence,Government,Ireland,Europe,Entry,Remote,74000,"Generative AI, MLOps, NLP, TensorFlow",4,88.0,AngelList,2025-01-21
JOB00779,AI Data Analyst,NimbusData,Media & Entertainment,United States,North America,Senior,On-site,111500,"Azure ML, ETL, SQL",3,14.0,Indeed,2025-04-07
JOB00780,AI Ethics Analyst,NovaIntelligence,Education,India,South Asia,Senior,Remote,55000,"Azure ML, Excel, MLOps, R",4,27.0,CompanyWebsite,2025-04-11
JOB00781,MLOps Engineer,OrbitData,Manufacturing,United States,North America,Senior,Hybrid,167500,"Data Visualization, Excel, MLOps, scikit-learn",4,15.0,LinkedIn,2025-02-11
JOB00782,MLOps Engineer,LumenSolutions,Media & Entertainment,Germany,Europe,Senior,Hybrid,117500,"Data Visualization, Generative AI, MLOps, Tableau, scikit-learn",5,16.0,CompanyWebsite,2025-05-02
JOB00783,AI Research Engineer,NimbusData,Telecom,India,South Asia,Mid,Hybrid,41000,"A/B Testing, Excel, Generative AI, Power BI, TensorFlow",5,48.0,CompanyWebsite,2025-03-28
JOB00784,MLOps Engineer,DeltaAI,Media & Entertainment,United Kingdom,Europe,Mid,Hybrid,131500,"Data Visualization, Docker, ETL, Power BI, PyTorch",5,41.0,LinkedIn,2025-02-06
JOB00785,Computer Vision Engineer,NimbusData,Fintech,United States,North America,Mid,Remote,133500,"Data Visualization, ETL, NLP, Power BI",4,55.0,Glassdoor,2025-08-04
JOB00786,Business Intelligence Analyst (AI),NovaTechnologies,Telecom,Pakistan,South Asia,Senior,Remote,38500,"Excel, NLP, R",3,21.0,AngelList,2025-07-07
JOB00787,AI Ethics Analyst,LumenTechnologies,Manufacturing,India,South Asia,Senior,On-site,38500,"Computer Vision, Data Visualization, Excel, SQL, TensorFlow",5,13.0,AngelList,2025-05-14
JOB00788,Generative AI Developer,PrismSystems,E-commerce,Germany,Europe,Mid,Hybrid,116000,"AWS, Excel, Prompt Engineering, R, scikit-learn",5,37.0,LinkedIn,2025-10-09
JOB00789,Data Scientist,NovaAnalytics,Media & Entertainment,Pakistan,South Asia,Senior,On-site,67500,"Computer Vision, Excel, Power BI, Tableau",4,11.0,Indeed,2025-06-23
JOB00790,AI Solutions Consultant,VantageLabs,Cybersecurity,France,Europe,Mid,Hybrid,86000,"Azure ML, Data Visualization, NLP, Power BI",4,40.0,CompanyWebsite,2025-04-08
JOB00791,AI Data Analyst,CortexAnalytics,Media & Entertainment,Canada,North America,Entry,Remote,55000,"AWS, Docker, ETL, LLMs, NLP, scikit-learn",6,65.0,CompanyWebsite,2025-12-17
JOB00792,Business Intelligence Analyst (AI),LumenSolutions,Fintech,United States,North America,Mid,Hybrid,110000,"Data Visualization, Docker, Generative AI, R, scikit-learn",5,29.0,LinkedIn,2025-09-19
JOB00793,AI Research Engineer,ArcIntelligence,Education,United States,North America,Entry,Hybrid,96500,"Data Visualization, Prompt Engineering, Tableau",3,50.0,Glassdoor,2025-04-14
JOB00794,Applied Scientist,ZenithWorks,Healthcare,India,South Asia,Senior,Remote,72000,"Computer Vision, Data Visualization, ETL, R, scikit-learn",5,19.0,Indeed,2025-04-16
JOB00795,AI Data Analyst,OrbitGroup,Consulting,United States,North America,Mid,Hybrid,82500,"Data Visualization, ETL, NLP, scikit-learn",4,38.0,Glassdoor,2025-09-23
JOB00796,Data Scientist,DeltaAI,Fintech,Australia,Oceania,Entry,Hybrid,96000,"LLMs, MLOps, NLP, Prompt Engineering, Tableau, scikit-learn",6,57.0,LinkedIn,2025-01-10
JOB00797,AI Data Analyst,ZenithGroup,Manufacturing,Ireland,Europe,Mid,Hybrid,65000,"AWS, PyTorch, SQL, Tableau, TensorFlow",5,32.0,LinkedIn,2025-12-16
JOB00798,AI Ethics Analyst,VantageAnalytics,Telecom,Netherlands,Europe,Mid,Remote,89500,"AWS, Azure ML, R, Statistics",4,51.0,Glassdoor,2025-09-03
JOB00799,AI Ethics Analyst,AtlasAI,Consulting,Australia,Oceania,Mid,On-site,108500,"A/B Testing, Data Visualization, ETL, MLOps, Statistics, TensorFlow",6,33.0,AngelList,2025-01-18
JOB00800,Prompt Engineer,HelixSolutions,Cybersecurity,United Kingdom,Europe,Mid,Remote,93500,"Data Visualization, Statistics, TensorFlow",3,44.0,LinkedIn,2025-06-10
JOB00801,Applied Scientist,VertexSystems,Cybersecurity,Pakistan,South Asia,Entry,On-site,34000,"ETL, LLMs, NLP, Prompt Engineering, Statistics",5,30.0,CompanyWebsite,2025-03-20
JOB00802,AI Research Engineer,PrismSystems,Telecom,Germany,Europe,Senior,Remote,215000,"Azure ML, Generative AI, MLOps, NLP",4,23.0,LinkedIn,2025-12-29
JOB00803,AI Ethics Analyst,NovaTechnologies,Media & Entertainment,United States,North America,Entry,Remote,75000,"Generative AI, MLOps, Prompt Engineering, Python",4,79.0,Indeed,2025-03-07
JOB00804,AI Product Analyst,VantageLabs,Media & Entertainment,Australia,Oceania,Entry,Hybrid,63000,"A/B Testing, LLMs, Power BI, Python, Tableau, TensorFlow",6,52.0,LinkedIn,2025-01-13
JOB00805,Applied Scientist,HelixGroup,Education,Australia,Oceania,Entry,Hybrid,98500,"Computer Vision, ETL, Excel, MLOps, Statistics, TensorFlow",6,59.0,Indeed,2025-04-29
JOB00806,Prompt Engineer,PrismIntelligence,Cybersecurity,India,South Asia,Senior,Remote,42500,"Data Visualization, Prompt Engineering, R, SQL",4,19.0,LinkedIn,2025-08-05
JOB00807,Computer Vision Engineer,VertexSolutions,Government,Singapore,Southeast Asia,Lead,Remote,169000,"A/B Testing, Computer Vision, NLP, PyTorch, TensorFlow",5,12.0,Glassdoor,2025-05-18
JOB00808,MLOps Engineer,CortexLabs,Telecom,UAE,Middle East,Mid,Remote,104500,"Azure ML, Excel, LLMs, Power BI, SQL, TensorFlow",6,54.0,CompanyWebsite,2025-03-06
JOB00809,MLOps Engineer,QuantumData,Healthcare,India,South Asia,Entry,Hybrid,30500,"Data Visualization, MLOps, NLP, SQL, TensorFlow",5,60.0,LinkedIn,2025-03-07
JOB00810,Applied Scientist,VantageLabs,Fintech,France,Europe,Entry,Hybrid,98500,"Generative AI, Power BI, PyTorch",3,64.0,LinkedIn,2025-12-08
JOB00811,Business Intelligence Analyst (AI),QuantumSystems,Consulting,Germany,Europe,Entry,On-site,46500,"A/B Testing, AWS, MLOps, NLP",4,39.0,LinkedIn,2025-11-21
JOB00812,Applied Scientist,ArcLabs,E-commerce,India,South Asia,Mid,On-site,49000,"Computer Vision, LLMs, Prompt Engineering",3,37.0,CompanyWebsite,2025-12-30
JOB00813,AI Solutions Consultant,ZenithSystems,E-commerce,Germany,Europe,Mid,Remote,78000,"Azure ML, Generative AI, LLMs, NLP, TensorFlow",5,55.0,Indeed,2025-06-01
JOB00814,NLP Engineer,ZenithSolutions,Media & Entertainment,UAE,Middle East,Mid,Hybrid,127000,"AWS, Generative AI, MLOps, Statistics, scikit-learn",5,40.0,Indeed,2025-09-13
JOB00815,AI Product Analyst,DeltaAnalytics,Media & Entertainment,France,Europe,Entry,Remote,50500,"AWS, ETL, LLMs, Statistics, Tableau, scikit-learn",6,82.0,Indeed,2025-01-17
JOB00816,NLP Engineer,CortexGroup,Fintech,Germany,Europe,Entry,On-site,73000,"Generative AI, R, Tableau",3,35.0,Indeed,2025-01-16
JOB00817,NLP Engineer,AtlasLabs,Consulting,United Kingdom,Europe,Mid,On-site,125500,"Data Visualization, Excel, Power BI, R, SQL",5,26.0,Glassdoor,2025-08-09
JOB00818,Computer Vision Engineer,NovaAI,Telecom,Germany,Europe,Entry,On-site,75500,"Azure ML, Computer Vision, MLOps, NLP, TensorFlow",5,34.0,LinkedIn,2025-09-12
JOB00819,AI Ethics Analyst,PulseLabs,Telecom,Germany,Europe,Senior,Remote,119000,"AWS, NLP, scikit-learn",3,23.0,Indeed,2025-08-02
JOB00820,Data Scientist,QuantumTechnologies,Cybersecurity,Australia,Oceania,Lead,On-site,204000,"Docker, Generative AI, MLOps, Python",4,12.0,Glassdoor,2025-04-30
JOB00821,Prompt Engineer,VantageLabs,Media & Entertainment,Canada,North America,Mid,Remote,119000,"ETL, LLMs, MLOps, R",4,41.0,CompanyWebsite,2025-01-15
JOB00822,Machine Learning Engineer,NovaIntelligence,Government,United States,North America,Mid,On-site,148500,"Azure ML, R, SQL, scikit-learn",4,25.0,Indeed,2025-12-13
JOB00823,AI Ethics Analyst,QuantumSolutions,Education,Germany,Europe,Entry,On-site,56500,"Data Visualization, Generative AI, NLP, Power BI, Python",5,47.0,AngelList,2025-04-11
JOB00824,Machine Learning Engineer,AtlasSolutions,Manufacturing,Germany,Europe,Entry,Remote,75000,"AWS, ETL, MLOps",3,80.0,LinkedIn,2025-10-01
JOB00825,Data Scientist,QuantumSystems,Government,Germany,Europe,Mid,Remote,108500,"A/B Testing, R, SQL, Statistics",4,47.0,LinkedIn,2025-03-01
JOB00826,AI Solutions Consultant,ZenithAnalytics,Healthcare,Pakistan,South Asia,Senior,Hybrid,56500,"AWS, LLMs, Python, Statistics, TensorFlow",5,20.0,Glassdoor,2025-08-10
JOB00827,Prompt Engineer,CortexSolutions,Fintech,Singapore,Southeast Asia,Senior,Hybrid,87500,"AWS, LLMs, R",3,21.0,LinkedIn,2025-02-04
JOB00828,Prompt Engineer,ZenithTechnologies,Consulting,France,Europe,Mid,Remote,95500,"LLMs, SQL, TensorFlow",3,55.0,Glassdoor,2025-09-14
JOB00829,Data Engineer (AI Systems),AtlasSystems,Telecom,Canada,North America,Senior,Remote,178000,"Azure ML, Python, SQL, Tableau",4,19.0,Indeed,2025-12-02
JOB00830,MLOps Engineer,QuantumWorks,Consulting,Australia,Oceania,Mid,Hybrid,116500,"Data Visualization, Excel, Generative AI, MLOps, PyTorch",5,35.0,LinkedIn,2025-07-19
JOB00831,AI Product Analyst,HelixAnalytics,E-commerce,Pakistan,South Asia,Mid,On-site,32000,"A/B Testing, Generative AI, LLMs, Tableau",4,27.0,AngelList,2025-12-28
JOB00832,Computer Vision Engineer,ZenithIntelligence,Government,United Kingdom,Europe,Senior,Hybrid,239500,"Generative AI, LLMs, Python, R",4,20.0,CompanyWebsite,2025-11-04
JOB00833,Business Intelligence Analyst (AI),LumenSystems,Telecom,Germany,Europe,Entry,Remote,47000,"Azure ML, Generative AI, Tableau",3,71.0,LinkedIn,2025-09-26
JOB00834,Prompt Engineer,LumenIntelligence,Healthcare,United Kingdom,Europe,Entry,Hybrid,79500,"Data Visualization, Excel, Power BI",3,49.0,Indeed,2025-12-11
JOB00835,AI Product Analyst,NimbusLabs,Telecom,United States,North America,Entry,On-site,75000,"AWS, Computer Vision, Data Visualization, ETL, Excel, Tableau",6,55.0,LinkedIn,2025-01-04
JOB00836,AI Data Analyst,LumenIntelligence,Government,France,Europe,Entry,Hybrid,37500,"A/B Testing, Data Visualization, Excel, Prompt Engineering, PyTorch, Tableau",6,53.0,CompanyWebsite,2025-02-26
JOB00837,NLP Engineer,DeltaSystems,Media & Entertainment,Canada,North America,Senior,Hybrid,257000,"Computer Vision, ETL, Prompt Engineering, Statistics",4,23.0,Glassdoor,2025-09-25
JOB00838,Business Intelligence Analyst (AI),HelixWorks,Healthcare,India,South Asia,Entry,Remote,23500,"A/B Testing, Excel, Generative AI, R",4,74.0,LinkedIn,2025-08-25
JOB00839,AI Product Analyst,NovaGroup,Manufacturing,Canada,North America,Mid,Hybrid,106000,"Azure ML, Data Visualization, Docker, Excel, Python",5,41.0,Glassdoor,2025-11-17
JOB00840,NLP Engineer,QuantumAnalytics,Cybersecurity,United Kingdom,Europe,Mid,Remote,134000,"Data Visualization, TensorFlow, scikit-learn",3,44.0,LinkedIn,2025-06-13
JOB00841,Machine Learning Engineer,VertexSolutions,Cybersecurity,India,South Asia,Mid,Remote,42500,"Azure ML, Excel, NLP, Prompt Engineering, R, scikit-learn",6,52.0,LinkedIn,2025-10-27
JOB00842,Generative AI Developer,PrismAnalytics,Manufacturing,Germany,Europe,Entry,On-site,77000,"Azure ML, Data Visualization, ETL, Tableau, TensorFlow",5,51.0,Glassdoor,2025-02-18
JOB00843,Applied Scientist,VantageWorks,Fintech,UAE,Middle East,Senior,Remote,214500,"AWS, Excel, Power BI, Prompt Engineering, Tableau, TensorFlow",6,27.0,LinkedIn,2025-05-16
JOB00844,AI Solutions Consultant,CortexAI,Consulting,Netherlands,Europe,Senior,Hybrid,183500,"Data Visualization, Docker, Excel",3,26.0,CompanyWebsite,2025-06-09
JOB00845,AI Solutions Consultant,QuantumData,E-commerce,Netherlands,Europe,Senior,Hybrid,140500,"MLOps, NLP, Statistics, TensorFlow",4,21.0,CompanyWebsite,2025-06-01
JOB00846,Prompt Engineer,CortexAnalytics,Cybersecurity,France,Europe,Senior,Hybrid,137000,"Power BI, Prompt Engineering, R",3,,LinkedIn,2025-09-30
JOB00847,AI Research Engineer,ZenithSolutions,E-commerce,Germany,Europe,Mid,On-site,129000,"AWS, SQL, Tableau",3,22.0,LinkedIn,2025-09-27
JOB00848,AI Product Analyst,OrbitIntelligence,Manufacturing,Germany,Europe,Mid,Remote,93000,"A/B Testing, AWS, Excel, NLP, PyTorch, Tableau",6,48.0,LinkedIn,2025-07-18
JOB00849,AI Research Engineer,ZenithTechnologies,Healthcare,United States,North America,Mid,Hybrid,167000,"Computer Vision, Data Visualization, ETL, LLMs, Statistics",5,34.0,LinkedIn,2025-09-11
JOB00850,Computer Vision Engineer,QuantumLabs,Manufacturing,India,South Asia,Lead,Remote,77000,"A/B Testing, ETL, NLP",3,18.0,Indeed,2025-09-05
JOB00851,Prompt Engineer,NovaWorks,Government,Germany,Europe,Mid,On-site,113500,"MLOps, Power BI, SQL, Tableau, TensorFlow, scikit-learn",6,27.0,LinkedIn,2025-05-31
JOB00852,AI Ethics Analyst,NovaLabs,Consulting,Pakistan,South Asia,Senior,On-site,55000,"Data Visualization, LLMs, R, Statistics",4,21.0,Indeed,2025-05-23
JOB00853,Applied Scientist,CortexTechnologies,Media & Entertainment,Pakistan,South Asia,Senior,Remote,73000,"AWS, Data Visualization, Docker, Power BI, R, Tableau",6,29.0,CompanyWebsite,2025-10-25
JOB00854,AI Ethics Analyst,LumenSystems,Telecom,Ireland,Europe,Lead,Hybrid,155000,"ETL, NLP, Power BI, R, Statistics",5,7.0,LinkedIn,2025-06-09
JOB00855,Data Engineer (AI Systems),CortexTechnologies,E-commerce,Germany,Europe,Senior,Remote,163500,"AWS, ETL, Excel, NLP, Power BI, Tableau",6,20.0,LinkedIn,2025-01-01
JOB00856,AI Solutions Consultant,ArcSystems,Government,Canada,North America,Lead,Remote,204000,"Computer Vision, Excel, MLOps, SQL, TensorFlow",5,8.0,Glassdoor,2025-11-21
JOB00857,AI Data Analyst,AtlasLabs,Healthcare,United States,North America,Mid,Remote,61000,"Docker, ETL, Power BI, PyTorch, Python, Statistics",6,40.0,Indeed,2025-01-06
JOB00858,NLP Engineer,OrbitSystems,Government,Ireland,Europe,Lead,Remote,261000,"A/B Testing, Azure ML, Docker, R, scikit-learn",5,15.0,CompanyWebsite,2025-09-19
JOB00859,AI Research Engineer,NimbusSystems,Consulting,Canada,North America,Entry,Remote,110500,"Computer Vision, Docker, Excel, TensorFlow",4,77.0,LinkedIn,2025-10-22
JOB00860,Computer Vision Engineer,AtlasGroup,Government,Canada,North America,Entry,Remote,83000,"Computer Vision, Data Visualization, Power BI",3,75.0,AngelList,2025-08-30
JOB00861,AI Product Analyst,HelixData,Fintech,Canada,North America,Senior,On-site,159000,"Computer Vision, Data Visualization, NLP",3,10.0,AngelList,2025-10-22
JOB00862,AI Product Analyst,QuantumLabs,Cybersecurity,UAE,Middle East,Entry,On-site,42000,"Data Visualization, Power BI, Tableau, TensorFlow",4,56.0,LinkedIn,2025-02-23
JOB00863,Applied Scientist,VertexLabs,E-commerce,Germany,Europe,Mid,On-site,154000,"AWS, Computer Vision, ETL, Generative AI, MLOps, Power BI",6,29.0,Indeed,2025-05-26
JOB00864,Prompt Engineer,LumenSystems,Consulting,United States,North America,Mid,Remote,96500,"AWS, Generative AI, Power BI, Prompt Engineering",4,49.0,LinkedIn,2025-08-01
JOB00865,Business Intelligence Analyst (AI),ZenithTechnologies,Media & Entertainment,India,South Asia,Senior,Remote,40000,"A/B Testing, LLMs, Python",3,32.0,Indeed,2025-04-08
JOB00866,AI Product Analyst,HelixSolutions,Manufacturing,Pakistan,South Asia,Lead,Hybrid,59500,"SQL, TensorFlow, scikit-learn",3,10.0,LinkedIn,2025-12-02
JOB00867,Computer Vision Engineer,PulseLabs,Healthcare,United Kingdom,Europe,Entry,Hybrid,90500,"Azure ML, NLP, Statistics, Tableau",4,61.0,Indeed,2025-06-21
JOB00868,Data Scientist,CortexTechnologies,Government,United Kingdom,Europe,Entry,On-site,47000,"Docker, Generative AI, LLMs, Python",4,37.0,Indeed,2025-03-22
JOB00869,MLOps Engineer,NovaAnalytics,Media & Entertainment,United States,North America,Mid,Hybrid,137000,"A/B Testing, ETL, TensorFlow",3,28.0,AngelList,2025-03-30
JOB00870,AI Product Analyst,VertexAnalytics,Healthcare,Ireland,Europe,Senior,Remote,122500,"Azure ML, PyTorch, SQL",3,20.0,Indeed,2025-02-25
JOB00871,AI Ethics Analyst,PrismAI,Fintech,India,South Asia,Mid,Hybrid,35000,"Excel, Generative AI, Power BI, Prompt Engineering, scikit-learn",5,49.0,Glassdoor,2025-06-18
JOB00872,NLP Engineer,NovaLabs,Media & Entertainment,Canada,North America,Senior,Hybrid,216000,"Data Visualization, Excel, Power BI, Python, Tableau",5,24.0,CompanyWebsite,2025-08-01
JOB00873,AI Data Analyst,AtlasLabs,Media & Entertainment,India,South Asia,Lead,Remote,46500,"Generative AI, MLOps, PyTorch, Python, scikit-learn",5,19.0,CompanyWebsite,2025-12-25
JOB00874,AI Solutions Consultant,ZenithSolutions,Manufacturing,France,Europe,Senior,Remote,155000,"AWS, LLMs, Statistics, Tableau, TensorFlow",5,15.0,Indeed,2025-08-20
JOB00875,Business Intelligence Analyst (AI),VantageAI,Manufacturing,Ireland,Europe,Mid,Hybrid,81500,"A/B Testing, LLMs, NLP, scikit-learn",4,37.0,AngelList,2025-04-05
JOB00876,Generative AI Developer,PulseTechnologies,Media & Entertainment,France,Europe,Mid,Remote,117500,"Docker, MLOps, NLP, Power BI, Statistics",5,45.0,LinkedIn,2025-11-30
JOB00877,Generative AI Developer,NovaSolutions,Cybersecurity,UAE,Middle East,Entry,Hybrid,72000,"Computer Vision, Docker, Excel, Generative AI, MLOps, scikit-learn",6,58.0,Glassdoor,2025-09-17
JOB00878,Generative AI Developer,VertexGroup,Consulting,United States,North America,Entry,Hybrid,94000,"Power BI, Prompt Engineering, SQL, TensorFlow",4,58.0,LinkedIn,2025-08-10
JOB00879,AI Ethics Analyst,HelixData,Fintech,Pakistan,South Asia,Entry,Hybrid,20000,"A/B Testing, Docker, Tableau",3,57.0,Indeed,2025-11-08
JOB00880,AI Product Analyst,HelixGroup,Education,Germany,Europe,Senior,On-site,136000,"ETL, Generative AI, LLMs, TensorFlow",4,14.0,Indeed,2025-05-26
JOB00881,NLP Engineer,QuantumSolutions,E-commerce,Canada,North America,Entry,Hybrid,96000,"Azure ML, Data Visualization, Statistics, Tableau",4,49.0,Indeed,2025-08-07
JOB00882,Computer Vision Engineer,PrismAI,Telecom,Netherlands,Europe,Entry,Remote,99000,"Data Visualization, Power BI, R",3,93.0,LinkedIn,2025-09-11
JOB00883,Data Engineer (AI Systems),ArcLabs,Cybersecurity,Brazil,South America,Mid,Remote,74500,"AWS, Excel, LLMs",3,36.0,Glassdoor,2025-09-05
JOB00884,Generative AI Developer,LumenGroup,Telecom,United States,North America,Mid,Remote,168500,"Azure ML, Computer Vision, SQL",3,63.0,LinkedIn,2025-04-21
JOB00885,AI Solutions Consultant,NimbusGroup,Education,United States,North America,Senior,On-site,175000,"Data Visualization, Excel, Tableau",3,14.0,LinkedIn,2025-12-10
JOB00886,Prompt Engineer,OrbitData,Cybersecurity,Brazil,South America,Mid,Hybrid,58500,"LLMs, NLP, R, Tableau",4,45.0,Indeed,2025-11-10
JOB00887,Applied Scientist,VantageTechnologies,Telecom,India,South Asia,Mid,Hybrid,47500,"A/B Testing, NLP, Python, R, TensorFlow",5,36.0,LinkedIn,2025-01-03
JOB00888,Generative AI Developer,HelixData,Media & Entertainment,United Kingdom,Europe,Senior,Remote,173000,"Data Visualization, Power BI, Prompt Engineering, SQL",4,36.0,LinkedIn,2025-07-17
JOB00889,AI Ethics Analyst,PulseSolutions,Healthcare,France,Europe,Mid,On-site,74000,"AWS, Azure ML, Generative AI, MLOps, Power BI, Prompt Engineering",6,28.0,AngelList,2025-02-16
JOB00890,Applied Scientist,VertexWorks,Government,United States,North America,Entry,Remote,111500,"AWS, Computer Vision, Docker, Excel, R, Tableau",6,77.0,Glassdoor,2025-02-25
JOB00891,Computer Vision Engineer,NimbusAI,Media & Entertainment,Germany,Europe,Mid,On-site,119000,"AWS, Computer Vision, Data Visualization, LLMs",4,34.0,CompanyWebsite,2025-09-09
JOB00892,NLP Engineer,ArcSystems,Fintech,Pakistan,South Asia,Entry,Remote,37000,"Data Visualization, SQL, Tableau, scikit-learn",4,65.0,LinkedIn,2025-02-17
JOB00893,AI Research Engineer,QuantumWorks,E-commerce,Australia,Oceania,Mid,On-site,175500,"Generative AI, PyTorch, Python",3,19.0,LinkedIn,2025-10-04
JOB00894,NLP Engineer,PulseTechnologies,Government,Brazil,South America,Entry,Remote,55000,"Azure ML, Computer Vision, LLMs, Python",4,70.0,Indeed,2025-10-29
JOB00895,AI Solutions Consultant,LumenData,Education,Singapore,Southeast Asia,Mid,On-site,62000,"Computer Vision, Data Visualization, MLOps, NLP, Tableau",5,30.0,Glassdoor,2025-08-10
JOB00896,AI Product Analyst,AtlasWorks,Consulting,Pakistan,South Asia,Mid,Remote,30000,"AWS, Power BI, Prompt Engineering, Python, Tableau",5,53.0,LinkedIn,2025-07-20
JOB00897,Applied Scientist,HelixSolutions,E-commerce,United States,North America,Mid,Remote,172000,"A/B Testing, PyTorch, SQL, Statistics",4,68.0,LinkedIn,2025-08-23
JOB00898,Applied Scientist,ZenithAnalytics,Manufacturing,United States,North America,Senior,Remote,285000,"NLP, Prompt Engineering, Python, SQL",4,33.0,LinkedIn,2025-01-18
JOB00899,Generative AI Developer,ZenithLabs,E-commerce,United Kingdom,Europe,Entry,Hybrid,90500,"A/B Testing, Computer Vision, Docker",3,72.0,Indeed,2025-08-07
JOB00900,Data Engineer (AI Systems),VertexGroup,Fintech,Australia,Oceania,Mid,On-site,101000,"ETL, LLMs, Python, Statistics",4,30.0,Indeed,2025-12-21
JOB00901,AI Solutions Consultant,CortexTechnologies,Manufacturing,Brazil,South America,Senior,Hybrid,99500,"Data Visualization, Docker, PyTorch, Python",4,22.0,Indeed,2025-10-26
JOB00902,Applied Scientist,LumenWorks,Government,Australia,Oceania,Senior,Hybrid,211500,"ETL, MLOps, Tableau",3,22.0,AngelList,2025-07-28
JOB00903,Business Intelligence Analyst (AI),ArcAnalytics,Healthcare,United Kingdom,Europe,Mid,Remote,84500,"Data Visualization, Python, Tableau",3,52.0,Glassdoor,2025-08-15
JOB00904,Applied Scientist,NimbusAI,Government,Canada,North America,Entry,Hybrid,120000,"Power BI, Prompt Engineering, PyTorch, scikit-learn",4,70.0,Indeed,2025-02-11
JOB00905,Generative AI Developer,HelixAnalytics,Healthcare,United States,North America,Entry,Remote,109000,"AWS, Excel, PyTorch, R, TensorFlow",5,83.0,LinkedIn,2025-11-18
JOB00906,Generative AI Developer,AtlasSystems,Telecom,France,Europe,Entry,Remote,81000,"Azure ML, Python, SQL, scikit-learn",4,70.0,LinkedIn,2025-05-18
JOB00907,AI Data Analyst,DeltaSystems,Government,Pakistan,South Asia,Entry,Hybrid,15000,"Data Visualization, Docker, Excel, Statistics",4,70.0,LinkedIn,2025-03-11
JOB00908,MLOps Engineer,QuantumAI,E-commerce,Canada,North America,Entry,Hybrid,87000,"Data Visualization, ETL, LLMs, NLP",4,67.0,LinkedIn,2025-11-13
JOB00909,Data Engineer (AI Systems),VertexSystems,Cybersecurity,United States,North America,Mid,Hybrid,103500,"Excel, LLMs, SQL",3,40.0,LinkedIn,2025-08-04
JOB00910,Data Scientist,QuantumGroup,Cybersecurity,India,South Asia,Entry,Hybrid,25000,"Computer Vision, Docker, SQL, Statistics",4,58.0,LinkedIn,2025-07-15
JOB00911,Data Scientist,VantageData,Manufacturing,Germany,Europe,Mid,On-site,124000,"A/B Testing, Data Visualization, ETL, LLMs",4,34.0,Indeed,2025-07-02
JOB00912,NLP Engineer,LumenData,Healthcare,United Kingdom,Europe,Mid,Remote,127500,"AWS, Computer Vision, Power BI, Python, TensorFlow, scikit-learn",6,35.0,LinkedIn,2025-11-19
JOB00913,Data Scientist,VantageAnalytics,Education,France,Europe,Entry,Hybrid,77000,"Data Visualization, LLMs, PyTorch, Python, SQL, Tableau",6,47.0,LinkedIn,2025-04-15
JOB00914,AI Ethics Analyst,LumenAnalytics,Consulting,United States,North America,Entry,Hybrid,67500,"Computer Vision, MLOps, PyTorch, SQL, TensorFlow",5,78.0,LinkedIn,2025-10-03
JOB00915,Generative AI Developer,DeltaLabs,E-commerce,United States,North America,Mid,On-site,158000,"ETL, Prompt Engineering, Python",3,34.0,LinkedIn,2025-03-04
JOB00916,Data Engineer (AI Systems),VertexAnalytics,Telecom,Germany,Europe,Entry,Hybrid,62500,"MLOps, R, scikit-learn",3,50.0,Glassdoor,2025-03-26
JOB00917,Computer Vision Engineer,QuantumSolutions,Media & Entertainment,United Kingdom,Europe,Senior,Remote,179000,"Excel, LLMs, Power BI, TensorFlow",4,24.0,LinkedIn,2025-08-03
JOB00918,Data Engineer (AI Systems),ArcGroup,Cybersecurity,India,South Asia,Mid,Remote,45000,"A/B Testing, Excel, LLMs, Power BI",4,36.0,LinkedIn,2025-10-13
JOB00919,Machine Learning Engineer,NimbusGroup,Manufacturing,Netherlands,Europe,Senior,On-site,170000,"Docker, ETL, Power BI",3,12.0,LinkedIn,2025-02-25
JOB00920,Data Scientist,ArcWorks,Consulting,India,South Asia,Entry,On-site,28000,"AWS, Docker, Generative AI, Power BI, PyTorch, Statistics",6,41.0,LinkedIn,2025-10-17
JOB00921,Computer Vision Engineer,OrbitSystems,Telecom,United States,North America,Mid,On-site,129000,"Computer Vision, Data Visualization, R, Tableau",4,24.0,LinkedIn,2025-10-29
JOB00922,NLP Engineer,ArcSystems,Cybersecurity,Pakistan,South Asia,Mid,Hybrid,49000,"AWS, Azure ML, Generative AI, Prompt Engineering, Python, Tableau",6,44.0,Indeed,2025-02-15
JOB00923,MLOps Engineer,NovaLabs,Consulting,United Kingdom,Europe,Mid,Hybrid,111000,"ETL, Power BI, TensorFlow",3,35.0,LinkedIn,2025-08-07
JOB00924,Business Intelligence Analyst (AI),NimbusGroup,Healthcare,Poland,Europe,Mid,On-site,95500,"Computer Vision, ETL, Python",3,29.0,LinkedIn,2025-08-11
JOB00925,AI Solutions Consultant,NovaSolutions,Fintech,Poland,Europe,Senior,Remote,158000,"Azure ML, Data Visualization, Power BI, PyTorch, Statistics, TensorFlow",6,21.0,CompanyWebsite,2025-01-17
JOB00926,Data Scientist,CortexLabs,Telecom,United States,North America,Senior,Hybrid,202000,"Azure ML, Data Visualization, Excel",3,19.0,LinkedIn,2025-02-05
JOB00927,AI Data Analyst,DeltaSolutions,Healthcare,Germany,Europe,Mid,Remote,78000,"Data Visualization, MLOps, NLP, Power BI, Prompt Engineering, SQL",6,45.0,AngelList,2025-12-26
JOB00928,Applied Scientist,QuantumAI,Education,Poland,Europe,Senior,On-site,230000,"Azure ML, LLMs, Prompt Engineering, PyTorch, R, Statistics",6,10.0,LinkedIn,2025-01-24
JOB00929,Computer Vision Engineer,QuantumAnalytics,Media & Entertainment,United Kingdom,Europe,Entry,Hybrid,81000,"Data Visualization, Python, scikit-learn",3,53.0,LinkedIn,2025-02-21
JOB00930,NLP Engineer,LumenTechnologies,Fintech,United States,North America,Mid,Remote,140000,"Excel, Generative AI, Power BI",3,55.0,CompanyWebsite,2025-02-14
JOB00931,AI Solutions Consultant,NimbusData,Cybersecurity,United States,North America,Entry,Hybrid,77000,"MLOps, PyTorch, Tableau",3,63.0,AngelList,2025-12-02
JOB00932,Business Intelligence Analyst (AI),QuantumIntelligence,Fintech,Canada,North America,Mid,Hybrid,75500,"Excel, MLOps, Python, R, SQL, Statistics",6,43.0,AngelList,2025-06-08
JOB00933,Prompt Engineer,OrbitAI,Manufacturing,Germany,Europe,Lead,Hybrid,154500,"A/B Testing, Docker, Generative AI, MLOps, R",5,10.0,Indeed,2025-09-07
JOB00934,MLOps Engineer,AtlasData,Telecom,Germany,Europe,Mid,Remote,140000,"Computer Vision, Excel, Power BI, Python",4,65.0,Indeed,2025-05-08
JOB00935,Generative AI Developer,NovaWorks,Manufacturing,UAE,Middle East,Mid,Hybrid,113000,"Computer Vision, Generative AI, PyTorch, TensorFlow",4,46.0,CompanyWebsite,2025-07-09
JOB00936,AI Product Analyst,AtlasData,Cybersecurity,Canada,North America,Entry,Hybrid,67000,"ETL, MLOps, PyTorch, scikit-learn",4,58.0,CompanyWebsite,2025-01-18
JOB00937,Machine Learning Engineer,ArcGroup,Education,India,South Asia,Entry,Hybrid,28500,"LLMs, Python, scikit-learn",3,48.0,Indeed,2025-05-15
JOB00938,Prompt Engineer,QuantumSystems,Media & Entertainment,Pakistan,South Asia,Mid,On-site,35000,"A/B Testing, AWS, ETL, Python, TensorFlow",5,20.0,CompanyWebsite,2025-11-05
JOB00939,Data Engineer (AI Systems),CortexAI,Government,Germany,Europe,Entry,Remote,66500,"Azure ML, Data Visualization, ETL, R, Statistics, scikit-learn",6,64.0,LinkedIn,2025-02-17
JOB00940,Prompt Engineer,ArcSystems,Education,Poland,Europe,Senior,Remote,134500,"AWS, LLMs, MLOps, Prompt Engineering, PyTorch, TensorFlow",6,26.0,LinkedIn,2025-03-09
JOB00941,NLP Engineer,PrismTechnologies,Manufacturing,UAE,Middle East,Mid,On-site,103000,"MLOps, Power BI, Tableau",3,26.0,Indeed,2025-05-19
JOB00942,Applied Scientist,CortexSolutions,Manufacturing,Singapore,Southeast Asia,Mid,Remote,106000,"SQL, TensorFlow, scikit-learn",3,48.0,LinkedIn,2025-03-13
JOB00943,AI Data Analyst,PulseTechnologies,Manufacturing,Brazil,South America,Senior,Hybrid,56500,"Azure ML, Docker, Excel, NLP, Prompt Engineering",5,18.0,LinkedIn,2025-06-20
JOB00944,AI Product Analyst,AtlasSolutions,Manufacturing,United Kingdom,Europe,Mid,Hybrid,87000,"AWS, ETL, LLMs, NLP, Prompt Engineering",5,41.0,LinkedIn,2025-09-03
JOB00945,AI Product Analyst,PrismIntelligence,Education,Australia,Oceania,Senior,Hybrid,166000,"Computer Vision, Generative AI, LLMs, MLOps, Python, Statistics",6,20.0,Indeed,2025-08-05
JOB00946,Business Intelligence Analyst (AI),HelixGroup,Telecom,India,South Asia,Mid,On-site,29500,"AWS, LLMs, NLP, R",4,33.0,Glassdoor,2025-03-17
JOB00947,Generative AI Developer,VertexData,Telecom,Singapore,Southeast Asia,Senior,On-site,162000,"Azure ML, ETL, Generative AI, TensorFlow",4,21.0,CompanyWebsite,2025-12-07
JOB00948,Applied Scientist,PrismIntelligence,Media & Entertainment,Netherlands,Europe,Senior,On-site,181000,"Azure ML, Data Visualization, Docker, TensorFlow",4,14.0,Glassdoor,2025-01-09
JOB00949,Data Scientist,PulseAI,E-commerce,Australia,Oceania,Lead,On-site,230000,"AWS, Azure ML, scikit-learn",3,5.0,Indeed,2025-10-09
JOB00950,AI Product Analyst,PrismIntelligence,Government,Germany,Europe,Mid,Remote,64500,"LLMs, MLOps, PyTorch, scikit-learn",4,43.0,Indeed,2025-09-04
JOB00951,MLOps Engineer,AtlasIntelligence,Consulting,Brazil,South America,Lead,Hybrid,149500,"A/B Testing, Docker, Excel, R, Statistics",5,14.0,CompanyWebsite,2025-08-14
JOB00952,Business Intelligence Analyst (AI),NovaGroup,Media & Entertainment,Ireland,Europe,Mid,On-site,71000,"Data Visualization, Generative AI, Power BI, Prompt Engineering",4,33.0,CompanyWebsite,2025-11-11
JOB00953,Prompt Engineer,QuantumGroup,Cybersecurity,Germany,Europe,Entry,Remote,54500,"NLP, Power BI, R, SQL, Tableau",5,64.0,CompanyWebsite,2025-03-29
JOB00954,AI Research Engineer,QuantumSystems,E-commerce,India,South Asia,Mid,Hybrid,51000,"AWS, Generative AI, MLOps, Prompt Engineering, TensorFlow",5,40.0,AngelList,2025-06-30
JOB00955,AI Solutions Consultant,QuantumSystems,E-commerce,United Kingdom,Europe,Mid,Hybrid,88500,"AWS, Docker, Generative AI, NLP, scikit-learn",5,38.0,Indeed,2025-01-21
JOB00956,Business Intelligence Analyst (AI),QuantumTechnologies,Manufacturing,Ireland,Europe,Lead,Hybrid,159000,"Docker, PyTorch, Python",3,13.0,LinkedIn,2025-07-12
JOB00957,Machine Learning Engineer,ZenithAI,Fintech,UAE,Middle East,Entry,Hybrid,64500,"A/B Testing, Computer Vision, PyTorch",3,76.0,LinkedIn,2025-04-28
JOB00958,AI Product Analyst,ArcData,Healthcare,Singapore,Southeast Asia,Entry,On-site,48000,"A/B Testing, Data Visualization, Excel, LLMs, MLOps, Tableau",6,44.0,CompanyWebsite,2025-10-16
JOB00959,AI Data Analyst,HelixWorks,Media & Entertainment,Ireland,Europe,Senior,Remote,90500,"Azure ML, Generative AI, scikit-learn",3,14.0,CompanyWebsite,2025-04-18
JOB00960,AI Ethics Analyst,LumenSolutions,Cybersecurity,India,South Asia,Senior,Hybrid,32500,"Computer Vision, Docker, Excel, LLMs, MLOps, Power BI",6,16.0,Indeed,2025-07-17
JOB00961,AI Solutions Consultant,AtlasLabs,E-commerce,Netherlands,Europe,Mid,On-site,102000,"AWS, Data Visualization, LLMs",3,37.0,Indeed,2025-10-23
JOB00962,NLP Engineer,VertexGroup,Education,Germany,Europe,Senior,On-site,190000,"Data Visualization, Generative AI, LLMs",3,10.0,Glassdoor,2025-10-11
JOB00963,AI Research Engineer,NovaData,Manufacturing,France,Europe,Senior,On-site,197000,"Azure ML, Docker, Power BI",3,11.0,Glassdoor,2025-02-10
JOB00964,Business Intelligence Analyst (AI),DeltaAI,E-commerce,United States,North America,Entry,Remote,57000,"A/B Testing, Azure ML, Python, R",4,75.0,CompanyWebsite,2025-04-26
JOB00965,AI Ethics Analyst,ZenithSystems,Education,India,South Asia,Mid,On-site,30500,"ETL, LLMs, PyTorch, Statistics, Tableau",5,24.0,LinkedIn,2025-05-14
JOB00966,Data Engineer (AI Systems),ArcSolutions,Fintech,Ireland,Europe,Mid,Remote,125000,"Data Visualization, Generative AI, Python, R",4,47.0,Glassdoor,2025-12-12
JOB00967,NLP Engineer,HelixData,Government,Canada,North America,Entry,Hybrid,103000,"Azure ML, Excel, NLP",3,66.0,Indeed,2025-09-05
JOB00968,Data Scientist,OrbitIntelligence,Healthcare,Pakistan,South Asia,Mid,Hybrid,40500,"Computer Vision, Statistics, Tableau",3,35.0,Glassdoor,2025-02-06
JOB00969,Business Intelligence Analyst (AI),ArcSolutions,Telecom,Poland,Europe,Senior,Hybrid,111500,"Azure ML, NLP, Power BI",3,22.0,CompanyWebsite,2025-07-01
JOB00970,NLP Engineer,ArcData,E-commerce,Australia,Oceania,Mid,Remote,169000,"Docker, Excel, Generative AI, PyTorch, Python, Tableau",6,51.0,Indeed,2025-01-31
JOB00971,Data Engineer (AI Systems),NimbusData,Manufacturing,Ireland,Europe,Mid,On-site,122500,"A/B Testing, Generative AI, Power BI, Tableau, scikit-learn",5,30.0,LinkedIn,2025-06-13
JOB00972,AI Data Analyst,QuantumGroup,Manufacturing,United States,North America,Entry,Hybrid,48500,"Excel, LLMs, MLOps, Power BI, Prompt Engineering, scikit-learn",6,62.0,LinkedIn,2025-05-22
JOB00973,Data Engineer (AI Systems),HelixIntelligence,Media & Entertainment,United States,North America,Lead,Remote,255000,"Data Visualization, LLMs, MLOps, NLP, Power BI, Tableau",6,14.0,Indeed,2025-03-09
JOB00974,Applied Scientist,PulseData,Consulting,United States,North America,Entry,Hybrid,107500,"LLMs, MLOps, SQL, Statistics",4,49.0,Indeed,2025-09-15
JOB00975,AI Ethics Analyst,QuantumLabs,Manufacturing,Germany,Europe,Mid,Remote,80000,"Azure ML, Computer Vision, Docker, Generative AI, R",5,42.0,Glassdoor,2025-09-11
JOB00976,Machine Learning Engineer,ArcSolutions,E-commerce,United Kingdom,Europe,Senior,Hybrid,192000,"AWS, Generative AI, MLOps, NLP, R, TensorFlow",6,24.0,CompanyWebsite,2025-02-04
JOB00977,AI Ethics Analyst,QuantumGroup,Consulting,India,South Asia,Mid,Remote,28000,"A/B Testing, Data Visualization, ETL, NLP, TensorFlow",5,47.0,AngelList,2025-06-24
JOB00978,Computer Vision Engineer,QuantumAnalytics,Telecom,Pakistan,South Asia,Senior,On-site,62500,"AWS, R, Statistics",3,11.0,Glassdoor,2025-09-15
JOB00979,Generative AI Developer,QuantumSolutions,Healthcare,Poland,Europe,Mid,Hybrid,105500,"Azure ML, Docker, R",3,40.0,Glassdoor,2025-06-08
JOB00980,AI Research Engineer,ZenithSystems,Education,United Kingdom,Europe,Entry,Hybrid,102000,"Computer Vision, Data Visualization, Excel, PyTorch",4,50.0,Glassdoor,2025-08-30
JOB00981,Generative AI Developer,NovaWorks,Cybersecurity,United Kingdom,Europe,Entry,Remote,79500,"AWS, LLMs, MLOps",3,76.0,LinkedIn,2025-11-04
JOB00982,Prompt Engineer,OrbitData,Education,UAE,Middle East,Entry,Hybrid,50000,"AWS, ETL, PyTorch, R, SQL",5,72.0,LinkedIn,2025-11-18
JOB00983,AI Research Engineer,VantageData,Cybersecurity,Canada,North America,Mid,On-site,150000,"ETL, LLMs, Statistics",3,,LinkedIn,2025-11-01
JOB00984,Data Engineer (AI Systems),QuantumLabs,Healthcare,Singapore,Southeast Asia,Lead,On-site,153000,"Computer Vision, Generative AI, MLOps, Power BI, PyTorch",5,9.0,Indeed,2025-08-14
JOB00985,NLP Engineer,ZenithGroup,Fintech,Ireland,Europe,Entry,On-site,89500,"A/B Testing, Docker, ETL, Generative AI, Statistics",5,53.0,Indeed,2025-12-01
JOB00986,AI Product Analyst,OrbitIntelligence,Telecom,France,Europe,Entry,Remote,50000,"Computer Vision, Docker, Python",3,81.0,LinkedIn,2025-08-12
JOB00987,MLOps Engineer,AtlasAnalytics,Healthcare,United Kingdom,Europe,Mid,On-site,126000,"Excel, Generative AI, Python, SQL",4,25.0,AngelList,2025-01-29
JOB00988,AI Research Engineer,OrbitSystems,Consulting,Netherlands,Europe,Entry,Hybrid,85000,"Azure ML, Docker, NLP",3,64.0,LinkedIn,2025-06-21
JOB00989,NLP Engineer,AtlasGroup,Media & Entertainment,United Kingdom,Europe,Mid,Hybrid,148500,"Data Visualization, Excel, PyTorch, Tableau, TensorFlow",5,39.0,AngelList,2025-11-16
JOB00990,Prompt Engineer,PulseAI,Cybersecurity,UAE,Middle East,Mid,On-site,97000,"AWS, ETL, LLMs, NLP, R, TensorFlow",6,24.0,CompanyWebsite,2025-05-05
JOB00991,NLP Engineer,VertexAnalytics,Education,Pakistan,South Asia,Mid,Remote,44500,"Azure ML, Statistics, scikit-learn",3,55.0,Indeed,2025-02-12
JOB00992,Prompt Engineer,OrbitWorks,Consulting,Netherlands,Europe,Entry,Remote,57000,"Docker, ETL, Generative AI, LLMs, MLOps, R",6,83.0,CompanyWebsite,2025-08-22
JOB00993,AI Research Engineer,QuantumIntelligence,Healthcare,Singapore,Southeast Asia,Entry,On-site,73500,"Data Visualization, Excel, Generative AI, Power BI",4,41.0,CompanyWebsite,2025-11-10
JOB00994,AI Research Engineer,AtlasTechnologies,Healthcare,Pakistan,South Asia,Mid,On-site,60500,"A/B Testing, Data Visualization, Docker, SQL, TensorFlow",5,23.0,LinkedIn,2025-06-17
JOB00995,AI Product Analyst,HelixAnalytics,Cybersecurity,United States,North America,Mid,Hybrid,100000,"A/B Testing, AWS, Generative AI, PyTorch, Statistics",5,33.0,LinkedIn,2025-05-17
JOB00996,AI Ethics Analyst,ZenithAnalytics,Media & Entertainment,UAE,Middle East,Senior,Remote,109000,"Excel, PyTorch, R, Tableau, TensorFlow",5,,LinkedIn,2025-07-17
JOB00997,Data Engineer (AI Systems),DeltaLabs,Fintech,United Kingdom,Europe,Mid,Hybrid,116000,"Docker, ETL, Prompt Engineering, PyTorch, R, Tableau",6,47.0,Glassdoor,2025-12-19
JOB00998,Prompt Engineer,QuantumWorks,Consulting,Poland,Europe,Entry,Hybrid,65000,"AWS, Azure ML, LLMs, NLP, Python",5,64.0,LinkedIn,2025-09-27
JOB00999,Generative AI Developer,OrbitData,Manufacturing,United Kingdom,Europe,Senior,Hybrid,178500,"Data Visualization, MLOps, Prompt Engineering, Statistics",4,15.0,Indeed,2025-05-18
JOB01000,Computer Vision Engineer,DeltaSystems,Fintech,UAE,Middle East,Lead,On-site,222000,"Computer Vision, Data Visualization, ETL, SQL",4,5.0,CompanyWebsite,2025-07-24
JOB01001,Prompt Engineer,LumenWorks,E-commerce,Pakistan,South Asia,Mid,Remote,37000,"NLP, PyTorch, R, scikit-learn",4,51.0,CompanyWebsite,2025-11-02
JOB01002,Generative AI Developer,VertexIntelligence,Fintech,United States,North America,Mid,On-site,140500,"AWS, Excel, Generative AI, Power BI, Python, Statistics",6,28.0,Indeed,2025-08-25
JOB01003,AI Solutions Consultant,NovaData,Government,United States,North America,Mid,Remote,148000,"Azure ML, Excel, Prompt Engineering, PyTorch",4,62.0,LinkedIn,2025-05-07
JOB01004,Applied Scientist,NovaIntelligence,Manufacturing,United States,North America,Entry,Hybrid,115500,"AWS, MLOps, Prompt Engineering, Python, Tableau, scikit-learn",6,48.0,AngelList,2025-06-24
JOB01005,Applied Scientist,NovaIntelligence,Telecom,Ireland,Europe,Senior,Remote,202500,"Generative AI, NLP, PyTorch",3,15.0,CompanyWebsite,2025-02-20
JOB01006,Computer Vision Engineer,OrbitIntelligence,Media & Entertainment,Poland,Europe,Entry,Remote,96500,"Computer Vision, Data Visualization, Power BI",3,82.0,Indeed,2025-09-28
JOB01007,Data Engineer (AI Systems),QuantumSolutions,Government,Poland,Europe,Entry,Remote,55500,"ETL, Excel, Tableau, scikit-learn",4,75.0,Indeed,2025-09-15
JOB01008,AI Product Analyst,QuantumAnalytics,Telecom,United Kingdom,Europe,Mid,On-site,74000,"Data Visualization, Excel, MLOps, Prompt Engineering, PyTorch, Python",6,32.0,Indeed,2025-01-04
JOB01009,AI Ethics Analyst,NovaSystems,Media & Entertainment,Pakistan,South Asia,Mid,On-site,36500,"Azure ML, Computer Vision, ETL, MLOps, Tableau, scikit-learn",6,20.0,CompanyWebsite,2025-03-15
JOB01010,Data Engineer (AI Systems),VertexData,Consulting,India,South Asia,Mid,Remote,40000,"Excel, Power BI, Statistics, scikit-learn",4,44.0,LinkedIn,2025-08-22
JOB01011,Computer Vision Engineer,QuantumWorks,Telecom,United States,North America,Entry,On-site,88500,"Azure ML, Computer Vision, Data Visualization, ETL, LLMs",5,47.0,LinkedIn,2025-01-09
JOB01012,Generative AI Developer,NovaLabs,Healthcare,Netherlands,Europe,Mid,Remote,155500,"Data Visualization, Generative AI, MLOps",3,35.0,CompanyWebsite,2025-07-10
JOB01013,AI Data Analyst,DeltaAI,Manufacturing,Singapore,Southeast Asia,Mid,Remote,47500,"LLMs, NLP, Prompt Engineering, Python",4,53.0,Glassdoor,2025-03-07
JOB01014,NLP Engineer,ArcWorks,Media & Entertainment,India,South Asia,Mid,Remote,50000,"Computer Vision, Power BI, Python, TensorFlow",4,50.0,CompanyWebsite,2025-12-22
JOB01015,Data Scientist,ZenithSolutions,Education,India,South Asia,Lead,Hybrid,84000,"AWS, Computer Vision, Docker, R, SQL, Statistics",6,12.0,Glassdoor,2025-06-11
JOB01016,Computer Vision Engineer,HelixAnalytics,Cybersecurity,India,South Asia,Senior,Hybrid,71000,"Data Visualization, NLP, TensorFlow",3,24.0,LinkedIn,2025-04-20
JOB01017,Applied Scientist,PulseWorks,Education,Australia,Oceania,Mid,Hybrid,167000,"AWS, Azure ML, Statistics, TensorFlow",4,46.0,LinkedIn,2025-10-18
JOB01018,Computer Vision Engineer,ArcLabs,E-commerce,UAE,Middle East,Senior,On-site,197500,"ETL, Excel, LLMs, TensorFlow, scikit-learn",5,14.0,CompanyWebsite,2025-11-19
JOB01019,Applied Scientist,QuantumGroup,Consulting,United States,North America,Senior,Remote,236500,"A/B Testing, AWS, Power BI, PyTorch, SQL, scikit-learn",6,23.0,LinkedIn,2025-06-07
JOB01020,AI Solutions Consultant,NimbusData,Manufacturing,UAE,Middle East,Senior,Hybrid,157000,"AWS, Docker, ETL, NLP, Power BI",5,15.0,CompanyWebsite,2025-04-17
JOB01021,Generative AI Developer,ZenithSolutions,Consulting,India,South Asia,Entry,Hybrid,31500,"A/B Testing, AWS, Generative AI, Power BI, Prompt Engineering, Statistics",6,48.0,LinkedIn,2025-10-07
JOB01022,AI Product Analyst,ZenithIntelligence,Education,United Kingdom,Europe,Senior,Remote,117500,"Data Visualization, LLMs, NLP, Power BI, Prompt Engineering, Tableau",6,28.0,LinkedIn,2025-10-17
JOB01023,AI Data Analyst,OrbitWorks,E-commerce,Pakistan,South Asia,Mid,Hybrid,20500,"Excel, Prompt Engineering, PyTorch",3,46.0,LinkedIn,2025-11-19
JOB01024,Computer Vision Engineer,LumenSolutions,Consulting,Brazil,South America,Senior,Remote,92500,"A/B Testing, Computer Vision, MLOps, NLP, scikit-learn",5,30.0,LinkedIn,2025-02-22
JOB01025,Business Intelligence Analyst (AI),NovaSystems,Consulting,United States,North America,Entry,Hybrid,55500,"AWS, Excel, Prompt Engineering, R",4,54.0,Glassdoor,2025-09-03
JOB01026,MLOps Engineer,LumenSolutions,E-commerce,France,Europe,Lead,Remote,181000,"Computer Vision, ETL, Power BI, Statistics",4,17.0,LinkedIn,2025-12-11
JOB01027,AI Ethics Analyst,VertexSystems,Media & Entertainment,United Kingdom,Europe,Mid,Hybrid,79000,"A/B Testing, Generative AI, NLP",3,41.0,LinkedIn,2025-03-27
JOB01028,Prompt Engineer,PulseGroup,Telecom,Germany,Europe,Mid,Hybrid,95000,"Azure ML, LLMs, MLOps, Power BI, Python, TensorFlow",6,44.0,LinkedIn,2025-10-20
JOB01029,AI Product Analyst,DeltaTechnologies,Telecom,United States,North America,Senior,Remote,172500,"A/B Testing, AWS, ETL, scikit-learn",4,35.0,LinkedIn,2025-10-29
JOB01030,Data Scientist,PrismData,Consulting,Ireland,Europe,Entry,Remote,85000,"Computer Vision, Docker, Excel, MLOps, PyTorch",5,84.0,Glassdoor,2025-10-01
JOB01031,AI Data Analyst,LumenWorks,Government,United Kingdom,Europe,Mid,Hybrid,64500,"A/B Testing, LLMs, Prompt Engineering, R, Tableau",5,35.0,Glassdoor,2025-06-06
JOB01032,AI Ethics Analyst,NovaAI,Media & Entertainment,United States,North America,Senior,Hybrid,149000,"AWS, Data Visualization, MLOps, Python, R, TensorFlow",6,21.0,LinkedIn,2025-04-14
JOB01033,Computer Vision Engineer,VertexLabs,Cybersecurity,Singapore,Southeast Asia,Lead,On-site,201500,"AWS, Azure ML, Power BI, Tableau, TensorFlow",5,4.0,LinkedIn,2025-09-01
JOB01034,NLP Engineer,NovaAI,Telecom,Australia,Oceania,Mid,Remote,114000,"ETL, NLP, Power BI",3,45.0,LinkedIn,2025-02-07
JOB01035,Data Scientist,NimbusTechnologies,Government,Poland,Europe,Senior,Remote,196500,"A/B Testing, Azure ML, Docker, Power BI, Statistics",5,19.0,Glassdoor,2025-05-08
JOB01036,MLOps Engineer,VantageLabs,Fintech,India,South Asia,Entry,Hybrid,32500,"Azure ML, Excel, LLMs, Power BI, TensorFlow",5,53.0,CompanyWebsite,2025-02-14
JOB01037,AI Research Engineer,OrbitLabs,E-commerce,Pakistan,South Asia,Mid,On-site,49500,"AWS, Data Visualization, ETL, Generative AI",4,29.0,Indeed,2025-04-26
JOB01038,AI Data Analyst,CortexData,E-commerce,Germany,Europe,Entry,Hybrid,39000,"Data Visualization, Docker, ETL, Statistics, scikit-learn",5,55.0,LinkedIn,2025-07-30
JOB01039,MLOps Engineer,ArcGroup,Fintech,Ireland,Europe,Entry,Remote,69500,"Docker, Generative AI, MLOps",3,78.0,Indeed,2025-01-27
JOB01040,Business Intelligence Analyst (AI),CortexSystems,E-commerce,Australia,Oceania,Mid,Hybrid,89000,"A/B Testing, Excel, Generative AI, Statistics",4,37.0,LinkedIn,2025-02-05
JOB01041,AI Solutions Consultant,LumenAnalytics,Government,United Kingdom,Europe,Senior,Hybrid,142500,"Excel, PyTorch, Statistics",3,17.0,Glassdoor,2025-09-12
JOB01042,Applied Scientist,NovaLabs,Consulting,United States,North America,Lead,Remote,357000,"Generative AI, MLOps, NLP, Python, TensorFlow",5,7.0,LinkedIn,2025-04-11
JOB01043,Computer Vision Engineer,AtlasAI,E-commerce,Poland,Europe,Entry,Hybrid,90000,"A/B Testing, LLMs, SQL, Statistics, TensorFlow, scikit-learn",6,56.0,LinkedIn,2025-12-27
JOB01044,Data Scientist,CortexLabs,Manufacturing,Pakistan,South Asia,Mid,On-site,31500,"SQL, Tableau, scikit-learn",3,33.0,LinkedIn,2025-09-19
JOB01045,AI Research Engineer,PulseAI,Healthcare,Germany,Europe,Senior,Remote,209500,"A/B Testing, Generative AI, Tableau, TensorFlow",4,32.0,LinkedIn,2025-10-18
JOB01046,AI Data Analyst,OrbitLabs,Cybersecurity,India,South Asia,Senior,Hybrid,30000,"Generative AI, LLMs, Power BI, SQL, Statistics, scikit-learn",6,,CompanyWebsite,2025-04-24
JOB01047,MLOps Engineer,NimbusTechnologies,Cybersecurity,United Kingdom,Europe,Mid,Hybrid,121000,"Excel, Generative AI, Power BI, scikit-learn",4,52.0,AngelList,2025-09-01
JOB01048,Computer Vision Engineer,LumenTechnologies,Healthcare,United Kingdom,Europe,Mid,Hybrid,132500,"AWS, Excel, PyTorch, SQL, Tableau",5,32.0,Glassdoor,2025-02-16
JOB01049,Data Engineer (AI Systems),LumenSolutions,Government,Singapore,Southeast Asia,Mid,Hybrid,89500,"MLOps, NLP, Power BI, scikit-learn",4,30.0,LinkedIn,2025-01-13
JOB01050,Generative AI Developer,HelixSolutions,E-commerce,United States,North America,Mid,Remote,168500,"Azure ML, Computer Vision, Data Visualization, Tableau, TensorFlow, scikit-learn",6,46.0,Glassdoor,2025-04-21
JOB01051,NLP Engineer,ArcTechnologies,Cybersecurity,Germany,Europe,Lead,Remote,225500,"Generative AI, MLOps, NLP, Power BI, Tableau",5,11.0,Glassdoor,2025-11-16
JOB01052,NLP Engineer,VertexGroup,Manufacturing,Ireland,Europe,Mid,Remote,145000,"Excel, Generative AI, NLP, Power BI, SQL, scikit-learn",6,49.0,LinkedIn,2025-10-18
JOB01053,Machine Learning Engineer,NimbusTechnologies,Cybersecurity,United States,North America,Lead,On-site,287500,"A/B Testing, Docker, Generative AI, Python, SQL",5,11.0,LinkedIn,2025-08-14
JOB01054,AI Product Analyst,VantageLabs,Government,UAE,Middle East,Entry,Remote,51000,"Computer Vision, Data Visualization, Generative AI, MLOps, Prompt Engineering, Python",6,73.0,LinkedIn,2025-07-11
JOB01055,Generative AI Developer,QuantumAnalytics,Cybersecurity,United Kingdom,Europe,Senior,Hybrid,200000,"MLOps, Python, SQL",3,16.0,LinkedIn,2025-12-13
JOB01056,Machine Learning Engineer,DeltaAI,Manufacturing,India,South Asia,Mid,Remote,43500,"ETL, Excel, Prompt Engineering, Python",4,52.0,LinkedIn,2025-06-25
JOB01057,Data Engineer (AI Systems),LumenAnalytics,Education,Pakistan,South Asia,Mid,Remote,35500,"A/B Testing, Computer Vision, Data Visualization, Docker, Prompt Engineering, Python",6,40.0,LinkedIn,2025-04-05
JOB01058,Business Intelligence Analyst (AI),DeltaData,Consulting,United States,North America,Mid,On-site,108500,"Computer Vision, Docker, PyTorch, R, TensorFlow, scikit-learn",6,29.0,LinkedIn,2025-01-14
JOB01059,AI Ethics Analyst,PulseTechnologies,Media & Entertainment,United Kingdom,Europe,Mid,Hybrid,86500,"AWS, Data Visualization, Excel, R, TensorFlow",5,36.0,LinkedIn,2025-02-21
JOB01060,Generative AI Developer,HelixData,Education,United States,North America,Mid,On-site,133500,"Data Visualization, Docker, MLOps, R, Tableau",5,23.0,LinkedIn,2025-08-10
JOB01061,Business Intelligence Analyst (AI),AtlasIntelligence,Media & Entertainment,Australia,Oceania,Mid,On-site,81000,"AWS, MLOps, PyTorch, R",4,34.0,Indeed,2025-11-25
JOB01062,Data Engineer (AI Systems),NimbusGroup,Manufacturing,France,Europe,Entry,Remote,51000,"Excel, LLMs, MLOps, NLP, R, SQL",6,,LinkedIn,2025-02-15
JOB01063,Prompt Engineer,AtlasGroup,Fintech,United States,North America,Mid,On-site,112000,"Azure ML, Excel, Power BI, Prompt Engineering, Python, scikit-learn",6,34.0,CompanyWebsite,2025-10-20
JOB01064,Machine Learning Engineer,QuantumIntelligence,E-commerce,Poland,Europe,Lead,Remote,238500,"Excel, LLMs, R",3,10.0,AngelList,2025-08-08
JOB01065,AI Data Analyst,HelixSolutions,Telecom,Pakistan,South Asia,Senior,Remote,34500,"Azure ML, Docker, PyTorch, TensorFlow",4,26.0,CompanyWebsite,2025-03-02
JOB01066,Prompt Engineer,AtlasSolutions,Cybersecurity,India,South Asia,Senior,Remote,43000,"Azure ML, Docker, Excel, LLMs, Prompt Engineering, Statistics",6,26.0,LinkedIn,2025-03-07
JOB01067,Computer Vision Engineer,ArcSolutions,Education,United States,North America,Senior,Hybrid,236000,"ETL, Prompt Engineering, PyTorch, SQL, Statistics, TensorFlow",6,18.0,Indeed,2025-04-12
JOB01068,Computer Vision Engineer,NimbusGroup,Cybersecurity,United Kingdom,Europe,Entry,On-site,93500,"Data Visualization, LLMs, Python, R",4,52.0,Glassdoor,2025-06-16
JOB01069,Machine Learning Engineer,AtlasAI,Manufacturing,Germany,Europe,Entry,Hybrid,92000,"AWS, LLMs, Python",3,60.0,Indeed,2025-05-03
JOB01070,Prompt Engineer,LumenGroup,Cybersecurity,Singapore,Southeast Asia,Lead,Remote,126000,"Power BI, Python, R, SQL",4,13.0,Glassdoor,2025-09-19
JOB01071,Applied Scientist,CortexWorks,Media & Entertainment,India,South Asia,Senior,Remote,69000,"Data Visualization, Generative AI, Python, R, Statistics, scikit-learn",6,24.0,LinkedIn,2025-06-11
JOB01072,Prompt Engineer,ArcData,E-commerce,India,South Asia,Entry,Hybrid,19500,"Computer Vision, Data Visualization, ETL, LLMs, Statistics",5,57.0,LinkedIn,2025-10-19
JOB01073,AI Data Analyst,AtlasGroup,Fintech,India,South Asia,Entry,On-site,17000,"A/B Testing, Excel, Generative AI, LLMs, PyTorch, Python",6,58.0,AngelList,2025-09-01
JOB01074,AI Research Engineer,OrbitTechnologies,E-commerce,India,South Asia,Mid,On-site,44500,"Computer Vision, MLOps, NLP, Power BI, Python, Statistics",6,30.0,Glassdoor,2025-12-20
JOB01075,Business Intelligence Analyst (AI),ZenithGroup,Fintech,Germany,Europe,Senior,Remote,133000,"AWS, Azure ML, Generative AI, R, Statistics",5,30.0,AngelList,2025-12-14
JOB01076,MLOps Engineer,VertexIntelligence,Education,United Kingdom,Europe,Senior,Hybrid,191500,"Data Visualization, Docker, ETL, Excel, Power BI",5,22.0,AngelList,2025-05-05
JOB01077,Machine Learning Engineer,PulseData,Healthcare,United States,North America,Entry,Hybrid,86000,"Data Visualization, Docker, Excel, Prompt Engineering, Python, R",6,59.0,LinkedIn,2025-03-16
JOB01078,Data Engineer (AI Systems),AtlasData,E-commerce,United Kingdom,Europe,Mid,On-site,82500,"Docker, ETL, Tableau",3,32.0,CompanyWebsite,2025-01-01
JOB01079,Data Engineer (AI Systems),ArcAnalytics,Government,UAE,Middle East,Senior,Hybrid,123000,"Generative AI, MLOps, Prompt Engineering",3,17.0,LinkedIn,2025-11-12
JOB01080,Applied Scientist,OrbitWorks,Media & Entertainment,Ireland,Europe,Senior,Remote,207000,"AWS, PyTorch, R, Statistics",4,22.0,Indeed,2025-01-05
JOB01081,Data Scientist,DeltaData,Manufacturing,United States,North America,Mid,Remote,133000,"A/B Testing, Excel, Tableau, TensorFlow",4,50.0,Indeed,2025-02-15
JOB01082,AI Solutions Consultant,QuantumData,Consulting,United Kingdom,Europe,Senior,Hybrid,132500,"Prompt Engineering, TensorFlow, scikit-learn",3,19.0,LinkedIn,2025-09-13
JOB01083,Computer Vision Engineer,VertexGroup,Telecom,UAE,Middle East,Entry,On-site,81000,"R, SQL, scikit-learn",3,49.0,LinkedIn,2025-11-10
JOB01084,AI Data Analyst,VantageData,Education,Netherlands,Europe,Entry,On-site,39500,"Data Visualization, MLOps, R",3,49.0,Indeed,2025-05-05
JOB01085,Applied Scientist,OrbitAI,Education,Canada,North America,Entry,Remote,103000,"Docker, Generative AI, Statistics, TensorFlow",4,,AngelList,2025-06-05
JOB01086,Business Intelligence Analyst (AI),VertexGroup,Government,Canada,North America,Entry,Hybrid,52500,"Azure ML, PyTorch, R, Statistics, scikit-learn",5,63.0,AngelList,2025-12-28
JOB01087,Computer Vision Engineer,CortexLabs,Consulting,United States,North America,Entry,Remote,104500,"Prompt Engineering, PyTorch, Python, R",4,68.0,CompanyWebsite,2025-07-03
JOB01088,AI Ethics Analyst,HelixTechnologies,Healthcare,Pakistan,South Asia,Mid,Remote,35000,"AWS, Computer Vision, Generative AI, MLOps, PyTorch, Statistics",6,54.0,Glassdoor,2025-11-23
JOB01089,Prompt Engineer,NovaAnalytics,Manufacturing,Canada,North America,Mid,Remote,123000,"Docker, NLP, Tableau, TensorFlow",4,47.0,LinkedIn,2025-07-23
JOB01090,NLP Engineer,PulseSystems,Consulting,Pakistan,South Asia,Mid,Remote,52500,"AWS, Docker, SQL, TensorFlow",4,55.0,LinkedIn,2025-11-10
JOB01091,Prompt Engineer,ArcAI,Fintech,Pakistan,South Asia,Entry,Remote,21500,"Computer Vision, Data Visualization, ETL, Generative AI, Python, scikit-learn",6,82.0,AngelList,2025-04-29
JOB01092,NLP Engineer,LumenLabs,Media & Entertainment,Germany,Europe,Mid,Remote,144500,"Data Visualization, ETL, R",3,62.0,Glassdoor,2025-07-13
JOB01093,Prompt Engineer,NovaData,Cybersecurity,United States,North America,Entry,Hybrid,72500,"AWS, Computer Vision, scikit-learn",3,70.0,Glassdoor,2025-06-14
JOB01094,Data Scientist,NovaAnalytics,Media & Entertainment,Germany,Europe,Senior,On-site,173000,"Data Visualization, Generative AI, NLP",3,,LinkedIn,2025-03-14
JOB01095,Data Engineer (AI Systems),ArcTechnologies,E-commerce,United States,North America,Entry,Remote,106000,"Azure ML, Computer Vision, Excel, PyTorch, SQL",5,68.0,LinkedIn,2025-10-06
JOB01096,Data Engineer (AI Systems),QuantumData,Education,United States,North America,Entry,Remote,82000,"A/B Testing, Azure ML, Docker, ETL, Statistics",5,92.0,CompanyWebsite,2025-01-25
JOB01097,Machine Learning Engineer,VertexGroup,Government,United Kingdom,Europe,Lead,On-site,201000,"Azure ML, Data Visualization, Generative AI, NLP, Power BI, Python",6,7.0,Glassdoor,2025-06-13
JOB01098,Data Scientist,OrbitAI,Government,United Kingdom,Europe,Entry,Hybrid,60500,"A/B Testing, Generative AI, Prompt Engineering, PyTorch",4,60.0,Glassdoor,2025-08-20
JOB01099,Business Intelligence Analyst (AI),ArcSystems,Media & Entertainment,Pakistan,South Asia,Mid,Hybrid,30500,"ETL, LLMs, MLOps, Prompt Engineering, PyTorch, TensorFlow",6,48.0,Indeed,2025-02-28
JOB01100,Applied Scientist,LumenIntelligence,Manufacturing,United States,North America,Senior,Remote,315000,"Azure ML, LLMs, Prompt Engineering, scikit-learn",4,26.0,AngelList,2025-12-13
JOB01101,Machine Learning Engineer,OrbitSolutions,Fintech,United Kingdom,Europe,Mid,Hybrid,120000,"Azure ML, Statistics, Tableau",3,27.0,LinkedIn,2025-09-14
JOB01102,Data Scientist,VertexLabs,Education,Poland,Europe,Entry,On-site,74000,"A/B Testing, AWS, Docker, Generative AI, Power BI, Python",6,32.0,LinkedIn,2025-03-05
JOB01103,Computer Vision Engineer,VantageWorks,Healthcare,United States,North America,Lead,Hybrid,231000,"AWS, Docker, NLP, scikit-learn",4,8.0,LinkedIn,2025-09-22
JOB01104,MLOps Engineer,HelixGroup,Cybersecurity,United States,North America,Lead,Remote,313500,"Computer Vision, Docker, LLMs, SQL",4,13.0,LinkedIn,2025-10-04
JOB01105,AI Research Engineer,PulseLabs,Cybersecurity,Pakistan,South Asia,Senior,On-site,63500,"Data Visualization, ETL, Excel, R",4,18.0,AngelList,2025-02-01
JOB01106,AI Research Engineer,PrismAnalytics,Healthcare,Poland,Europe,Entry,Hybrid,87500,"Data Visualization, Docker, PyTorch, SQL, Statistics",5,66.0,Indeed,2025-10-11
JOB01107,NLP Engineer,OrbitGroup,Consulting,France,Europe,Entry,Hybrid,90500,"Computer Vision, Excel, Python",3,57.0,Glassdoor,2025-03-22
JOB01108,Business Intelligence Analyst (AI),HelixSystems,Manufacturing,United Kingdom,Europe,Senior,Hybrid,98000,"A/B Testing, ETL, Prompt Engineering, PyTorch",4,26.0,Glassdoor,2025-04-24
JOB01109,Data Engineer (AI Systems),PrismSystems,Fintech,Germany,Europe,Mid,Hybrid,117500,"Azure ML, Data Visualization, ETL, MLOps",4,31.0,LinkedIn,2025-02-18
JOB01110,AI Data Analyst,HelixGroup,Cybersecurity,United Kingdom,Europe,Lead,Remote,140500,"Computer Vision, LLMs, MLOps, Python, TensorFlow, scikit-learn",6,18.0,LinkedIn,2025-11-04
JOB01111,AI Data Analyst,AtlasSolutions,Fintech,United Kingdom,Europe,Mid,Hybrid,54500,"Azure ML, Data Visualization, Docker, PyTorch, Statistics",5,35.0,Indeed,2025-01-17
JOB01112,AI Ethics Analyst,PrismWorks,Cybersecurity,Netherlands,Europe,Entry,On-site,57500,"Generative AI, LLMs, MLOps, Prompt Engineering, scikit-learn",5,46.0,AngelList,2025-02-20
JOB01113,Business Intelligence Analyst (AI),HelixWorks,Healthcare,United Kingdom,Europe,Entry,Remote,51000,"AWS, Data Visualization, LLMs, NLP, R, Tableau",6,77.0,LinkedIn,2025-05-09
JOB01114,NLP Engineer,LumenLabs,Government,Singapore,Southeast Asia,Entry,On-site,67000,"Power BI, Python, SQL",3,50.0,Indeed,2025-04-13
JOB01115,AI Solutions Consultant,DeltaIntelligence,Telecom,United States,North America,Senior,On-site,178000,"Data Visualization, ETL, LLMs, PyTorch, TensorFlow, scikit-learn",6,13.0,CompanyWebsite,2025-10-04
JOB01116,Computer Vision Engineer,NimbusGroup,Consulting,India,South Asia,Entry,On-site,34500,"AWS, LLMs, NLP, Python, R",5,45.0,Glassdoor,2025-10-27
JOB01117,Computer Vision Engineer,DeltaSolutions,Cybersecurity,Poland,Europe,Lead,Hybrid,177500,"AWS, ETL, Excel, LLMs, Prompt Engineering, Python",6,10.0,LinkedIn,2025-06-24
JOB01118,Machine Learning Engineer,VantageTechnologies,Media & Entertainment,United Kingdom,Europe,Entry,Remote,62000,"ETL, LLMs, Prompt Engineering, SQL, Statistics, TensorFlow",6,86.0,LinkedIn,2025-02-28
JOB01119,AI Research Engineer,OrbitSystems,Manufacturing,Canada,North America,Entry,Remote,100000,"Azure ML, Docker, Power BI, Prompt Engineering, Statistics",5,89.0,LinkedIn,2025-11-03
JOB01120,Machine Learning Engineer,VantageLabs,Telecom,Brazil,South America,Mid,Remote,58500,"A/B Testing, Computer Vision, Data Visualization, LLMs, PyTorch, TensorFlow",6,57.0,AngelList,2025-08-15
JOB01121,Data Scientist,NovaSolutions,Manufacturing,United Kingdom,Europe,Entry,On-site,77500,"Computer Vision, Data Visualization, Generative AI, R, SQL, scikit-learn",6,47.0,LinkedIn,2025-07-29
JOB01122,Prompt Engineer,AtlasWorks,E-commerce,United States,North America,Senior,Remote,129500,"ETL, NLP, Python",3,46.0,LinkedIn,2025-11-12
JOB01123,AI Data Analyst,VantageWorks,Cybersecurity,India,South Asia,Mid,On-site,22500,"A/B Testing, Excel, LLMs, NLP, Statistics, Tableau",6,25.0,Glassdoor,2025-06-23
JOB01124,Machine Learning Engineer,DeltaIntelligence,Healthcare,United States,North America,Mid,Remote,140500,"AWS, ETL, Generative AI, NLP, Python, Tableau",6,56.0,LinkedIn,2025-05-11
JOB01125,NLP Engineer,QuantumData,Government,India,South Asia,Mid,Hybrid,44000,"ETL, Generative AI, Python, R",4,31.0,Glassdoor,2025-03-18
JOB01126,Machine Learning Engineer,PrismIntelligence,Manufacturing,France,Europe,Mid,On-site,127000,"Docker, Excel, NLP, Prompt Engineering, Statistics, TensorFlow",6,31.0,LinkedIn,2025-05-10
JOB01127,AI Solutions Consultant,QuantumLabs,Cybersecurity,United Kingdom,Europe,Senior,On-site,171000,"Computer Vision, Prompt Engineering, Python, R, TensorFlow",5,14.0,Indeed,2025-02-10
JOB01128,Machine Learning Engineer,ArcSystems,Media & Entertainment,India,South Asia,Mid,Hybrid,45500,"ETL, Excel, NLP, Power BI, PyTorch",5,36.0,AngelList,2025-10-25
JOB01129,Data Scientist,LumenIntelligence,E-commerce,Poland,Europe,Mid,Hybrid,103000,"Azure ML, Docker, LLMs, Prompt Engineering, PyTorch, SQL",6,31.0,LinkedIn,2025-10-01
JOB01130,MLOps Engineer,PulseAnalytics,Fintech,United States,North America,Entry,On-site,104500,"AWS, Computer Vision, Docker, Excel, SQL, Statistics",6,47.0,LinkedIn,2025-06-19
JOB01131,AI Solutions Consultant,VertexData,Telecom,Netherlands,Europe,Mid,Remote,95500,"Generative AI, NLP, Power BI, Statistics, TensorFlow, scikit-learn",6,56.0,LinkedIn,2025-04-13
JOB01132,Applied Scientist,PulseIntelligence,Cybersecurity,Canada,North America,Senior,On-site,261000,"LLMs, Power BI, Prompt Engineering",3,17.0,Indeed,2025-12-10
JOB01133,Data Engineer (AI Systems),VantageSolutions,Government,United States,North America,Mid,Remote,133000,"MLOps, Prompt Engineering, Statistics, TensorFlow",4,51.0,AngelList,2025-10-07
JOB01134,AI Research Engineer,QuantumIntelligence,Media & Entertainment,France,Europe,Mid,On-site,152000,"Data Visualization, ETL, LLMs, Power BI, Python, R",6,21.0,Glassdoor,2025-06-04
JOB01135,AI Research Engineer,NovaTechnologies,Government,Germany,Europe,Mid,Remote,150000,"Data Visualization, Excel, Generative AI, Python, Tableau",5,54.0,Indeed,2025-01-03
JOB01136,Data Engineer (AI Systems),HelixAnalytics,Consulting,France,Europe,Mid,Hybrid,83500,"Computer Vision, ETL, LLMs, Tableau, TensorFlow",5,33.0,Indeed,2025-06-09
JOB01137,Applied Scientist,HelixTechnologies,Cybersecurity,Poland,Europe,Entry,Hybrid,82500,"Data Visualization, Docker, ETL",3,64.0,LinkedIn,2025-05-15
JOB01138,Data Scientist,CortexAnalytics,Media & Entertainment,Singapore,Southeast Asia,Mid,Remote,83500,"AWS, ETL, Generative AI, MLOps, Python, scikit-learn",6,44.0,Glassdoor,2025-08-26
JOB01139,Computer Vision Engineer,ZenithData,Consulting,UAE,Middle East,Mid,Hybrid,100500,"Azure ML, Computer Vision, Power BI, scikit-learn",4,45.0,LinkedIn,2025-06-21
JOB01140,AI Research Engineer,ZenithIntelligence,Fintech,United States,North America,Entry,Hybrid,119000,"AWS, Azure ML, Computer Vision, Generative AI, Python, R",6,68.0,Indeed,2025-01-09
JOB01141,Data Engineer (AI Systems),OrbitLabs,Fintech,United States,North America,Senior,Hybrid,160500,"Excel, MLOps, R, SQL",4,11.0,LinkedIn,2025-03-19
JOB01142,AI Data Analyst,NimbusWorks,Consulting,United Kingdom,Europe,Mid,Remote,65500,"Generative AI, LLMs, Statistics",3,59.0,Indeed,2025-09-07
JOB01143,Generative AI Developer,VertexSystems,Healthcare,United Kingdom,Europe,Mid,Remote,130500,"A/B Testing, AWS, R, Tableau",4,58.0,LinkedIn,2025-02-19
JOB01144,Data Scientist,AtlasAnalytics,Government,Germany,Europe,Senior,Hybrid,199000,"Azure ML, Computer Vision, Data Visualization, SQL, Statistics",5,14.0,Indeed,2025-04-08
JOB01145,Machine Learning Engineer,QuantumAI,Healthcare,Pakistan,South Asia,Senior,Hybrid,80000,"Docker, Excel, PyTorch, Statistics, Tableau",5,18.0,Glassdoor,2025-10-26
JOB01146,Data Engineer (AI Systems),VertexAnalytics,Consulting,Ireland,Europe,Senior,Hybrid,129000,"Data Visualization, ETL, NLP, Prompt Engineering, SQL, TensorFlow",6,18.0,LinkedIn,2025-11-28
JOB01147,NLP Engineer,VertexAnalytics,Consulting,India,South Asia,Lead,On-site,92000,"AWS, Prompt Engineering, Tableau",3,8.0,Indeed,2025-01-06
JOB01148,AI Product Analyst,NimbusAnalytics,Telecom,India,South Asia,Lead,On-site,57000,"NLP, Python, Statistics",3,6.0,AngelList,2025-11-26
JOB01149,AI Solutions Consultant,ArcTechnologies,Telecom,Ireland,Europe,Senior,Hybrid,132500,"Azure ML, Excel, PyTorch",3,23.0,LinkedIn,2025-03-07
JOB01150,AI Product Analyst,DeltaWorks,Fintech,Ireland,Europe,Entry,Remote,48000,"Azure ML, Data Visualization, ETL, LLMs, Python, R",6,87.0,Indeed,2025-03-02
JOB01151,Applied Scientist,NimbusGroup,Telecom,Pakistan,South Asia,Mid,Hybrid,54000,"AWS, ETL, Excel, Power BI",4,40.0,LinkedIn,2025-01-12
JOB01152,AI Ethics Analyst,LumenAI,Education,United States,North America,Mid,Hybrid,90500,"Power BI, R, SQL, Tableau",4,44.0,Glassdoor,2025-06-15
JOB01153,AI Research Engineer,AtlasSolutions,Government,Brazil,South America,Entry,On-site,50000,"A/B Testing, Prompt Engineering, scikit-learn",3,44.0,LinkedIn,2025-02-23
JOB01154,Generative AI Developer,OrbitLabs,Media & Entertainment,Singapore,Southeast Asia,Mid,Hybrid,114000,"Docker, LLMs, Prompt Engineering, R, TensorFlow, scikit-learn",6,34.0,LinkedIn,2025-01-07
JOB01155,Business Intelligence Analyst (AI),ArcGroup,Telecom,France,Europe,Entry,On-site,48500,"AWS, ETL, NLP",3,54.0,CompanyWebsite,2025-08-20
JOB01156,Business Intelligence Analyst (AI),CortexIntelligence,Healthcare,United Kingdom,Europe,Mid,Hybrid,80500,"ETL, Power BI, Statistics",3,35.0,CompanyWebsite,2025-09-28
JOB01157,AI Product Analyst,CortexSolutions,Cybersecurity,United Kingdom,Europe,Mid,On-site,69000,"Docker, Excel, LLMs, MLOps, Python",5,32.0,AngelList,2025-11-28
JOB01158,AI Ethics Analyst,ArcWorks,Healthcare,United Kingdom,Europe,Senior,Hybrid,134000,"Excel, Generative AI, NLP",3,29.0,AngelList,2025-08-03
JOB01159,Business Intelligence Analyst (AI),HelixAnalytics,Education,United States,North America,Lead,Remote,211000,"Docker, Excel, PyTorch, Python, SQL, TensorFlow",6,5.0,AngelList,2025-11-21
JOB01160,AI Data Analyst,DeltaLabs,Fintech,Pakistan,South Asia,Lead,On-site,54500,"AWS, Docker, Excel, SQL",4,12.0,LinkedIn,2025-05-14
JOB01161,Machine Learning Engineer,VantageIntelligence,Media & Entertainment,United States,North America,Mid,Hybrid,147000,"A/B Testing, Data Visualization, ETL, MLOps, Prompt Engineering, scikit-learn",6,35.0,LinkedIn,2025-10-04
JOB01162,Machine Learning Engineer,HelixSystems,Media & Entertainment,France,Europe,Mid,Remote,123000,"A/B Testing, ETL, Generative AI, Prompt Engineering, PyTorch, Tableau",6,50.0,LinkedIn,2025-11-12
JOB01163,AI Data Analyst,DeltaGroup,Cybersecurity,Singapore,Southeast Asia,Entry,Hybrid,29500,"AWS, Computer Vision, Docker, SQL, TensorFlow",5,68.0,LinkedIn,2025-05-26
JOB01164,AI Solutions Consultant,OrbitGroup,Fintech,Canada,North America,Mid,Remote,144000,"Computer Vision, Excel, MLOps, PyTorch, Statistics, scikit-learn",6,47.0,LinkedIn,2025-04-15
JOB01165,Computer Vision Engineer,NimbusAI,Media & Entertainment,United States,North America,Senior,On-site,211000,"Excel, Generative AI, Power BI, R, SQL",5,16.0,Glassdoor,2025-03-17
JOB01166,Data Engineer (AI Systems),PrismTechnologies,Healthcare,India,South Asia,Entry,Remote,30000,"Excel, R, Tableau",3,69.0,LinkedIn,2025-12-28
JOB01167,AI Data Analyst,NovaSystems,Telecom,United Kingdom,Europe,Mid,Hybrid,51500,"Computer Vision, MLOps, Power BI, Tableau",4,34.0,Indeed,2025-02-08
JOB01168,AI Ethics Analyst,ZenithData,Cybersecurity,United States,North America,Mid,Hybrid,94500,"A/B Testing, Docker, LLMs, NLP, Prompt Engineering",5,32.0,LinkedIn,2025-01-21
JOB01169,AI Research Engineer,NovaAI,Education,France,Europe,Mid,Remote,121500,"A/B Testing, Data Visualization, LLMs, Python, Tableau",5,44.0,AngelList,2025-10-04
JOB01170,Business Intelligence Analyst (AI),PulseIntelligence,Cybersecurity,Netherlands,Europe,Senior,On-site,105000,"AWS, Data Visualization, MLOps, Python",4,20.0,AngelList,2025-03-13
JOB01171,NLP Engineer,NovaTechnologies,Media & Entertainment,Canada,North America,Mid,On-site,126500,"Azure ML, Docker, MLOps, PyTorch, R, SQL",6,21.0,LinkedIn,2025-10-23
JOB01172,NLP Engineer,OrbitAnalytics,Education,Canada,North America,Senior,Remote,219500,"AWS, Computer Vision, Generative AI, MLOps, NLP, Power BI",6,28.0,AngelList,2025-08-01
JOB01173,Generative AI Developer,QuantumSolutions,Fintech,United Kingdom,Europe,Mid,Hybrid,152500,"A/B Testing, Computer Vision, Data Visualization, ETL, Generative AI, TensorFlow",6,44.0,LinkedIn,2025-12-15
JOB01174,Applied Scientist,NovaTechnologies,Education,United States,North America,Mid,Remote,146000,"A/B Testing, Azure ML, ETL, LLMs",4,56.0,Indeed,2025-12-03
JOB01175,AI Solutions Consultant,ArcTechnologies,Cybersecurity,Netherlands,Europe,Lead,On-site,197000,"AWS, Computer Vision, R",3,6.0,LinkedIn,2025-09-29
JOB01176,Generative AI Developer,NovaAnalytics,Education,India,South Asia,Entry,On-site,28000,"ETL, MLOps, PyTorch, Python, SQL, TensorFlow",6,47.0,Indeed,2025-09-23
JOB01177,AI Research Engineer,LumenWorks,Media & Entertainment,United States,North America,Mid,Hybrid,187000,"A/B Testing, Docker, NLP, Python, SQL",5,35.0,Indeed,2025-05-08
JOB01178,Data Scientist,PulseSystems,Cybersecurity,United States,North America,Mid,Remote,156500,"A/B Testing, Docker, NLP, Power BI, SQL, scikit-learn",6,56.0,Indeed,2025-09-13
JOB01179,Computer Vision Engineer,ZenithSystems,E-commerce,Ireland,Europe,Mid,Remote,115000,"A/B Testing, Prompt Engineering, PyTorch, SQL, scikit-learn",5,38.0,LinkedIn,2025-11-30
JOB01180,AI Research Engineer,VantageData,Cybersecurity,Australia,Oceania,Entry,Hybrid,122000,"ETL, R, Tableau, TensorFlow, scikit-learn",5,63.0,LinkedIn,2025-08-17
JOB01181,AI Ethics Analyst,LumenGroup,Media & Entertainment,Poland,Europe,Mid,Hybrid,102500,"Generative AI, MLOps, Power BI, Statistics, Tableau, scikit-learn",6,43.0,LinkedIn,2025-11-29
JOB01182,Prompt Engineer,ZenithSystems,Telecom,India,South Asia,Entry,Hybrid,21000,"Power BI, PyTorch, SQL, TensorFlow",4,49.0,AngelList,2025-12-17
JOB01183,Generative AI Developer,AtlasSystems,Government,Pakistan,South Asia,Entry,On-site,28000,"Computer Vision, Excel, MLOps, TensorFlow",4,45.0,LinkedIn,2025-09-14
JOB01184,Computer Vision Engineer,VertexAnalytics,Media & Entertainment,India,South Asia,Mid,Hybrid,51500,"Azure ML, Docker, MLOps, NLP, Statistics",5,42.0,Indeed,2025-05-14
JOB01185,AI Product Analyst,AtlasLabs,E-commerce,United States,North America,Senior,Hybrid,141000,"A/B Testing, AWS, Data Visualization",3,18.0,LinkedIn,2025-10-28
JOB01186,Data Scientist,NimbusData,Healthcare,Canada,North America,Senior,Hybrid,198000,"Docker, ETL, NLP",3,26.0,LinkedIn,2025-02-10
JOB01187,Prompt Engineer,LumenAI,Fintech,India,South Asia,Senior,Hybrid,62500,"ETL, LLMs, Power BI, R, SQL, TensorFlow",6,24.0,Indeed,2025-07-02
JOB01188,Business Intelligence Analyst (AI),LumenSolutions,E-commerce,UAE,Middle East,Entry,Hybrid,48500,"Azure ML, Computer Vision, NLP, Python",4,70.0,LinkedIn,2025-12-30
JOB01189,Machine Learning Engineer,VertexData,Healthcare,India,South Asia,Mid,Remote,43000,"Docker, SQL, scikit-learn",3,48.0,Indeed,2025-02-06
JOB01190,AI Research Engineer,AtlasData,Manufacturing,United States,North America,Entry,Remote,108000,"Computer Vision, ETL, Excel, MLOps, Power BI",5,80.0,CompanyWebsite,2025-04-02
JOB01191,AI Data Analyst,OrbitIntelligence,Cybersecurity,Canada,North America,Lead,Remote,140000,"AWS, MLOps, Power BI, R",4,16.0,LinkedIn,2025-08-21
JOB01192,Generative AI Developer,ZenithAnalytics,Healthcare,United States,North America,Senior,On-site,216500,"A/B Testing, Data Visualization, R, SQL, scikit-learn",5,20.0,LinkedIn,2025-07-03
JOB01193,MLOps Engineer,PulseWorks,Manufacturing,United Kingdom,Europe,Mid,On-site,114500,"Azure ML, Power BI, PyTorch, SQL, TensorFlow",5,24.0,LinkedIn,2025-06-29
JOB01194,Computer Vision Engineer,OrbitSystems,Education,Canada,North America,Entry,Hybrid,113000,"LLMs, PyTorch, Statistics",3,62.0,LinkedIn,2025-08-30
JOB01195,AI Solutions Consultant,OrbitAI,E-commerce,Pakistan,South Asia,Entry,On-site,23500,"A/B Testing, Prompt Engineering, Tableau",3,54.0,Indeed,2025-11-09
JOB01196,MLOps Engineer,PrismWorks,Media & Entertainment,United Kingdom,Europe,Entry,On-site,75500,"Docker, MLOps, Power BI, Statistics",4,41.0,LinkedIn,2025-12-01
JOB01197,Data Engineer (AI Systems),CortexIntelligence,Telecom,India,South Asia,Lead,Remote,65000,"ETL, LLMs, Power BI, Prompt Engineering, TensorFlow, scikit-learn",6,14.0,LinkedIn,2025-11-18
JOB01198,Business Intelligence Analyst (AI),NovaWorks,Government,France,Europe,Entry,Remote,53000,"A/B Testing, Generative AI, MLOps, Power BI, PyTorch",5,74.0,LinkedIn,2025-12-17
JOB01199,MLOps Engineer,VertexAI,Healthcare,Australia,Oceania,Lead,Remote,283500,"Prompt Engineering, Tableau, scikit-learn",3,18.0,Glassdoor,2025-08-22
JOB01200,Data Engineer (AI Systems),ArcLabs,Education,Singapore,Southeast Asia,Senior,Hybrid,98500,"Computer Vision, Data Visualization, PyTorch, Tableau",4,18.0,Indeed,2025-10-11
JOB01201,AI Data Analyst,LumenSolutions,Fintech,Pakistan,South Asia,Mid,On-site,23500,"Computer Vision, R, Tableau, scikit-learn",4,36.0,Indeed,2025-09-12
JOB01202,Data Engineer (AI Systems),OrbitSystems,E-commerce,Canada,North America,Senior,Remote,139500,"Computer Vision, ETL, Prompt Engineering, TensorFlow, scikit-learn",5,25.0,LinkedIn,2025-12-21
JOB01203,Prompt Engineer,NovaSolutions,Healthcare,India,South Asia,Entry,On-site,25500,"A/B Testing, AWS, Excel, Generative AI, Power BI",5,49.0,LinkedIn,2025-12-04
JOB01204,Generative AI Developer,NovaData,Telecom,Germany,Europe,Senior,Remote,198500,"A/B Testing, AWS, Data Visualization, Excel, SQL, Tableau",6,31.0,LinkedIn,2025-06-06
JOB01205,AI Research Engineer,OrbitData,E-commerce,Germany,Europe,Mid,Hybrid,134500,"Azure ML, Computer Vision, Generative AI, Power BI",4,38.0,LinkedIn,2025-02-03
JOB01206,Prompt Engineer,ArcWorks,Fintech,United States,North America,Mid,Remote,108000,"A/B Testing, Computer Vision, MLOps, Prompt Engineering, Statistics",5,55.0,CompanyWebsite,2025-05-28
JOB01207,Prompt Engineer,DeltaLabs,Education,Singapore,Southeast Asia,Entry,Remote,35500,"Excel, MLOps, PyTorch",3,71.0,Indeed,2025-09-09
JOB01208,Data Engineer (AI Systems),VertexAnalytics,Media & Entertainment,United States,North America,Senior,On-site,191000,"A/B Testing, Azure ML, Data Visualization, Excel, Generative AI, scikit-learn",6,12.0,LinkedIn,2025-10-08
JOB01209,Data Engineer (AI Systems),PrismTechnologies,Fintech,United States,North America,Lead,Remote,232000,"Docker, Prompt Engineering, PyTorch, Python, scikit-learn",5,11.0,Indeed,2025-06-26
JOB01210,MLOps Engineer,QuantumData,Telecom,Australia,Oceania,Entry,Remote,81000,"Computer Vision, Docker, Excel, Power BI, Prompt Engineering, Tableau",6,84.0,AngelList,2025-03-09
JOB01211,AI Ethics Analyst,CortexAnalytics,Government,India,South Asia,Lead,On-site,60000,"Prompt Engineering, SQL, Statistics",3,12.0,Glassdoor,2025-10-26
JOB01212,MLOps Engineer,VertexAI,Telecom,Germany,Europe,Entry,On-site,67000,"ETL, Excel, NLP",3,44.0,Indeed,2025-10-07
JOB01213,AI Product Analyst,ArcGroup,E-commerce,India,South Asia,Senior,Remote,34500,"A/B Testing, AWS, Azure ML, Prompt Engineering, Statistics",5,21.0,Indeed,2025-08-14
JOB01214,AI Solutions Consultant,DeltaLabs,E-commerce,India,South Asia,Mid,Hybrid,34500,"A/B Testing, AWS, Data Visualization, Docker, NLP, Statistics",6,45.0,LinkedIn,2025-01-19
JOB01215,MLOps Engineer,AtlasIntelligence,Consulting,Singapore,Southeast Asia,Senior,Hybrid,159000,"A/B Testing, Computer Vision, Docker, Prompt Engineering, Statistics",5,22.0,AngelList,2025-09-20
JOB01216,AI Data Analyst,ZenithGroup,Cybersecurity,Canada,North America,Mid,Remote,76500,"Azure ML, MLOps, scikit-learn",3,40.0,LinkedIn,2025-04-25
JOB01217,AI Ethics Analyst,QuantumSystems,Education,UAE,Middle East,Senior,On-site,131000,"AWS, Data Visualization, Power BI, PyTorch, TensorFlow",5,15.0,Indeed,2025-10-15
JOB01218,Computer Vision Engineer,AtlasSolutions,Manufacturing,Pakistan,South Asia,Mid,On-site,43500,"AWS, Data Visualization, ETL, MLOps, PyTorch, Python",6,27.0,LinkedIn,2025-08-31
JOB01219,Data Engineer (AI Systems),LumenSolutions,Government,UAE,Middle East,Mid,Remote,105500,"Data Visualization, ETL, Prompt Engineering, PyTorch",4,52.0,AngelList,2025-12-07
JOB01220,Applied Scientist,HelixIntelligence,Manufacturing,United Kingdom,Europe,Lead,Remote,300000,"Azure ML, LLMs, MLOps",3,15.0,LinkedIn,2025-10-26
JOB01221,Generative AI Developer,PulseTechnologies,Education,India,South Asia,Senior,Remote,60500,"AWS, Docker, R, TensorFlow",4,24.0,Indeed,2025-01-15
JOB01222,MLOps Engineer,NimbusData,Media & Entertainment,Netherlands,Europe,Entry,On-site,83000,"Azure ML, MLOps, Prompt Engineering, SQL, Statistics, Tableau",6,41.0,Indeed,2025-06-02
JOB01223,Business Intelligence Analyst (AI),ZenithSolutions,Education,Germany,Europe,Mid,Remote,75500,"AWS, LLMs, SQL",3,41.0,LinkedIn,2025-12-06
JOB01224,AI Research Engineer,AtlasSystems,Government,Pakistan,South Asia,Entry,Hybrid,39000,"Computer Vision, Docker, ETL, R, scikit-learn",5,55.0,CompanyWebsite,2025-01-21
JOB01225,AI Solutions Consultant,LumenData,Media & Entertainment,Pakistan,South Asia,Entry,Hybrid,24000,"LLMs, Prompt Engineering, PyTorch, TensorFlow, scikit-learn",5,57.0,LinkedIn,2025-06-21
JOB01226,Data Scientist,DeltaWorks,Telecom,United Kingdom,Europe,Lead,Hybrid,180500,"SQL, Statistics, Tableau, scikit-learn",4,13.0,Indeed,2025-04-12
JOB01227,Machine Learning Engineer,HelixAI,Media & Entertainment,Brazil,South America,Senior,Remote,122500,"AWS, Azure ML, Computer Vision, MLOps, Python, TensorFlow",6,23.0,LinkedIn,2025-10-14
JOB01228,AI Data Analyst,NimbusIntelligence,E-commerce,Germany,Europe,Senior,On-site,93000,"A/B Testing, Azure ML, Python, R",4,15.0,LinkedIn,2025-05-12
JOB01229,AI Solutions Consultant,QuantumIntelligence,Cybersecurity,United States,North America,Entry,Hybrid,75500,"LLMs, Python, SQL",3,69.0,LinkedIn,2025-12-04
JOB01230,NLP Engineer,NimbusAnalytics,Fintech,United States,North America,Entry,Remote,106000,"Azure ML, Data Visualization, Generative AI, Python, Statistics, Tableau",6,89.0,CompanyWebsite,2025-11-20
JOB01231,MLOps Engineer,PulseAI,Education,Canada,North America,Mid,On-site,148000,"Docker, LLMs, Tableau",3,19.0,LinkedIn,2025-10-19
JOB01232,AI Ethics Analyst,NovaWorks,Telecom,India,South Asia,Mid,Hybrid,27500,"A/B Testing, AWS, LLMs, Python, Statistics",5,32.0,Indeed,2025-06-18
JOB01233,Machine Learning Engineer,AtlasData,Manufacturing,Australia,Oceania,Entry,Remote,80500,"Azure ML, Docker, SQL, Tableau, scikit-learn",5,83.0,LinkedIn,2025-12-17
JOB01234,AI Ethics Analyst,OrbitLabs,Government,Poland,Europe,Mid,Hybrid,78500,"PyTorch, R, Tableau, TensorFlow, scikit-learn",5,36.0,LinkedIn,2025-02-22
JOB01235,AI Research Engineer,OrbitIntelligence,Education,India,South Asia,Entry,Remote,30000,"Docker, ETL, NLP, Prompt Engineering",4,86.0,LinkedIn,2025-05-31
JOB01236,Generative AI Developer,NimbusLabs,Healthcare,Netherlands,Europe,Mid,On-site,122000,"Generative AI, NLP, PyTorch, Statistics",4,32.0,AngelList,2025-03-13
JOB01237,Data Engineer (AI Systems),VantageAI,Manufacturing,India,South Asia,Senior,Hybrid,55000,"Docker, ETL, PyTorch, Tableau, TensorFlow, scikit-learn",6,18.0,LinkedIn,2025-06-10
JOB01238,Applied Scientist,NimbusGroup,Education,Poland,Europe,Senior,Hybrid,218500,"Generative AI, MLOps, TensorFlow, scikit-learn",4,24.0,Indeed,2025-01-30
JOB01239,MLOps Engineer,LumenWorks,E-commerce,Netherlands,Europe,Entry,Hybrid,67500,"Azure ML, NLP, Python",3,66.0,CompanyWebsite,2025-09-03
JOB01240,Data Engineer (AI Systems),AtlasAnalytics,Fintech,India,South Asia,Entry,Remote,27500,"Computer Vision, MLOps, NLP, Statistics",4,70.0,Glassdoor,2025-01-08
JOB01241,Computer Vision Engineer,NimbusIntelligence,Government,Poland,Europe,Entry,Hybrid,80000,"Docker, NLP, Prompt Engineering, Python, scikit-learn",5,82.0,LinkedIn,2025-04-05
JOB01242,AI Data Analyst,CortexIntelligence,Cybersecurity,France,Europe,Mid,Hybrid,63000,"A/B Testing, Excel, Power BI, SQL, TensorFlow, scikit-learn",6,35.0,CompanyWebsite,2025-12-13
JOB01243,Machine Learning Engineer,DeltaGroup,Fintech,Canada,North America,Entry,On-site,103000,"A/B Testing, Computer Vision, Data Visualization, LLMs",4,42.0,LinkedIn,2025-11-13
JOB01244,AI Data Analyst,PulseWorks,Cybersecurity,Canada,North America,Senior,Remote,145500,"Azure ML, ETL, Excel, NLP",4,21.0,LinkedIn,2025-01-06
JOB01245,Data Scientist,CortexAI,Healthcare,Singapore,Southeast Asia,Entry,Hybrid,55000,"A/B Testing, AWS, SQL",3,61.0,LinkedIn,2025-05-27
JOB01246,AI Product Analyst,NovaAI,Cybersecurity,France,Europe,Mid,On-site,78000,"Excel, Python, SQL, Tableau, TensorFlow",5,29.0,LinkedIn,2025-02-06
JOB01247,Data Scientist,DeltaWorks,Telecom,United States,North America,Mid,Remote,141000,"Data Visualization, Docker, Excel, MLOps",4,45.0,LinkedIn,2025-12-18
JOB01248,Business Intelligence Analyst (AI),AtlasIntelligence,Fintech,United Kingdom,Europe,Mid,Remote,71000,"Azure ML, PyTorch, SQL, scikit-learn",4,48.0,Glassdoor,2025-06-01
JOB01249,NLP Engineer,OrbitAI,Manufacturing,Pakistan,South Asia,Entry,On-site,32500,"Power BI, Prompt Engineering, R",3,48.0,Indeed,2025-07-13
JOB01250,Computer Vision Engineer,LumenData,Fintech,UAE,Middle East,Entry,Hybrid,71000,"PyTorch, Python, SQL",3,65.0,LinkedIn,2025-04-30
JOB01251,AI Product Analyst,LumenIntelligence,Cybersecurity,France,Europe,Mid,On-site,64000,"AWS, Generative AI, MLOps, Python, Statistics, scikit-learn",6,23.0,Glassdoor,2025-05-28
JOB01252,AI Ethics Analyst,DeltaAI,Government,India,South Asia,Lead,Hybrid,68500,"AWS, Data Visualization, ETL, Power BI",4,8.0,LinkedIn,2025-05-27
JOB01253,Data Scientist,PrismAnalytics,Education,India,South Asia,Mid,Remote,49000,"Data Visualization, ETL, Excel, Prompt Engineering, SQL",5,45.0,Glassdoor,2025-10-18
JOB01254,Prompt Engineer,HelixLabs,Fintech,United Kingdom,Europe,Entry,Hybrid,60500,"A/B Testing, Azure ML, Data Visualization, Statistics, TensorFlow, scikit-learn",6,63.0,CompanyWebsite,2025-04-23
JOB01255,NLP Engineer,QuantumLabs,Consulting,Netherlands,Europe,Senior,Hybrid,200500,"ETL, Excel, Generative AI",3,27.0,LinkedIn,2025-12-11
JOB01256,AI Research Engineer,PrismLabs,E-commerce,India,South Asia,Entry,On-site,30000,"Excel, Generative AI, Power BI, Python",4,40.0,LinkedIn,2025-04-30
JOB01257,Business Intelligence Analyst (AI),CortexLabs,Fintech,United States,North America,Entry,Remote,55000,"Docker, ETL, LLMs, PyTorch",4,94.0,LinkedIn,2025-04-08
JOB01258,Prompt Engineer,CortexTechnologies,Media & Entertainment,Germany,Europe,Senior,Hybrid,110500,"Data Visualization, Docker, Prompt Engineering, scikit-learn",4,18.0,LinkedIn,2025-10-24
JOB01259,Applied Scientist,DeltaWorks,E-commerce,United States,North America,Senior,Remote,206500,"Power BI, Python, Statistics",3,30.0,Glassdoor,2025-09-09
JOB01260,AI Solutions Consultant,AtlasIntelligence,Government,United States,North America,Entry,Hybrid,81000,"Docker, Statistics, Tableau, scikit-learn",4,64.0,Indeed,2025-03-10
JOB01261,Data Scientist,LumenAI,E-commerce,UAE,Middle East,Mid,On-site,82000,"MLOps, Power BI, Prompt Engineering",3,31.0,LinkedIn,2025-04-15
JOB01262,Business Intelligence Analyst (AI),QuantumSolutions,Fintech,United Kingdom,Europe,Senior,Hybrid,108500,"Azure ML, Computer Vision, Excel, PyTorch, SQL",5,22.0,AngelList,2025-08-17
JOB01263,Prompt Engineer,AtlasIntelligence,Cybersecurity,Canada,North America,Entry,Hybrid,65500,"Azure ML, Generative AI, R, Statistics, TensorFlow, scikit-learn",6,64.0,Indeed,2025-09-16
JOB01264,MLOps Engineer,VertexAI,Telecom,France,Europe,Mid,On-site,110500,"AWS, Power BI, Prompt Engineering, PyTorch",4,28.0,LinkedIn,2025-10-18
JOB01265,Generative AI Developer,PrismData,Manufacturing,Poland,Europe,Senior,Hybrid,205500,"NLP, Statistics, Tableau, TensorFlow",4,13.0,LinkedIn,2025-10-02
JOB01266,Prompt Engineer,OrbitGroup,Fintech,Canada,North America,Mid,Hybrid,114500,"AWS, Azure ML, Data Visualization, LLMs, Python, R",6,52.0,LinkedIn,2025-04-28
JOB01267,Data Scientist,CortexLabs,Telecom,United Kingdom,Europe,Entry,Remote,85000,"A/B Testing, Docker, Power BI, Python",4,72.0,LinkedIn,2025-04-26
JOB01268,AI Research Engineer,NimbusLabs,Fintech,France,Europe,Entry,Hybrid,84000,"NLP, SQL, Statistics, TensorFlow",4,60.0,Indeed,2025-11-13
JOB01269,Applied Scientist,AtlasData,Manufacturing,Ireland,Europe,Mid,Remote,139000,"Computer Vision, ETL, Excel, Generative AI, PyTorch",5,41.0,LinkedIn,2025-11-04
JOB01270,AI Data Analyst,NimbusAnalytics,Manufacturing,Brazil,South America,Senior,Hybrid,61500,"A/B Testing, Docker, Excel, PyTorch, Statistics, Tableau",6,16.0,Indeed,2025-05-15
JOB01271,AI Solutions Consultant,HelixAnalytics,Education,Germany,Europe,Mid,On-site,90500,"AWS, Computer Vision, Excel, LLMs, R, scikit-learn",6,32.0,LinkedIn,2025-07-21
JOB01272,Data Engineer (AI Systems),PulseSolutions,Fintech,India,South Asia,Entry,Hybrid,31500,"AWS, Computer Vision, Docker, Generative AI, LLMs, Statistics",6,68.0,Indeed,2025-11-16
JOB01273,Machine Learning Engineer,QuantumTechnologies,Healthcare,India,South Asia,Entry,Hybrid,28500,"Excel, LLMs, Statistics",3,56.0,LinkedIn,2025-01-29
JOB01274,Generative AI Developer,CortexIntelligence,Healthcare,Singapore,Southeast Asia,Lead,Remote,186500,"AWS, Docker, LLMs, R",4,21.0,Indeed,2025-07-22
JOB01275,NLP Engineer,OrbitSystems,Media & Entertainment,United States,North America,Lead,On-site,287500,"MLOps, Power BI, Python, R",4,3.0,Glassdoor,2025-10-29
JOB01276,AI Product Analyst,NimbusData,Media & Entertainment,United States,North America,Entry,Hybrid,82500,"Data Visualization, MLOps, NLP, TensorFlow",4,62.0,LinkedIn,2025-09-18
JOB01277,MLOps Engineer,LumenIntelligence,Media & Entertainment,United States,North America,Mid,On-site,150500,"AWS, Excel, NLP, scikit-learn",4,31.0,LinkedIn,2025-04-30
JOB01278,NLP Engineer,NimbusSystems,Media & Entertainment,UAE,Middle East,Mid,On-site,110000,"Generative AI, SQL, Tableau",3,32.0,LinkedIn,2025-05-06
JOB01279,Prompt Engineer,DeltaAI,Government,United States,North America,Mid,On-site,117000,"Excel, NLP, Statistics, Tableau, TensorFlow",5,26.0,LinkedIn,2025-04-01
JOB01280,AI Product Analyst,HelixIntelligence,E-commerce,Poland,Europe,Senior,On-site,89000,"A/B Testing, Power BI, Prompt Engineering, TensorFlow, scikit-learn",5,15.0,LinkedIn,2025-04-26
JOB01281,AI Solutions Consultant,OrbitAI,Government,Canada,North America,Mid,On-site,118500,"Data Visualization, Docker, Python, R",4,25.0,CompanyWebsite,2025-01-13
JOB01282,Data Scientist,VantageAnalytics,Healthcare,India,South Asia,Entry,Hybrid,28500,"Docker, ETL, Excel, LLMs, Statistics, Tableau",6,63.0,Glassdoor,2025-02-09
JOB01283,AI Product Analyst,QuantumIntelligence,Consulting,United States,North America,Senior,Hybrid,136500,"Docker, PyTorch, Python",3,18.0,Indeed,2025-01-10
JOB01284,Data Scientist,QuantumSolutions,Media & Entertainment,France,Europe,Mid,Hybrid,110500,"Computer Vision, Excel, LLMs, Power BI, Python, R",6,51.0,LinkedIn,2025-12-24
JOB01285,Data Engineer (AI Systems),VertexWorks,Media & Entertainment,Singapore,Southeast Asia,Mid,Remote,91000,"Excel, MLOps, Prompt Engineering",3,49.0,Glassdoor,2025-08-28
JOB01286,NLP Engineer,ArcWorks,E-commerce,United States,North America,Entry,On-site,97000,"Azure ML, Generative AI, LLMs, MLOps",4,,Glassdoor,2025-03-14
JOB01287,Computer Vision Engineer,PrismLabs,Consulting,Brazil,South America,Mid,Remote,66500,"AWS, Power BI, Prompt Engineering, PyTorch",4,51.0,LinkedIn,2025-03-28
JOB01288,NLP Engineer,VertexTechnologies,Consulting,Ireland,Europe,Mid,Remote,125500,"A/B Testing, AWS, MLOps, Prompt Engineering, SQL",5,48.0,Glassdoor,2025-04-26
JOB01289,Applied Scientist,NovaIntelligence,Cybersecurity,Germany,Europe,Mid,Hybrid,146000,"Computer Vision, Docker, LLMs, Python, R, Statistics",6,37.0,Glassdoor,2025-04-20
JOB01290,Machine Learning Engineer,PrismAI,Healthcare,Germany,Europe,Mid,Remote,144500,"MLOps, NLP, Prompt Engineering, Statistics, scikit-learn",5,57.0,LinkedIn,2025-06-09
JOB01291,Business Intelligence Analyst (AI),QuantumTechnologies,Media & Entertainment,United States,North America,Mid,Hybrid,100500,"Computer Vision, Prompt Engineering, Python, SQL, Statistics, TensorFlow",6,41.0,Indeed,2025-09-03
JOB01292,Generative AI Developer,NimbusGroup,Healthcare,Canada,North America,Entry,Remote,92000,"ETL, NLP, R, SQL, Statistics",5,72.0,Indeed,2025-04-18
JOB01293,Computer Vision Engineer,NimbusIntelligence,Fintech,United States,North America,Senior,Remote,211000,"A/B Testing, Computer Vision, Data Visualization, MLOps, R",5,31.0,LinkedIn,2025-12-19
JOB01294,Prompt Engineer,ArcGroup,Fintech,Pakistan,South Asia,Lead,Remote,65500,"A/B Testing, Docker, Generative AI, MLOps, NLP, TensorFlow",6,8.0,Glassdoor,2025-10-24
JOB01295,AI Solutions Consultant,CortexAnalytics,Consulting,Pakistan,South Asia,Senior,Remote,56000,"Azure ML, Docker, PyTorch, R",4,31.0,Indeed,2025-09-16
JOB01296,Generative AI Developer,PrismSolutions,Cybersecurity,France,Europe,Senior,Hybrid,182000,"AWS, PyTorch, SQL, TensorFlow",4,16.0,LinkedIn,2025-10-02
JOB01297,AI Data Analyst,ArcGroup,E-commerce,Netherlands,Europe,Senior,Hybrid,88500,"Data Visualization, Docker, ETL, Prompt Engineering, Python, Statistics",6,19.0,AngelList,2025-07-05
JOB01298,Data Engineer (AI Systems),NovaGroup,Healthcare,India,South Asia,Mid,Hybrid,39000,"Azure ML, Excel, NLP, Power BI, Tableau",5,38.0,LinkedIn,2025-04-22
JOB01299,Computer Vision Engineer,DeltaIntelligence,Cybersecurity,Pakistan,South Asia,Lead,Remote,93000,"Generative AI, Prompt Engineering, PyTorch, Python, Statistics, scikit-learn",6,16.0,LinkedIn,2025-07-31
JOB01300,Applied Scientist,AtlasAnalytics,Manufacturing,Australia,Oceania,Entry,Hybrid,124000,"Docker, Excel, R",3,67.0,LinkedIn,2025-09-14
JOB01301,AI Product Analyst,NovaData,Fintech,France,Europe,Senior,Remote,122000,"Computer Vision, Excel, Generative AI",3,22.0,Indeed,2025-11-06
JOB01302,Applied Scientist,AtlasWorks,Consulting,Canada,North America,Mid,Hybrid,198000,"A/B Testing, Data Visualization, Docker, LLMs, Python",5,24.0,LinkedIn,2025-01-11
JOB01303,AI Ethics Analyst,DeltaWorks,E-commerce,United States,North America,Entry,Remote,74000,"Excel, Generative AI, Prompt Engineering",3,71.0,LinkedIn,2025-12-15
JOB01304,Generative AI Developer,QuantumSolutions,Education,Pakistan,South Asia,Mid,Remote,60000,"Computer Vision, MLOps, PyTorch",3,44.0,LinkedIn,2025-02-27
JOB01305,Data Scientist,VantageAI,Education,UAE,Middle East,Senior,On-site,136000,"Docker, R, Tableau, TensorFlow, scikit-learn",5,18.0,CompanyWebsite,2025-05-02
JOB01306,MLOps Engineer,NimbusLabs,Media & Entertainment,United States,North America,Mid,Remote,127500,"Computer Vision, Excel, LLMs, MLOps, SQL",5,60.0,LinkedIn,2025-01-03
JOB01307,Machine Learning Engineer,ZenithTechnologies,Cybersecurity,India,South Asia,Mid,Hybrid,41000,"A/B Testing, AWS, NLP, Power BI, Statistics",5,39.0,LinkedIn,2025-05-21
JOB01308,Generative AI Developer,VantageGroup,Healthcare,Pakistan,South Asia,Mid,On-site,53000,"NLP, R, TensorFlow",3,29.0,CompanyWebsite,2025-09-17
JOB01309,Machine Learning Engineer,OrbitGroup,Government,Canada,North America,Entry,On-site,98500,"Docker, Generative AI, MLOps, Prompt Engineering, PyTorch, R",6,44.0,LinkedIn,2025-06-15
JOB01310,AI Solutions Consultant,OrbitTechnologies,Cybersecurity,Pakistan,South Asia,Senior,Remote,45000,"AWS, Data Visualization, Docker, Power BI, Python, R",6,22.0,LinkedIn,2025-04-24
JOB01311,Data Scientist,LumenWorks,Telecom,Germany,Europe,Senior,Hybrid,185500,"A/B Testing, Computer Vision, Excel, SQL",4,20.0,LinkedIn,2025-10-30
JOB01312,Generative AI Developer,PulseAI,Government,United States,North America,Mid,On-site,180000,"LLMs, MLOps, NLP, PyTorch, Python, R",6,40.0,LinkedIn,2025-05-03
JOB01313,Applied Scientist,ZenithGroup,Consulting,Pakistan,South Asia,Mid,On-site,50000,"Azure ML, Data Visualization, Prompt Engineering, PyTorch, Python",5,23.0,LinkedIn,2025-03-04
JOB01314,AI Data Analyst,ZenithWorks,Telecom,United States,North America,Mid,Hybrid,79500,"ETL, PyTorch, SQL",3,45.0,Indeed,2025-12-28
JOB01315,Generative AI Developer,OrbitWorks,Healthcare,Ireland,Europe,Senior,Hybrid,163000,"Power BI, Python, scikit-learn",3,12.0,AngelList,2025-02-07
JOB01316,AI Solutions Consultant,OrbitGroup,Fintech,Canada,North America,Lead,Hybrid,238000,"A/B Testing, Computer Vision, MLOps, SQL",4,12.0,LinkedIn,2025-11-10
JOB01317,AI Ethics Analyst,HelixData,Telecom,India,South Asia,Entry,Remote,24500,"Docker, R, SQL, Statistics",4,61.0,AngelList,2025-08-24
JOB01318,AI Solutions Consultant,ZenithAnalytics,E-commerce,Australia,Oceania,Mid,Hybrid,114000,"A/B Testing, Docker, NLP, SQL, scikit-learn",5,34.0,LinkedIn,2025-03-28
JOB01319,Prompt Engineer,NimbusAI,Cybersecurity,Germany,Europe,Entry,On-site,65000,"ETL, Excel, Power BI, R, Tableau, scikit-learn",6,51.0,LinkedIn,2025-06-06
JOB01320,Prompt Engineer,VantageSolutions,Healthcare,Australia,Oceania,Senior,On-site,134500,"AWS, Azure ML, Computer Vision, Python",4,15.0,LinkedIn,2025-07-24
JOB01321,Machine Learning Engineer,NovaAI,Fintech,India,South Asia,Entry,Hybrid,33500,"A/B Testing, LLMs, Python, TensorFlow",4,49.0,LinkedIn,2025-07-14
JOB01322,AI Solutions Consultant,PulseSolutions,Media & Entertainment,United States,North America,Lead,On-site,294000,"Data Visualization, Docker, ETL, Power BI, Prompt Engineering, TensorFlow",6,5.0,Glassdoor,2025-01-22
JOB01323,AI Product Analyst,LumenWorks,Healthcare,Canada,North America,Entry,Hybrid,83000,"A/B Testing, Data Visualization, Generative AI, LLMs, PyTorch, Statistics",6,60.0,LinkedIn,2025-10-30
JOB01324,AI Solutions Consultant,PulseLabs,Media & Entertainment,Brazil,South America,Mid,Remote,56000,"Excel, Prompt Engineering, Statistics, Tableau, TensorFlow",5,46.0,AngelList,2025-06-28
JOB01325,Data Engineer (AI Systems),ArcGroup,Consulting,Germany,Europe,Entry,Hybrid,53500,"Power BI, Prompt Engineering, Python, R, scikit-learn",5,56.0,Indeed,2025-08-06
JOB01326,Prompt Engineer,VantageData,Education,Brazil,South America,Mid,Remote,63000,"AWS, Azure ML, ETL, NLP, Tableau, TensorFlow",6,41.0,CompanyWebsite,2025-03-30
JOB01327,AI Research Engineer,VertexAI,Consulting,United Kingdom,Europe,Mid,Remote,130000,"A/B Testing, Data Visualization, Generative AI, Prompt Engineering, Tableau",5,46.0,LinkedIn,2025-08-28
JOB01328,MLOps Engineer,CortexGroup,Telecom,Singapore,Southeast Asia,Mid,Hybrid,102500,"Prompt Engineering, R, scikit-learn",3,30.0,LinkedIn,2025-01-16
JOB01329,AI Solutions Consultant,LumenGroup,E-commerce,India,South Asia,Entry,Hybrid,26500,"Prompt Engineering, PyTorch, Tableau",3,53.0,Indeed,2025-06-22
JOB01330,Machine Learning Engineer,LumenAI,Consulting,Netherlands,Europe,Mid,Remote,114000,"Generative AI, R, SQL, scikit-learn",4,52.0,Indeed,2025-04-12
JOB01331,Data Engineer (AI Systems),AtlasTechnologies,Government,Canada,North America,Mid,Hybrid,134500,"AWS, MLOps, Statistics",3,45.0,LinkedIn,2025-11-05
JOB01332,AI Data Analyst,OrbitLabs,Government,Poland,Europe,Entry,Remote,44000,"ETL, Statistics, Tableau, scikit-learn",4,72.0,CompanyWebsite,2025-10-20
JOB01333,Applied Scientist,ZenithWorks,Manufacturing,Pakistan,South Asia,Entry,Remote,40000,"MLOps, TensorFlow, scikit-learn",3,79.0,Glassdoor,2025-08-21
JOB01334,AI Solutions Consultant,ArcTechnologies,Consulting,United Kingdom,Europe,Entry,Remote,54500,"A/B Testing, LLMs, MLOps, R, SQL, TensorFlow",6,69.0,LinkedIn,2025-10-02
JOB01335,Data Scientist,AtlasSystems,Government,United States,North America,Entry,Hybrid,91500,"AWS, Azure ML, Data Visualization, LLMs, Prompt Engineering, Python",6,67.0,Indeed,2025-09-24
JOB01336,Data Scientist,QuantumLabs,Healthcare,United States,North America,Mid,Hybrid,117000,"Computer Vision, LLMs, scikit-learn",3,46.0,LinkedIn,2025-03-04
JOB01337,AI Ethics Analyst,PrismAnalytics,E-commerce,United States,North America,Mid,Hybrid,116000,"Computer Vision, NLP, Power BI, R, SQL",5,32.0,CompanyWebsite,2025-02-05
JOB01338,Data Scientist,VantageGroup,Telecom,Poland,Europe,Entry,Hybrid,64500,"Data Visualization, ETL, Excel, R, SQL",5,60.0,Indeed,2025-02-15
JOB01339,Applied Scientist,NovaAnalytics,Government,United States,North America,Senior,Remote,251500,"Docker, Power BI, R, Statistics",4,31.0,LinkedIn,2025-08-24
JOB01340,AI Product Analyst,NimbusLabs,Media & Entertainment,Brazil,South America,Entry,Remote,37000,"Azure ML, Docker, Generative AI, LLMs, R, scikit-learn",6,77.0,Indeed,2025-06-23
JOB01341,AI Ethics Analyst,ZenithSolutions,Cybersecurity,Brazil,South America,Mid,On-site,52000,"AWS, MLOps, scikit-learn",3,34.0,LinkedIn,2025-08-20
JOB01342,Generative AI Developer,QuantumGroup,Media & Entertainment,United States,North America,Entry,Hybrid,99500,"Data Visualization, Excel, Prompt Engineering, PyTorch, SQL, Statistics",6,70.0,CompanyWebsite,2025-06-28
JOB01343,MLOps Engineer,ZenithLabs,Manufacturing,Germany,Europe,Mid,On-site,99000,"A/B Testing, Docker, Excel, scikit-learn",4,20.0,LinkedIn,2025-07-17
JOB01344,AI Data Analyst,OrbitIntelligence,Consulting,Netherlands,Europe,Mid,Remote,60000,"Generative AI, Power BI, Tableau, TensorFlow",4,48.0,Indeed,2025-10-30
JOB01345,Data Scientist,NimbusAnalytics,Government,France,Europe,Entry,Remote,72000,"Azure ML, Docker, Generative AI, TensorFlow, scikit-learn",5,99.0,LinkedIn,2025-12-24
JOB01346,AI Data Analyst,VertexAI,Government,Germany,Europe,Entry,On-site,41000,"R, Statistics, scikit-learn",3,51.0,CompanyWebsite,2025-12-08
JOB01347,AI Research Engineer,VantageIntelligence,Government,Poland,Europe,Mid,Hybrid,98500,"Power BI, Prompt Engineering, SQL",3,29.0,AngelList,2025-05-30
JOB01348,Computer Vision Engineer,QuantumTechnologies,Manufacturing,Brazil,South America,Mid,Remote,77500,"AWS, Excel, Prompt Engineering, SQL",4,57.0,LinkedIn,2025-11-25
JOB01349,Machine Learning Engineer,NimbusTechnologies,Cybersecurity,India,South Asia,Lead,Remote,91500,"AWS, Excel, MLOps, Python, Tableau",5,14.0,LinkedIn,2025-11-26
JOB01350,AI Data Analyst,VantageData,Consulting,Pakistan,South Asia,Entry,On-site,15500,"AWS, Computer Vision, Excel, NLP, Power BI, Tableau",6,37.0,CompanyWebsite,2025-05-03
JOB01351,Business Intelligence Analyst (AI),PrismIntelligence,Manufacturing,Pakistan,South Asia,Mid,On-site,25000,"LLMs, NLP, Prompt Engineering, SQL, Tableau",5,33.0,Indeed,2025-07-27
JOB01352,Generative AI Developer,VantageSystems,E-commerce,Pakistan,South Asia,Entry,Hybrid,24500,"A/B Testing, Computer Vision, Excel, LLMs, Prompt Engineering, R",6,59.0,LinkedIn,2025-01-26
JOB01353,Prompt Engineer,NimbusAnalytics,Manufacturing,United States,North America,Entry,Hybrid,84000,"ETL, MLOps, Statistics",3,56.0,LinkedIn,2025-03-28
JOB01354,Data Scientist,PulseAnalytics,Cybersecurity,Pakistan,South Asia,Entry,Remote,27000,"Excel, LLMs, MLOps, NLP, Statistics",5,73.0,Glassdoor,2025-02-22
JOB01355,Data Engineer (AI Systems),QuantumData,Cybersecurity,United States,North America,Mid,Hybrid,133500,"Docker, MLOps, Power BI, TensorFlow, scikit-learn",5,46.0,CompanyWebsite,2025-09-19
JOB01356,Applied Scientist,OrbitGroup,Manufacturing,Brazil,South America,Mid,On-site,83000,"A/B Testing, ETL, Excel, LLMs, Python, R",6,15.0,LinkedIn,2025-06-13
JOB01357,AI Ethics Analyst,NimbusSystems,Education,United Kingdom,Europe,Entry,On-site,54000,"AWS, Excel, NLP, Python, SQL",5,64.0,LinkedIn,2025-01-14
JOB01358,MLOps Engineer,PrismGroup,Education,United Kingdom,Europe,Senior,Hybrid,162500,"Data Visualization, SQL, Tableau, scikit-learn",4,18.0,LinkedIn,2025-02-12
JOB01359,NLP Engineer,OrbitLabs,Education,Australia,Oceania,Mid,Hybrid,127500,"Azure ML, Data Visualization, MLOps, Python, Statistics",5,42.0,Indeed,2025-11-02
JOB01360,Computer Vision Engineer,HelixData,Cybersecurity,United States,North America,Mid,Remote,161500,"A/B Testing, AWS, Data Visualization, Docker, MLOps, Tableau",6,38.0,LinkedIn,2025-01-15
JOB01361,Data Engineer (AI Systems),QuantumWorks,Consulting,United Kingdom,Europe,Senior,Remote,136000,"Data Visualization, Excel, LLMs, MLOps, PyTorch, Statistics",6,29.0,LinkedIn,2025-12-27
JOB01362,Business Intelligence Analyst (AI),CortexAnalytics,E-commerce,United States,North America,Lead,Hybrid,223000,"AWS, Data Visualization, R, Tableau",4,8.0,CompanyWebsite,2025-10-04
JOB01363,AI Product Analyst,DeltaSolutions,Manufacturing,Germany,Europe,Mid,On-site,76500,"A/B Testing, AWS, Data Visualization, LLMs, R",5,21.0,Indeed,2025-05-05
JOB01364,Applied Scientist,CortexSolutions,Cybersecurity,Singapore,Southeast Asia,Entry,On-site,69500,"ETL, Prompt Engineering, SQL",3,47.0,Indeed,2025-09-06
JOB01365,AI Research Engineer,ZenithData,Media & Entertainment,Germany,Europe,Entry,Hybrid,98000,"A/B Testing, Power BI, SQL",3,62.0,Glassdoor,2025-08-01
JOB01366,Data Engineer (AI Systems),PrismIntelligence,Government,Singapore,Southeast Asia,Mid,Remote,91000,"Data Visualization, Docker, ETL, Excel, PyTorch, R",6,47.0,Glassdoor,2025-10-09
JOB01367,Prompt Engineer,OrbitWorks,Consulting,India,South Asia,Senior,Remote,59500,"Excel, MLOps, Power BI, R, Statistics",5,26.0,LinkedIn,2025-12-28
JOB01368,Data Scientist,AtlasAnalytics,Media & Entertainment,United States,North America,Mid,Hybrid,139500,"Docker, Excel, SQL",3,49.0,LinkedIn,2025-06-25
JOB01369,Data Engineer (AI Systems),PrismAI,Fintech,United States,North America,Senior,Hybrid,205500,"AWS, Power BI, Tableau",3,12.0,LinkedIn,2025-04-26
JOB01370,Machine Learning Engineer,VantageData,Healthcare,United Kingdom,Europe,Senior,Hybrid,167500,"Power BI, Tableau, TensorFlow",3,11.0,LinkedIn,2025-03-08
JOB01371,Prompt Engineer,QuantumIntelligence,Fintech,Pakistan,South Asia,Mid,On-site,36000,"A/B Testing, Azure ML, Excel, NLP, scikit-learn",5,24.0,Glassdoor,2025-09-16
JOB01372,Applied Scientist,VantageLabs,Manufacturing,Brazil,South America,Entry,On-site,66000,"A/B Testing, Computer Vision, Excel, MLOps, Power BI",5,38.0,Indeed,2025-11-28
JOB01373,Data Engineer (AI Systems),HelixSystems,Telecom,Germany,Europe,Lead,Hybrid,249500,"Prompt Engineering, Tableau, TensorFlow",3,11.0,CompanyWebsite,2025-08-13
JOB01374,Machine Learning Engineer,PulseIntelligence,Cybersecurity,Pakistan,South Asia,Mid,Remote,44500,"AWS, Azure ML, Data Visualization, Docker, ETL",5,43.0,LinkedIn,2025-11-21
JOB01375,Generative AI Developer,HelixData,Telecom,United Kingdom,Europe,Entry,Remote,88500,"AWS, Docker, ETL, Power BI, PyTorch",5,68.0,LinkedIn,2025-07-23
JOB01376,Generative AI Developer,QuantumSolutions,E-commerce,United States,North America,Entry,On-site,100500,"Power BI, Prompt Engineering, SQL, TensorFlow",4,53.0,Indeed,2025-04-17
JOB01377,Generative AI Developer,LumenSolutions,Telecom,Poland,Europe,Senior,Remote,249000,"Azure ML, Python, R, Statistics, TensorFlow",5,31.0,CompanyWebsite,2025-07-29
JOB01378,Data Engineer (AI Systems),ArcData,E-commerce,Australia,Oceania,Lead,Remote,233500,"LLMs, MLOps, Prompt Engineering, Python, Tableau, TensorFlow",6,13.0,LinkedIn,2025-11-30
JOB01379,NLP Engineer,HelixLabs,Education,United States,North America,Entry,Hybrid,108000,"Azure ML, SQL, Statistics",3,63.0,AngelList,2025-01-20
JOB01380,AI Ethics Analyst,QuantumWorks,Cybersecurity,Canada,North America,Senior,Hybrid,191500,"Computer Vision, Docker, Excel, PyTorch, Python, Statistics",6,20.0,CompanyWebsite,2025-05-20
JOB01381,Machine Learning Engineer,PrismData,Education,United States,North America,Senior,On-site,227000,"A/B Testing, Computer Vision, Docker, NLP, Power BI, Tableau",6,14.0,Indeed,2025-04-04
JOB01382,Computer Vision Engineer,HelixGroup,E-commerce,United States,North America,Mid,On-site,123000,"A/B Testing, AWS, Computer Vision, Excel, Generative AI, SQL",6,32.0,Glassdoor,2025-09-14
JOB01383,Generative AI Developer,AtlasSolutions,Fintech,India,South Asia,Lead,Remote,99500,"Azure ML, Data Visualization, Excel, MLOps, NLP, Python",6,6.0,CompanyWebsite,2025-09-12
JOB01384,Generative AI Developer,DeltaGroup,Manufacturing,Australia,Oceania,Lead,Remote,286500,"A/B Testing, Generative AI, NLP, PyTorch, Python",5,9.0,Indeed,2025-10-31
JOB01385,Machine Learning Engineer,VertexAnalytics,Fintech,United States,North America,Lead,On-site,295000,"Data Visualization, LLMs, NLP",3,4.0,Glassdoor,2025-07-12
JOB01386,Data Scientist,PulseAI,Media & Entertainment,Australia,Oceania,Lead,Hybrid,277000,"AWS, Docker, LLMs, R, Statistics, Tableau",6,10.0,LinkedIn,2025-05-22
JOB01387,AI Data Analyst,QuantumLabs,Education,Singapore,Southeast Asia,Senior,Remote,70000,"AWS, LLMs, MLOps",3,25.0,Indeed,2025-12-27
JOB01388,AI Product Analyst,VertexSolutions,Government,United States,North America,Mid,Remote,115000,"Data Visualization, Docker, Generative AI, Python, TensorFlow",5,40.0,Glassdoor,2025-10-30
JOB01389,Data Engineer (AI Systems),QuantumWorks,Government,Australia,Oceania,Mid,Remote,124500,"A/B Testing, Azure ML, Computer Vision, Prompt Engineering, Python, scikit-learn",6,48.0,Indeed,2025-06-02
JOB01390,Machine Learning Engineer,LumenTechnologies,Consulting,Pakistan,South Asia,Entry,Remote,26000,"A/B Testing, Computer Vision, ETL, NLP, SQL",5,,LinkedIn,2025-06-08
JOB01391,AI Product Analyst,ZenithAnalytics,Media & Entertainment,France,Europe,Mid,On-site,87000,"Computer Vision, Docker, ETL, Generative AI, LLMs, TensorFlow",6,35.0,LinkedIn,2025-09-13
JOB01392,NLP Engineer,PulseSystems,E-commerce,United Kingdom,Europe,Entry,Hybrid,103000,"ETL, Excel, MLOps, Python, TensorFlow, scikit-learn",6,57.0,CompanyWebsite,2025-01-10
JOB01393,Machine Learning Engineer,NovaTechnologies,Cybersecurity,United Kingdom,Europe,Mid,Remote,112500,"A/B Testing, Azure ML, LLMs, Power BI, Python, Tableau",6,56.0,LinkedIn,2025-04-13
JOB01394,Business Intelligence Analyst (AI),ArcLabs,Government,United States,North America,Entry,Remote,60500,"AWS, Computer Vision, Data Visualization, ETL, NLP, Power BI",6,72.0,Indeed,2025-04-30
JOB01395,Data Scientist,VantageAI,Cybersecurity,UAE,Middle East,Lead,On-site,191500,"A/B Testing, ETL, MLOps, Python, TensorFlow",5,9.0,LinkedIn,2025-06-04
JOB01396,AI Solutions Consultant,VertexIntelligence,Consulting,United Kingdom,Europe,Mid,Hybrid,107500,"AWS, Excel, Generative AI, Prompt Engineering, PyTorch, Tableau",6,40.0,LinkedIn,2025-12-07
JOB01397,Computer Vision Engineer,QuantumSystems,Government,United States,North America,Lead,Hybrid,266000,"AWS, LLMs, MLOps",3,7.0,CompanyWebsite,2025-06-17
JOB01398,AI Product Analyst,OrbitSystems,Manufacturing,Pakistan,South Asia,Mid,Remote,28000,"Azure ML, Computer Vision, Data Visualization, Docker, PyTorch, R",6,48.0,Indeed,2025-09-06
JOB01399,Computer Vision Engineer,DeltaData,Telecom,Brazil,South America,Entry,Remote,38500,"MLOps, Tableau, TensorFlow",3,80.0,LinkedIn,2025-12-16
JOB01400,Applied Scientist,NimbusAI,Manufacturing,France,Europe,Entry,Remote,92500,"ETL, R, Statistics",3,87.0,CompanyWebsite,2025-12-25
JOB01401,Applied Scientist,PulseAnalytics,Consulting,United States,North America,Entry,On-site,114000,"Docker, MLOps, Statistics",3,50.0,CompanyWebsite,2025-08-04
JOB01402,AI Product Analyst,OrbitSystems,Healthcare,Brazil,South America,Mid,Hybrid,50500,"Computer Vision, Data Visualization, Generative AI, NLP, Power BI",5,43.0,LinkedIn,2025-11-20
JOB01403,Prompt Engineer,NovaGroup,Media & Entertainment,United States,North America,Mid,Remote,88000,"AWS, ETL, Generative AI, R, SQL, TensorFlow",6,41.0,LinkedIn,2025-04-26
JOB01404,Applied Scientist,DeltaWorks,Government,United States,North America,Entry,Hybrid,102500,"A/B Testing, Computer Vision, Data Visualization, Docker, Generative AI, MLOps",6,60.0,Glassdoor,2025-08-07
JOB01405,AI Solutions Consultant,ArcData,Consulting,Germany,Europe,Lead,Remote,194500,"AWS, Computer Vision, ETL, Generative AI, Prompt Engineering, SQL",6,12.0,LinkedIn,2025-09-09
JOB01406,AI Research Engineer,PrismAI,Government,Pakistan,South Asia,Mid,Hybrid,54000,"Computer Vision, Docker, ETL, NLP, PyTorch",5,42.0,Indeed,2025-08-23
JOB01407,Computer Vision Engineer,ArcSystems,E-commerce,United States,North America,Entry,Remote,116000,"A/B Testing, Computer Vision, Excel, Power BI, PyTorch, SQL",6,73.0,Glassdoor,2025-11-18
JOB01408,Business Intelligence Analyst (AI),OrbitSystems,Media & Entertainment,Canada,North America,Mid,Hybrid,99500,"Azure ML, Data Visualization, LLMs, R, Tableau, scikit-learn",6,35.0,AngelList,2025-08-30
JOB01409,AI Solutions Consultant,ZenithAI,Education,Pakistan,South Asia,Mid,Remote,43000,"Excel, LLMs, TensorFlow",3,52.0,LinkedIn,2025-12-15
JOB01410,Business Intelligence Analyst (AI),PrismSystems,Government,France,Europe,Entry,Hybrid,45500,"AWS, Data Visualization, MLOps",3,60.0,LinkedIn,2025-09-08
JOB01411,Machine Learning Engineer,OrbitData,Education,UAE,Middle East,Entry,Remote,60500,"Computer Vision, Data Visualization, Generative AI, Prompt Engineering, Python",5,78.0,LinkedIn,2025-08-28
JOB01412,Machine Learning Engineer,PrismSolutions,Government,India,South Asia,Senior,On-site,62500,"A/B Testing, Azure ML, Docker, MLOps, Statistics, Tableau",6,20.0,Indeed,2025-08-02
JOB01413,AI Research Engineer,QuantumSolutions,Media & Entertainment,United States,North America,Entry,On-site,84500,"PyTorch, SQL, Statistics",3,43.0,CompanyWebsite,2025-05-05
JOB01414,Applied Scientist,DeltaSystems,Government,France,Europe,Entry,Hybrid,105500,"A/B Testing, MLOps, SQL",3,59.0,Glassdoor,2025-04-18
JOB01415,Data Engineer (AI Systems),DeltaIntelligence,Cybersecurity,India,South Asia,Entry,Hybrid,26500,"Azure ML, Data Visualization, LLMs, R, SQL, Statistics",6,54.0,Indeed,2025-01-07
JOB01416,Machine Learning Engineer,VertexLabs,Healthcare,Canada,North America,Senior,Remote,220500,"A/B Testing, AWS, Azure ML, Computer Vision, Data Visualization, Statistics",6,29.0,LinkedIn,2025-09-24
JOB01417,AI Solutions Consultant,AtlasSolutions,Cybersecurity,France,Europe,Senior,Hybrid,127500,"Azure ML, LLMs, SQL, Statistics, TensorFlow, scikit-learn",6,14.0,AngelList,2025-03-18
JOB01418,Business Intelligence Analyst (AI),VantageTechnologies,E-commerce,Germany,Europe,Senior,Hybrid,99500,"Docker, ETL, Python, R, SQL, scikit-learn",6,23.0,Glassdoor,2025-08-09
JOB01419,AI Product Analyst,NimbusSystems,Manufacturing,Germany,Europe,Senior,Remote,116500,"Computer Vision, Power BI, Prompt Engineering, R, Tableau",5,,Glassdoor,2025-09-27
JOB01420,AI Data Analyst,PulseIntelligence,Manufacturing,United Kingdom,Europe,Senior,Remote,89500,"Azure ML, Computer Vision, Prompt Engineering, R, Statistics",5,20.0,LinkedIn,2025-09-22
JOB01421,Computer Vision Engineer,AtlasAnalytics,Fintech,UAE,Middle East,Senior,Remote,125500,"AWS, ETL, Generative AI, Power BI, PyTorch",5,32.0,LinkedIn,2025-06-17
JOB01422,Computer Vision Engineer,NimbusIntelligence,Cybersecurity,France,Europe,Entry,On-site,76000,"Azure ML, ETL, Prompt Engineering, Python",4,59.0,CompanyWebsite,2025-02-03
JOB01423,Applied Scientist,LumenData,Government,United States,North America,Mid,Remote,194500,"Data Visualization, Excel, LLMs, NLP, Power BI, Python",6,46.0,LinkedIn,2025-09-03
JOB01424,AI Product Analyst,PulseWorks,Cybersecurity,Canada,North America,Mid,Remote,99500,"Azure ML, PyTorch, TensorFlow",3,63.0,Glassdoor,2025-06-23
JOB01425,AI Solutions Consultant,HelixSystems,Manufacturing,Germany,Europe,Entry,On-site,59000,"AWS, Docker, ETL, Generative AI",4,43.0,Indeed,2025-02-23
JOB01426,Applied Scientist,CortexSolutions,Media & Entertainment,Germany,Europe,Senior,Remote,230500,"A/B Testing, Excel, Python",3,31.0,LinkedIn,2025-12-22
JOB01427,Data Engineer (AI Systems),OrbitData,Healthcare,United Kingdom,Europe,Lead,On-site,185500,"AWS, LLMs, NLP, R",4,8.0,LinkedIn,2025-01-13
JOB01428,Applied Scientist,CortexGroup,Manufacturing,United States,North America,Senior,Remote,256500,"Excel, Generative AI, MLOps, Power BI, Tableau, scikit-learn",6,25.0,Indeed,2025-11-07
JOB01429,Generative AI Developer,LumenAI,Government,United Kingdom,Europe,Mid,Remote,157000,"A/B Testing, ETL, Excel, Generative AI, Statistics, scikit-learn",6,62.0,Indeed,2025-12-17
JOB01430,AI Research Engineer,OrbitAI,Consulting,Pakistan,South Asia,Senior,Remote,73000,"Data Visualization, Excel, Prompt Engineering, Python, TensorFlow",5,29.0,LinkedIn,2025-10-16
JOB01431,NLP Engineer,NimbusLabs,E-commerce,United States,North America,Lead,On-site,286500,"A/B Testing, PyTorch, Python, R",4,8.0,LinkedIn,2025-11-17
JOB01432,AI Product Analyst,VantageAI,Consulting,Canada,North America,Mid,Hybrid,114500,"AWS, Azure ML, ETL, R, Tableau, TensorFlow",6,39.0,AngelList,2025-05-27
JOB01433,MLOps Engineer,AtlasSystems,Cybersecurity,United States,North America,Mid,Hybrid,169500,"Data Visualization, MLOps, Prompt Engineering, Tableau",4,51.0,LinkedIn,2025-09-08
JOB01434,NLP Engineer,CortexAnalytics,Consulting,Australia,Oceania,Senior,Remote,226500,"Docker, Generative AI, PyTorch, scikit-learn",4,18.0,CompanyWebsite,2025-07-25
JOB01435,Data Scientist,VantageSolutions,Media & Entertainment,France,Europe,Entry,Hybrid,59000,"Computer Vision, Python, SQL",3,58.0,CompanyWebsite,2025-05-17
JOB01436,Prompt Engineer,VantageIntelligence,E-commerce,United Kingdom,Europe,Entry,Hybrid,49000,"Docker, ETL, Excel, LLMs, Tableau",5,73.0,AngelList,2025-04-29
JOB01437,Machine Learning Engineer,ZenithIntelligence,Fintech,UAE,Middle East,Senior,Remote,155000,"Data Visualization, Docker, Statistics",3,20.0,Indeed,2025-04-19
JOB01438,AI Ethics Analyst,LumenIntelligence,Fintech,Poland,Europe,Senior,Hybrid,150000,"A/B Testing, AWS, MLOps, Statistics",4,20.0,Glassdoor,2025-11-18
JOB01439,NLP Engineer,QuantumAI,E-commerce,UAE,Middle East,Entry,On-site,78500,"A/B Testing, Computer Vision, Data Visualization, MLOps, Prompt Engineering",5,46.0,Indeed,2025-04-12
JOB01440,Data Engineer (AI Systems),NovaSystems,E-commerce,United States,North America,Entry,On-site,73000,"Azure ML, Docker, NLP, Power BI, Tableau",5,52.0,LinkedIn,2025-08-22
JOB01441,NLP Engineer,VantageIntelligence,Telecom,Brazil,South America,Mid,Hybrid,65500,"A/B Testing, Computer Vision, MLOps, PyTorch, Python, scikit-learn",6,41.0,CompanyWebsite,2025-12-27
JOB01442,Data Scientist,ArcSystems,Telecom,Germany,Europe,Entry,On-site,78000,"AWS, Azure ML, Docker, LLMs, PyTorch",5,37.0,CompanyWebsite,2025-05-20
JOB01443,Business Intelligence Analyst (AI),ArcAnalytics,Consulting,United States,North America,Mid,Hybrid,96000,"AWS, Azure ML, Data Visualization, NLP, Prompt Engineering, Python",6,44.0,Indeed,2025-12-23
JOB01444,Business Intelligence Analyst (AI),PulseGroup,Telecom,Singapore,Southeast Asia,Mid,Hybrid,67500,"Data Visualization, Docker, Generative AI, PyTorch, Tableau, TensorFlow",6,28.0,LinkedIn,2025-07-30
JOB01445,Applied Scientist,CortexWorks,Fintech,India,South Asia,Senior,Remote,78500,"AWS, ETL, Prompt Engineering, Tableau",4,19.0,LinkedIn,2025-05-30
JOB01446,AI Ethics Analyst,QuantumSystems,Consulting,France,Europe,Entry,Remote,52000,"A/B Testing, AWS, Excel, Generative AI, PyTorch",5,62.0,Indeed,2025-02-03
JOB01447,Business Intelligence Analyst (AI),HelixLabs,Cybersecurity,United States,North America,Entry,On-site,51500,"AWS, Computer Vision, SQL",3,38.0,CompanyWebsite,2025-05-10
JOB01448,Data Scientist,VertexSolutions,Government,India,South Asia,Entry,On-site,26000,"Docker, MLOps, PyTorch",3,47.0,Glassdoor,2025-08-05
JOB01449,MLOps Engineer,PulseAI,Healthcare,Singapore,Southeast Asia,Entry,Hybrid,57500,"Data Visualization, PyTorch, Tableau",3,66.0,AngelList,2025-12-12
JOB01450,AI Research Engineer,VantageLabs,Manufacturing,Germany,Europe,Mid,On-site,176500,"Azure ML, Excel, MLOps, PyTorch",4,28.0,LinkedIn,2025-12-17
JOB01451,Data Engineer (AI Systems),ArcIntelligence,Manufacturing,France,Europe,Senior,On-site,151000,"A/B Testing, Docker, ETL",3,18.0,LinkedIn,2025-10-23
JOB01452,MLOps Engineer,DeltaAI,Fintech,UAE,Middle East,Senior,Hybrid,152500,"A/B Testing, AWS, Data Visualization, LLMs, NLP, PyTorch",6,17.0,LinkedIn,2025-01-21
JOB01453,AI Data Analyst,ZenithLabs,Healthcare,United States,North America,Lead,Hybrid,157000,"Data Visualization, ETL, Power BI, PyTorch, R",5,7.0,LinkedIn,2025-01-23
JOB01454,AI Ethics Analyst,OrbitData,E-commerce,Poland,Europe,Mid,Hybrid,74000,"Azure ML, NLP, Power BI, R, Statistics",5,38.0,CompanyWebsite,2025-04-12
JOB01455,Data Scientist,LumenGroup,Fintech,Germany,Europe,Senior,On-site,191500,"Computer Vision, Excel, Prompt Engineering, scikit-learn",4,13.0,Indeed,2025-12-13
JOB01456,AI Data Analyst,PulseSolutions,Education,France,Europe,Mid,Remote,70000,"Azure ML, Docker, ETL, NLP, Python",5,48.0,LinkedIn,2025-05-11
JOB01457,Data Engineer (AI Systems),ZenithLabs,Cybersecurity,Netherlands,Europe,Mid,Remote,97000,"Computer Vision, LLMs, Python, Tableau, scikit-learn",5,46.0,LinkedIn,2025-03-02
JOB01458,Data Scientist,PulseSolutions,Media & Entertainment,United States,North America,Lead,On-site,235500,"A/B Testing, Azure ML, Power BI, Prompt Engineering",4,9.0,LinkedIn,2025-02-17
JOB01459,Applied Scientist,PrismGroup,Telecom,United States,North America,Mid,On-site,134500,"A/B Testing, Azure ML, Generative AI, Statistics",4,22.0,LinkedIn,2025-11-14
JOB01460,Machine Learning Engineer,PulseTechnologies,Telecom,Netherlands,Europe,Mid,On-site,112500,"Azure ML, Excel, MLOps, Tableau",4,32.0,AngelList,2025-07-29
JOB01461,Data Scientist,CortexAnalytics,Education,Germany,Europe,Entry,Remote,80500,"A/B Testing, Excel, Generative AI, R, SQL, scikit-learn",6,88.0,LinkedIn,2025-03-23
JOB01462,AI Solutions Consultant,OrbitSolutions,Telecom,India,South Asia,Senior,On-site,46500,"Azure ML, Data Visualization, PyTorch, Tableau",4,11.0,LinkedIn,2025-09-24
JOB01463,Generative AI Developer,PrismIntelligence,Telecom,United States,North America,Senior,Hybrid,244500,"AWS, Power BI, R, TensorFlow",4,21.0,Indeed,2025-07-29
JOB01464,AI Ethics Analyst,ArcTechnologies,Healthcare,Netherlands,Europe,Entry,Hybrid,53500,"AWS, Computer Vision, PyTorch, scikit-learn",4,79.0,Indeed,2025-03-30
JOB01465,AI Solutions Consultant,NovaAnalytics,Manufacturing,India,South Asia,Senior,Remote,59500,"A/B Testing, Excel, Generative AI, Power BI, Python, R",6,30.0,CompanyWebsite,2025-12-03
JOB01466,Applied Scientist,VantageIntelligence,E-commerce,France,Europe,Senior,Hybrid,184000,"Azure ML, Data Visualization, Power BI, Prompt Engineering, Python",5,20.0,AngelList,2025-11-24
JOB01467,Data Scientist,PulseAI,Education,Australia,Oceania,Entry,Remote,84500,"ETL, LLMs, R, Statistics, scikit-learn",5,75.0,Glassdoor,2025-06-18
JOB01468,MLOps Engineer,ArcIntelligence,Healthcare,United States,North America,Entry,Hybrid,94500,"Azure ML, Computer Vision, Excel, Generative AI, Python",5,53.0,Indeed,2025-11-02
JOB01469,Data Scientist,LumenSystems,Cybersecurity,France,Europe,Mid,On-site,119000,"AWS, Azure ML, LLMs, Power BI, R",5,32.0,AngelList,2025-01-04
JOB01470,Data Scientist,QuantumLabs,Education,Canada,North America,Senior,Remote,171000,"AWS, Docker, PyTorch, SQL",4,25.0,Indeed,2025-08-24
JOB01471,Computer Vision Engineer,NovaAI,Consulting,United States,North America,Lead,Remote,298500,"Computer Vision, Statistics, Tableau",3,12.0,Indeed,2025-09-03
JOB01472,AI Solutions Consultant,DeltaWorks,Healthcare,Pakistan,South Asia,Entry,Hybrid,27500,"Data Visualization, ETL, Generative AI, TensorFlow",4,62.0,Indeed,2025-12-26
JOB01473,AI Research Engineer,VertexGroup,Media & Entertainment,United States,North America,Entry,Remote,117000,"Computer Vision, ETL, Generative AI, MLOps, Power BI, scikit-learn",6,75.0,LinkedIn,2025-09-01
JOB01474,Data Engineer (AI Systems),OrbitAnalytics,Manufacturing,UAE,Middle East,Mid,Remote,69500,"AWS, Computer Vision, NLP, R, scikit-learn",5,46.0,LinkedIn,2025-12-07
JOB01475,MLOps Engineer,ZenithLabs,Cybersecurity,Pakistan,South Asia,Entry,Hybrid,23000,"A/B Testing, Docker, ETL, PyTorch, Python, R",6,60.0,Glassdoor,2025-11-30
JOB01476,Data Scientist,PulseTechnologies,Government,India,South Asia,Mid,Remote,49500,"A/B Testing, Azure ML, Data Visualization, Docker, LLMs, Statistics",6,61.0,Glassdoor,2025-10-02
JOB01477,MLOps Engineer,CortexAI,Healthcare,Netherlands,Europe,Mid,Remote,116500,"Computer Vision, Data Visualization, MLOps, Power BI",4,50.0,Indeed,2025-06-06
JOB01478,AI Solutions Consultant,QuantumAnalytics,Government,Canada,North America,Entry,On-site,76500,"A/B Testing, Generative AI, NLP, Tableau, TensorFlow, scikit-learn",6,49.0,Indeed,2025-07-15
JOB01479,Data Scientist,PrismWorks,Consulting,United States,North America,Entry,Remote,72000,"AWS, Computer Vision, MLOps, Prompt Engineering",4,74.0,Indeed,2025-09-23
JOB01480,Data Scientist,CortexSolutions,Healthcare,United Kingdom,Europe,Lead,Remote,238000,"Excel, MLOps, Prompt Engineering",3,,Indeed,2025-09-20
JOB01481,AI Data Analyst,PrismWorks,E-commerce,Pakistan,South Asia,Entry,Hybrid,16000,"Data Visualization, NLP, Power BI",3,66.0,LinkedIn,2025-10-22
JOB01482,Machine Learning Engineer,DeltaAI,Media & Entertainment,United States,North America,Entry,Hybrid,91500,"NLP, PyTorch, SQL, Tableau",4,61.0,AngelList,2025-02-20
JOB01483,AI Product Analyst,AtlasGroup,Healthcare,Pakistan,South Asia,Entry,On-site,24000,"A/B Testing, Computer Vision, Excel, LLMs, Prompt Engineering",5,46.0,LinkedIn,2025-01-28
JOB01484,AI Solutions Consultant,ArcAI,Fintech,Netherlands,Europe,Senior,Hybrid,171000,"Computer Vision, Data Visualization, Generative AI, TensorFlow",4,24.0,Indeed,2025-03-28
JOB01485,Computer Vision Engineer,OrbitSolutions,Fintech,Singapore,Southeast Asia,Lead,Hybrid,238500,"Generative AI, LLMs, MLOps, PyTorch, R, Tableau",6,9.0,LinkedIn,2025-02-19
JOB01486,Generative AI Developer,ZenithSystems,Education,United States,North America,Mid,Remote,129500,"LLMs, NLP, Power BI, SQL, scikit-learn",5,53.0,AngelList,2025-02-13
JOB01487,Data Engineer (AI Systems),DeltaSystems,E-commerce,Germany,Europe,Entry,Hybrid,69000,"Computer Vision, ETL, Power BI, R, Statistics, TensorFlow",6,66.0,Indeed,2025-05-05
JOB01488,Generative AI Developer,VertexGroup,Fintech,Poland,Europe,Lead,On-site,239500,"Docker, LLMs, NLP, Tableau, scikit-learn",5,12.0,LinkedIn,2025-03-14
JOB01489,Data Scientist,NimbusIntelligence,Government,United States,North America,Senior,Hybrid,191000,"AWS, Excel, LLMs, NLP, Power BI, Statistics",6,19.0,LinkedIn,2025-05-26
JOB01490,Generative AI Developer,NovaAnalytics,Fintech,France,Europe,Mid,On-site,139000,"ETL, PyTorch, SQL, Statistics, Tableau, scikit-learn",6,27.0,LinkedIn,2025-11-29
JOB01491,AI Solutions Consultant,PrismSystems,Healthcare,United States,North America,Lead,Remote,208000,"AWS, Azure ML, Excel, LLMs, Python, Statistics",6,17.0,Glassdoor,2025-03-17
JOB01492,Generative AI Developer,VertexSystems,Cybersecurity,United Kingdom,Europe,Entry,Remote,88500,"NLP, SQL, Tableau",3,82.0,LinkedIn,2025-02-16
JOB01493,AI Research Engineer,QuantumGroup,Government,Australia,Oceania,Lead,Remote,248500,"Data Visualization, Prompt Engineering, Python",3,16.0,AngelList,2025-05-16
JOB01494,Data Scientist,NovaGroup,Cybersecurity,Ireland,Europe,Lead,Hybrid,203000,"ETL, NLP, PyTorch, SQL, Tableau",5,4.0,LinkedIn,2025-08-30
JOB01495,AI Data Analyst,DeltaIntelligence,Government,United States,North America,Entry,On-site,55500,"Computer Vision, Generative AI, Tableau",3,42.0,CompanyWebsite,2025-02-10
JOB01496,AI Data Analyst,ZenithLabs,Healthcare,India,South Asia,Entry,On-site,15000,"Excel, Statistics, Tableau",3,39.0,Glassdoor,2025-05-21
JOB01497,AI Product Analyst,ZenithAI,Government,United States,North America,Entry,Remote,71500,"A/B Testing, Docker, MLOps, NLP, Python, Statistics",6,79.0,LinkedIn,2025-02-11
JOB01498,Data Engineer (AI Systems),CortexData,Manufacturing,United States,North America,Mid,Remote,123500,"A/B Testing, Docker, MLOps, TensorFlow",4,45.0,Indeed,2025-02-04
JOB01499,Business Intelligence Analyst (AI),CortexAI,Manufacturing,India,South Asia,Mid,On-site,23500,"Computer Vision, Docker, Generative AI, PyTorch",4,33.0,Indeed,2025-03-15
JOB01500,Applied Scientist,QuantumAI,Manufacturing,India,South Asia,Entry,Hybrid,40000,"Excel, PyTorch, Tableau, scikit-learn",4,57.0,LinkedIn,2025-11-30
JOB01501,AI Research Engineer,VantageLabs,Cybersecurity,India,South Asia,Senior,Hybrid,83000,"MLOps, NLP, R, SQL, Tableau, TensorFlow",6,15.0,Indeed,2025-11-06
JOB01502,NLP Engineer,LumenAI,Cybersecurity,Netherlands,Europe,Senior,On-site,191500,"Docker, Generative AI, SQL",3,18.0,LinkedIn,2025-06-24
JOB01503,Machine Learning Engineer,AtlasWorks,Cybersecurity,Australia,Oceania,Mid,Hybrid,133000,"A/B Testing, LLMs, PyTorch, Python, R",5,41.0,AngelList,2025-11-10
JOB01504,NLP Engineer,PulseSystems,Healthcare,India,South Asia,Entry,Hybrid,30000,"LLMs, MLOps, Power BI, Python, R, scikit-learn",6,61.0,CompanyWebsite,2025-07-16
JOB01505,AI Research Engineer,VantageSolutions,Education,Canada,North America,Mid,Remote,147000,"Data Visualization, Docker, Power BI, R, Tableau, TensorFlow",6,41.0,CompanyWebsite,2025-05-12
JOB01506,Computer Vision Engineer,NimbusTechnologies,Media & Entertainment,Singapore,Southeast Asia,Senior,Remote,161000,"Data Visualization, Generative AI, Prompt Engineering, Python, R",5,28.0,LinkedIn,2025-10-18
JOB01507,Computer Vision Engineer,OrbitSystems,Fintech,Poland,Europe,Senior,Remote,163500,"A/B Testing, AWS, PyTorch, R, Statistics",5,27.0,LinkedIn,2025-08-24
JOB01508,AI Research Engineer,PrismAnalytics,E-commerce,Netherlands,Europe,Senior,On-site,197500,"Data Visualization, Generative AI, SQL",3,,Indeed,2025-04-11
JOB01509,AI Data Analyst,ZenithGroup,Media & Entertainment,United States,North America,Senior,On-site,111500,"AWS, Computer Vision, Generative AI",3,13.0,Indeed,2025-12-14
JOB01510,AI Ethics Analyst,NovaAnalytics,Education,Pakistan,South Asia,Entry,Hybrid,23500,"Docker, Excel, PyTorch, SQL",4,52.0,CompanyWebsite,2025-11-13
JOB01511,Prompt Engineer,HelixSystems,Government,Germany,Europe,Entry,Hybrid,46500,"A/B Testing, Azure ML, Data Visualization, MLOps, TensorFlow, scikit-learn",6,65.0,Glassdoor,2025-04-18
JOB01512,NLP Engineer,LumenAnalytics,Consulting,United Kingdom,Europe,Entry,Remote,80500,"A/B Testing, Data Visualization, MLOps, PyTorch",4,71.0,LinkedIn,2025-03-23
JOB01513,AI Ethics Analyst,NovaLabs,Government,Canada,North America,Mid,Remote,103000,"Docker, Power BI, Python",3,52.0,Indeed,2025-04-23
JOB01514,Applied Scientist,PrismData,Cybersecurity,United States,North America,Senior,On-site,247500,"Power BI, PyTorch, R",3,17.0,LinkedIn,2025-02-27
JOB01515,Business Intelligence Analyst (AI),QuantumSystems,Telecom,Germany,Europe,Mid,On-site,79000,"Azure ML, Excel, R",3,29.0,LinkedIn,2025-10-19
JOB01516,AI Ethics Analyst,VantageWorks,Manufacturing,Pakistan,South Asia,Entry,On-site,21500,"Azure ML, Computer Vision, Python, R, Statistics",5,38.0,AngelList,2025-07-14
JOB01517,NLP Engineer,ZenithGroup,Education,India,South Asia,Mid,On-site,47000,"AWS, Computer Vision, Data Visualization, NLP, Python, Tableau",6,27.0,Glassdoor,2025-02-21
JOB01518,Computer Vision Engineer,VertexWorks,Manufacturing,United States,North America,Lead,Hybrid,273500,"AWS, Azure ML, R",3,11.0,Glassdoor,2025-01-23
JOB01519,MLOps Engineer,NovaTechnologies,Government,United Kingdom,Europe,Entry,Hybrid,83500,"AWS, ETL, Generative AI, MLOps, R, TensorFlow",6,56.0,LinkedIn,2025-02-22
JOB01520,AI Solutions Consultant,OrbitIntelligence,Telecom,Germany,Europe,Lead,On-site,190500,"Docker, MLOps, SQL, Statistics",4,8.0,Indeed,2025-03-28
JOB01521,NLP Engineer,QuantumLabs,Fintech,India,South Asia,Entry,On-site,34500,"Docker, ETL, LLMs, NLP, Python, Statistics",6,44.0,AngelList,2025-03-27
JOB01522,Data Engineer (AI Systems),VantageSolutions,Healthcare,Germany,Europe,Entry,Remote,67500,"Azure ML, LLMs, MLOps, R, Statistics, TensorFlow",6,,Indeed,2025-07-24
JOB01523,Data Engineer (AI Systems),ZenithWorks,E-commerce,Pakistan,South Asia,Entry,Hybrid,26000,"ETL, Excel, LLMs, Python",4,62.0,CompanyWebsite,2025-01-03
JOB01524,Data Scientist,ArcLabs,Telecom,United States,North America,Entry,Remote,75500,"Azure ML, Generative AI, NLP, Tableau",4,72.0,Indeed,2025-04-17
JOB01525,Data Engineer (AI Systems),DeltaGroup,Education,Germany,Europe,Mid,On-site,104000,"A/B Testing, AWS, Azure ML, Computer Vision",4,24.0,CompanyWebsite,2025-12-27
JOB01526,Data Scientist,ArcTechnologies,Government,India,South Asia,Entry,Hybrid,27000,"ETL, LLMs, NLP, PyTorch, SQL",5,62.0,CompanyWebsite,2025-09-17
JOB01527,Prompt Engineer,AtlasData,Fintech,UAE,Middle East,Mid,On-site,78000,"Computer Vision, Excel, Prompt Engineering, scikit-learn",4,25.0,LinkedIn,2025-11-04
JOB01528,MLOps Engineer,NovaWorks,Consulting,Ireland,Europe,Mid,Hybrid,121000,"Azure ML, Generative AI, Prompt Engineering, Statistics",4,31.0,Indeed,2025-12-08
JOB01529,Applied Scientist,ZenithSolutions,Government,Pakistan,South Asia,Entry,Hybrid,33000,"Computer Vision, LLMs, PyTorch, Python, Statistics, Tableau",6,62.0,Indeed,2025-02-18
JOB01530,Machine Learning Engineer,AtlasSystems,E-commerce,United Kingdom,Europe,Mid,On-site,134000,"Docker, Generative AI, MLOps",3,24.0,LinkedIn,2025-06-18
JOB01531,Data Engineer (AI Systems),PrismTechnologies,Media & Entertainment,United States,North America,Mid,On-site,153000,"Docker, MLOps, PyTorch, SQL",4,22.0,Indeed,2025-05-17
JOB01532,AI Solutions Consultant,PulseTechnologies,Education,Ireland,Europe,Entry,Remote,62000,"Prompt Engineering, Statistics, Tableau",3,93.0,LinkedIn,2025-10-06
JOB01533,AI Ethics Analyst,OrbitTechnologies,Manufacturing,Germany,Europe,Entry,On-site,51500,"ETL, Generative AI, NLP, PyTorch, Statistics, TensorFlow",6,51.0,Glassdoor,2025-09-11
JOB01534,Computer Vision Engineer,VertexData,Telecom,Pakistan,South Asia,Senior,On-site,71500,"A/B Testing, Azure ML, PyTorch, SQL",4,13.0,Glassdoor,2025-07-05
JOB01535,AI Data Analyst,CortexAnalytics,Healthcare,Pakistan,South Asia,Entry,Remote,15000,"A/B Testing, Data Visualization, ETL, MLOps, NLP, PyTorch",6,89.0,AngelList,2025-09-27
JOB01536,Business Intelligence Analyst (AI),AtlasIntelligence,Telecom,Canada,North America,Entry,On-site,59000,"AWS, Docker, Python, R, TensorFlow",5,41.0,LinkedIn,2025-03-17
JOB01537,Data Scientist,CortexAnalytics,E-commerce,Netherlands,Europe,Senior,Hybrid,168000,"A/B Testing, Azure ML, ETL, Prompt Engineering, Tableau",5,17.0,Indeed,2025-01-12
JOB01538,MLOps Engineer,VantageGroup,Government,Australia,Oceania,Mid,Hybrid,113500,"Azure ML, ETL, Python, R, Tableau",5,55.0,LinkedIn,2025-07-01
JOB01539,Computer Vision Engineer,PrismData,Healthcare,United States,North America,Mid,Remote,135000,"AWS, Excel, MLOps, Python, R",5,50.0,CompanyWebsite,2025-06-12
JOB01540,Business Intelligence Analyst (AI),ZenithSystems,E-commerce,Germany,Europe,Mid,Hybrid,86000,"AWS, Excel, NLP, Tableau",4,46.0,LinkedIn,2025-12-12
JOB01541,AI Product Analyst,VertexGroup,Telecom,India,South Asia,Mid,Hybrid,34000,"A/B Testing, Docker, Generative AI, LLMs, Python, Tableau",6,38.0,Glassdoor,2025-08-12
JOB01542,Computer Vision Engineer,ZenithTechnologies,Media & Entertainment,Canada,North America,Entry,Hybrid,90500,"LLMs, PyTorch, scikit-learn",3,61.0,LinkedIn,2025-02-08
JOB01543,Business Intelligence Analyst (AI),LumenData,Education,United Kingdom,Europe,Entry,Remote,50000,"Azure ML, Docker, Prompt Engineering, Tableau, TensorFlow",5,74.0,Indeed,2025-11-19
JOB01544,Computer Vision Engineer,ZenithSolutions,E-commerce,France,Europe,Mid,Remote,137500,"Azure ML, Power BI, R, Statistics, Tableau, TensorFlow",6,55.0,Glassdoor,2025-03-22
JOB01545,AI Research Engineer,QuantumIntelligence,Education,United States,North America,Senior,Hybrid,277500,"Data Visualization, ETL, Excel, Generative AI, Prompt Engineering, R",6,22.0,Indeed,2025-06-23
JOB01546,AI Data Analyst,PrismWorks,Education,United States,North America,Entry,Hybrid,48500,"AWS, MLOps, Prompt Engineering, PyTorch, Python",5,62.0,Indeed,2025-10-27
JOB01547,AI Data Analyst,CortexLabs,Healthcare,United Kingdom,Europe,Senior,Hybrid,99500,"MLOps, NLP, R, Tableau",4,22.0,LinkedIn,2025-04-20
JOB01548,Applied Scientist,VantageSystems,Government,Pakistan,South Asia,Entry,Hybrid,33000,"MLOps, R, scikit-learn",3,44.0,LinkedIn,2025-08-15
JOB01549,Machine Learning Engineer,NovaSolutions,Education,France,Europe,Entry,On-site,78500,"Azure ML, Excel, Generative AI, LLMs, Python",5,39.0,LinkedIn,2025-07-20
JOB01550,Machine Learning Engineer,NovaData,Government,Australia,Oceania,Senior,Remote,206000,"Azure ML, Docker, Prompt Engineering, Python, SQL",5,19.0,CompanyWebsite,2025-06-28
JOB01551,Data Scientist,ArcGroup,E-commerce,India,South Asia,Mid,Hybrid,31500,"Azure ML, Data Visualization, PyTorch, Statistics, TensorFlow",5,45.0,Indeed,2025-03-07
JOB01552,Data Scientist,LumenSystems,Fintech,France,Europe,Entry,On-site,65000,"AWS, Computer Vision, MLOps, Prompt Engineering, TensorFlow",5,54.0,LinkedIn,2025-09-20
JOB01553,MLOps Engineer,QuantumAI,Consulting,Germany,Europe,Mid,On-site,77000,"Excel, MLOps, NLP, PyTorch",4,34.0,Glassdoor,2025-07-02
JOB01554,AI Product Analyst,AtlasGroup,Telecom,UAE,Middle East,Senior,Remote,105500,"ETL, Excel, PyTorch, Python, scikit-learn",5,24.0,Indeed,2025-05-10
JOB01555,AI Research Engineer,DeltaSolutions,Consulting,Australia,Oceania,Mid,Remote,173000,"A/B Testing, Data Visualization, Docker, PyTorch, SQL, TensorFlow",6,43.0,Indeed,2025-07-19
JOB01556,MLOps Engineer,LumenAI,Cybersecurity,United States,North America,Mid,Remote,148000,"A/B Testing, Docker, Generative AI, NLP, SQL, Tableau",6,40.0,CompanyWebsite,2025-10-09
JOB01557,MLOps Engineer,VertexWorks,Fintech,United States,North America,Entry,Remote,106500,"Generative AI, LLMs, NLP, Power BI, PyTorch, Statistics",6,99.0,LinkedIn,2025-12-09
JOB01558,Machine Learning Engineer,AtlasSystems,Government,India,South Asia,Senior,Remote,65500,"AWS, Docker, Prompt Engineering, PyTorch",4,28.0,LinkedIn,2025-09-10
JOB01559,Machine Learning Engineer,PulseWorks,Media & Entertainment,United States,North America,Entry,Remote,115000,"AWS, Computer Vision, ETL, Prompt Engineering",4,84.0,Glassdoor,2025-06-18
JOB01560,MLOps Engineer,DeltaWorks,Fintech,Canada,North America,Lead,Hybrid,320000,"Excel, LLMs, Prompt Engineering, PyTorch, Python, R",6,6.0,Glassdoor,2025-05-22
JOB01561,Data Scientist,PrismAnalytics,Education,Ireland,Europe,Senior,Hybrid,159500,"ETL, NLP, Python",3,21.0,Indeed,2025-04-10
JOB01562,NLP Engineer,DeltaSystems,E-commerce,UAE,Middle East,Mid,Remote,108500,"AWS, NLP, Power BI",3,45.0,Glassdoor,2025-06-25
JOB01563,Machine Learning Engineer,ArcAI,E-commerce,India,South Asia,Entry,Hybrid,28500,"Azure ML, LLMs, MLOps, SQL, Statistics",5,69.0,Glassdoor,2025-03-02
JOB01564,Data Engineer (AI Systems),DeltaLabs,Education,France,Europe,Entry,Hybrid,67500,"A/B Testing, Docker, MLOps, Power BI, PyTorch, scikit-learn",6,40.0,LinkedIn,2025-10-08
JOB01565,Applied Scientist,VantageAnalytics,E-commerce,Singapore,Southeast Asia,Entry,Remote,67500,"AWS, Azure ML, NLP, scikit-learn",4,90.0,Glassdoor,2025-05-07
JOB01566,AI Solutions Consultant,ArcData,Fintech,Germany,Europe,Senior,Hybrid,137500,"Docker, NLP, PyTorch, SQL",4,32.0,AngelList,2025-04-25
JOB01567,AI Product Analyst,NimbusLabs,Healthcare,India,South Asia,Mid,On-site,38500,"AWS, LLMs, Power BI, R",4,18.0,CompanyWebsite,2025-11-05
JOB01568,AI Product Analyst,LumenData,Media & Entertainment,Germany,Europe,Lead,Remote,163000,"Data Visualization, LLMs, PyTorch, Python, R, Tableau",6,13.0,CompanyWebsite,2025-03-27
JOB01569,MLOps Engineer,QuantumAI,Media & Entertainment,United States,North America,Entry,Remote,79000,"AWS, LLMs, NLP, R, SQL",5,84.0,LinkedIn,2025-05-04
JOB01570,AI Research Engineer,QuantumLabs,Manufacturing,Netherlands,Europe,Lead,Remote,299000,"AWS, Azure ML, Computer Vision, Generative AI, Power BI, SQL",6,8.0,LinkedIn,2025-07-03
JOB01571,AI Solutions Consultant,NovaWorks,Manufacturing,UAE,Middle East,Mid,Remote,89000,"Generative AI, SQL, scikit-learn",3,51.0,Indeed,2025-01-15
JOB01572,Computer Vision Engineer,VantageWorks,Consulting,Brazil,South America,Entry,Remote,43500,"ETL, Generative AI, MLOps, NLP, Prompt Engineering, scikit-learn",6,84.0,LinkedIn,2025-01-21
JOB01573,AI Product Analyst,VertexSystems,Fintech,India,South Asia,Senior,Remote,45000,"Azure ML, Data Visualization, SQL, scikit-learn",4,20.0,CompanyWebsite,2025-05-04
JOB01574,Generative AI Developer,NimbusGroup,Telecom,United States,North America,Mid,Hybrid,167000,"AWS, Azure ML, Data Visualization, LLMs, TensorFlow",5,55.0,LinkedIn,2025-10-29
JOB01575,AI Data Analyst,VantageSolutions,Fintech,United States,North America,Mid,Hybrid,80500,"AWS, Data Visualization, Prompt Engineering, SQL",4,41.0,Indeed,2025-12-27
JOB01576,NLP Engineer,ZenithTechnologies,Manufacturing,United States,North America,Lead,Remote,262500,"AWS, Computer Vision, Data Visualization, Docker, R",5,10.0,LinkedIn,2025-01-08
JOB01577,Machine Learning Engineer,ZenithAI,Government,Germany,Europe,Mid,Remote,126000,"Azure ML, Computer Vision, Excel, Generative AI, NLP",5,49.0,CompanyWebsite,2025-03-04
JOB01578,Computer Vision Engineer,NimbusAI,Cybersecurity,India,South Asia,Entry,Remote,35500,"A/B Testing, MLOps, Power BI, Python, SQL",5,70.0,LinkedIn,2025-12-13
JOB01579,AI Data Analyst,LumenLabs,Telecom,United States,North America,Senior,Remote,110500,"Docker, ETL, MLOps, Power BI, SQL",5,23.0,AngelList,2025-09-29
JOB01580,AI Solutions Consultant,VertexSystems,Telecom,United Kingdom,Europe,Entry,Remote,83500,"A/B Testing, AWS, Data Visualization, MLOps",4,85.0,Indeed,2025-01-17
JOB01581,Generative AI Developer,DeltaData,Telecom,India,South Asia,Entry,On-site,34500,"Azure ML, Docker, Excel, LLMs, NLP, TensorFlow",6,46.0,LinkedIn,2025-04-21
JOB01582,AI Research Engineer,LumenSolutions,Consulting,Brazil,South America,Lead,Remote,169000,"Prompt Engineering, TensorFlow, scikit-learn",3,10.0,LinkedIn,2025-02-04
JOB01583,AI Ethics Analyst,AtlasGroup,E-commerce,India,South Asia,Mid,Remote,34000,"ETL, Excel, LLMs, Power BI, Statistics",5,48.0,CompanyWebsite,2025-12-23
JOB01584,Computer Vision Engineer,ZenithAI,Government,France,Europe,Entry,Hybrid,74500,"Computer Vision, Data Visualization, LLMs, Power BI, PyTorch, Python",6,46.0,Glassdoor,2025-06-16
JOB01585,AI Ethics Analyst,PulseLabs,Education,United States,North America,Mid,Hybrid,109500,"ETL, MLOps, Prompt Engineering, Tableau, TensorFlow",5,41.0,Indeed,2025-04-22
JOB01586,Prompt Engineer,VantageData,Government,Singapore,Southeast Asia,Mid,On-site,77500,"Azure ML, Docker, ETL, Generative AI, MLOps, Python",6,31.0,Glassdoor,2025-10-14
JOB01587,NLP Engineer,AtlasGroup,Government,United Kingdom,Europe,Entry,On-site,89000,"ETL, MLOps, scikit-learn",3,31.0,LinkedIn,2025-08-18
JOB01588,NLP Engineer,DeltaIntelligence,Manufacturing,India,South Asia,Mid,Remote,46000,"Computer Vision, Excel, NLP, Prompt Engineering, SQL, Tableau",6,53.0,LinkedIn,2025-10-06
JOB01589,AI Research Engineer,VertexAI,Telecom,United States,North America,Entry,Hybrid,108000,"A/B Testing, LLMs, Power BI, scikit-learn",4,63.0,LinkedIn,2025-10-07
JOB01590,MLOps Engineer,LumenLabs,Cybersecurity,Poland,Europe,Mid,Remote,134500,"Docker, LLMs, Prompt Engineering, PyTorch, TensorFlow",5,52.0,CompanyWebsite,2025-12-10
JOB01591,MLOps Engineer,PrismWorks,Manufacturing,United States,North America,Mid,Remote,139500,"Data Visualization, Docker, Tableau, TensorFlow",4,54.0,Glassdoor,2025-06-17
JOB01592,Applied Scientist,PrismAnalytics,Fintech,Poland,Europe,Senior,Remote,199500,"Computer Vision, LLMs, Prompt Engineering",3,16.0,LinkedIn,2025-01-05
JOB01593,Data Scientist,ArcAnalytics,Telecom,India,South Asia,Lead,Remote,79500,"Computer Vision, MLOps, R, Statistics, TensorFlow",5,22.0,LinkedIn,2025-05-23
JOB01594,Business Intelligence Analyst (AI),NovaWorks,Consulting,Germany,Europe,Entry,On-site,51500,"ETL, MLOps, R",3,47.0,LinkedIn,2025-08-15
JOB01595,Data Engineer (AI Systems),AtlasAnalytics,Telecom,Netherlands,Europe,Mid,On-site,117500,"ETL, Excel, Generative AI, NLP, Python, R",6,23.0,Glassdoor,2025-08-11
JOB01596,Prompt Engineer,LumenGroup,Government,Brazil,South America,Mid,Hybrid,50000,"Data Visualization, ETL, MLOps, Statistics, Tableau",5,41.0,LinkedIn,2025-05-18
JOB01597,AI Data Analyst,PulseLabs,Education,Australia,Oceania,Mid,Hybrid,61500,"Docker, ETL, Excel, Generative AI, MLOps, Power BI",6,35.0,Glassdoor,2025-07-11
JOB01598,AI Product Analyst,HelixLabs,Media & Entertainment,United Kingdom,Europe,Entry,On-site,58500,"Azure ML, NLP, R",3,46.0,LinkedIn,2025-05-08
JOB01599,AI Research Engineer,ArcGroup,Fintech,United States,North America,Senior,Remote,257000,"Statistics, Tableau, scikit-learn",3,20.0,Indeed,2025-09-02
JOB01600,AI Data Analyst,QuantumAnalytics,E-commerce,United Kingdom,Europe,Entry,Remote,45500,"Computer Vision, Data Visualization, ETL",3,72.0,Glassdoor,2025-12-11
JOB01601,AI Solutions Consultant,VertexGroup,Consulting,UAE,Middle East,Mid,Remote,91500,"LLMs, NLP, Power BI, PyTorch, SQL",5,61.0,Indeed,2025-02-12
JOB01602,Data Engineer (AI Systems),VantageLabs,Media & Entertainment,UAE,Middle East,Mid,Remote,99500,"Docker, MLOps, R, scikit-learn",4,57.0,CompanyWebsite,2025-03-29
JOB01603,AI Data Analyst,PulseSystems,Telecom,Singapore,Southeast Asia,Entry,Remote,31500,"ETL, Prompt Engineering, Python, SQL, Tableau",5,82.0,LinkedIn,2025-04-07
JOB01604,AI Research Engineer,PrismSolutions,Manufacturing,Brazil,South America,Mid,Hybrid,83000,"Data Visualization, Docker, NLP, SQL, Tableau",5,36.0,AngelList,2025-01-01
JOB01605,MLOps Engineer,ArcLabs,Manufacturing,United States,North America,Entry,Hybrid,105500,"A/B Testing, Computer Vision, NLP, R, TensorFlow, scikit-learn",6,50.0,LinkedIn,2025-10-18
JOB01606,AI Data Analyst,VertexData,Healthcare,Germany,Europe,Mid,Remote,68500,"AWS, Excel, MLOps, R, scikit-learn",5,60.0,LinkedIn,2025-01-17
JOB01607,Data Scientist,DeltaGroup,Telecom,Germany,Europe,Entry,Remote,90000,"ETL, Generative AI, Python, R",4,79.0,Indeed,2025-04-14
JOB01608,AI Ethics Analyst,AtlasAI,Education,Netherlands,Europe,Mid,On-site,79000,"Data Visualization, MLOps, Python",3,25.0,Indeed,2025-04-14
JOB01609,MLOps Engineer,VantageIntelligence,Telecom,Netherlands,Europe,Mid,Hybrid,123500,"Docker, ETL, Excel, NLP, SQL",5,27.0,AngelList,2025-10-01
JOB01610,AI Product Analyst,HelixTechnologies,Media & Entertainment,France,Europe,Senior,On-site,131000,"Docker, PyTorch, R",3,9.0,Indeed,2025-08-14
JOB01611,Data Engineer (AI Systems),OrbitAnalytics,Consulting,Germany,Europe,Mid,Remote,102500,"Prompt Engineering, Tableau, TensorFlow",3,51.0,Glassdoor,2025-10-25
JOB01612,AI Solutions Consultant,ArcSystems,Government,Singapore,Southeast Asia,Entry,Remote,42000,"A/B Testing, Data Visualization, SQL",3,84.0,LinkedIn,2025-03-25
JOB01613,AI Product Analyst,QuantumLabs,Consulting,Brazil,South America,Lead,Hybrid,81000,"Docker, Generative AI, LLMs, PyTorch, R",5,18.0,LinkedIn,2025-11-19
JOB01614,AI Product Analyst,DeltaSolutions,Fintech,India,South Asia,Entry,Remote,23500,"Excel, NLP, Python, R, Tableau",5,74.0,LinkedIn,2025-02-12
JOB01615,AI Ethics Analyst,LumenLabs,Education,Germany,Europe,Mid,Hybrid,97000,"Generative AI, LLMs, R",3,42.0,LinkedIn,2025-07-22
JOB01616,AI Product Analyst,VantageLabs,Manufacturing,Pakistan,South Asia,Entry,On-site,22500,"Docker, MLOps, Power BI, Python",4,36.0,Indeed,2025-02-19
JOB01617,NLP Engineer,VantageGroup,Government,Netherlands,Europe,Lead,On-site,223000,"Excel, Tableau, TensorFlow",3,10.0,LinkedIn,2025-05-22
JOB01618,Data Scientist,NimbusData,Government,United States,North America,Entry,Remote,85500,"Azure ML, Computer Vision, Statistics",3,104.0,CompanyWebsite,2025-05-01
JOB01619,AI Data Analyst,PulseAnalytics,Cybersecurity,India,South Asia,Entry,Remote,15000,"A/B Testing, Generative AI, NLP, Prompt Engineering, TensorFlow",5,79.0,LinkedIn,2025-01-08
JOB01620,MLOps Engineer,OrbitAnalytics,E-commerce,France,Europe,Mid,On-site,113000,"Azure ML, ETL, Python, SQL, Tableau",5,26.0,Indeed,2025-05-12
JOB01621,Computer Vision Engineer,ArcAnalytics,Cybersecurity,United States,North America,Lead,Remote,284500,"A/B Testing, NLP, SQL, TensorFlow",4,10.0,LinkedIn,2025-01-17
JOB01622,AI Data Analyst,VantageTechnologies,Fintech,Netherlands,Europe,Senior,Remote,99500,"AWS, Excel, MLOps, NLP, Python",5,29.0,LinkedIn,2025-01-03
JOB01623,AI Solutions Consultant,PulseAI,E-commerce,India,South Asia,Entry,Hybrid,20500,"Computer Vision, Docker, LLMs, MLOps, Prompt Engineering, Statistics",6,63.0,Glassdoor,2025-09-26
JOB01624,AI Ethics Analyst,AtlasSolutions,E-commerce,United States,North America,Entry,Remote,69000,"AWS, Data Visualization, ETL, PyTorch, Statistics, Tableau",6,72.0,Glassdoor,2025-11-29
JOB01625,AI Solutions Consultant,QuantumGroup,Telecom,India,South Asia,Mid,Remote,34000,"A/B Testing, Data Visualization, ETL, Python, scikit-learn",5,55.0,LinkedIn,2025-02-25
JOB01626,Prompt Engineer,NimbusLabs,Healthcare,Germany,Europe,Senior,Remote,132000,"Docker, Python, Tableau",3,19.0,LinkedIn,2025-03-17
JOB01627,Applied Scientist,HelixSolutions,Consulting,United States,North America,Senior,Remote,259500,"Docker, SQL, TensorFlow",3,31.0,CompanyWebsite,2025-12-22
JOB01628,MLOps Engineer,PulseWorks,Education,Pakistan,South Asia,Entry,Hybrid,21000,"AWS, Power BI, SQL",3,56.0,Glassdoor,2025-11-04
JOB01629,Generative AI Developer,VantageTechnologies,E-commerce,Poland,Europe,Senior,Remote,194000,"Docker, MLOps, Python, scikit-learn",4,20.0,LinkedIn,2025-11-13
JOB01630,Computer Vision Engineer,PulseAI,Telecom,Germany,Europe,Mid,Remote,117000,"Excel, NLP, Power BI",3,44.0,LinkedIn,2025-08-26
JOB01631,Prompt Engineer,OrbitWorks,Healthcare,Australia,Oceania,Mid,On-site,99500,"NLP, Prompt Engineering, TensorFlow",3,35.0,LinkedIn,2025-06-13
JOB01632,Data Scientist,AtlasIntelligence,Fintech,Singapore,Southeast Asia,Mid,Hybrid,103000,"LLMs, Power BI, Prompt Engineering",3,33.0,LinkedIn,2025-03-22
JOB01633,Prompt Engineer,VantageData,E-commerce,United Kingdom,Europe,Mid,Remote,84500,"AWS, Docker, MLOps, Prompt Engineering, Python, SQL",6,50.0,LinkedIn,2025-04-29
JOB01634,MLOps Engineer,LumenIntelligence,Fintech,United States,North America,Senior,Remote,200500,"A/B Testing, Generative AI, LLMs, scikit-learn",4,28.0,Indeed,2025-12-03
JOB01635,AI Product Analyst,CortexSolutions,Fintech,United Kingdom,Europe,Entry,Hybrid,51500,"Excel, Generative AI, PyTorch, Python, R",5,59.0,Indeed,2025-11-26
JOB01636,AI Product Analyst,DeltaSolutions,Cybersecurity,United Kingdom,Europe,Senior,Remote,102500,"Excel, LLMs, NLP",3,23.0,Glassdoor,2025-12-21
JOB01637,AI Product Analyst,VantageTechnologies,Telecom,France,Europe,Lead,Remote,180500,"A/B Testing, AWS, Prompt Engineering",3,9.0,LinkedIn,2025-06-09
JOB01638,AI Ethics Analyst,ArcSolutions,Education,United States,North America,Entry,Hybrid,69000,"MLOps, Power BI, PyTorch, Tableau",4,56.0,Indeed,2025-03-22
JOB01639,Machine Learning Engineer,HelixData,Government,India,South Asia,Entry,Hybrid,27000,"Prompt Engineering, Python, SQL, Tableau, scikit-learn",5,72.0,Glassdoor,2025-06-16
JOB01640,AI Ethics Analyst,ArcSystems,Cybersecurity,Brazil,South America,Mid,Hybrid,52500,"Generative AI, R, SQL, Statistics, Tableau",5,42.0,AngelList,2025-07-19
JOB01641,AI Research Engineer,DeltaData,Media & Entertainment,United States,North America,Senior,Hybrid,225500,"Computer Vision, Data Visualization, Statistics, Tableau",4,14.0,Indeed,2025-05-08
JOB01642,Generative AI Developer,DeltaSolutions,Manufacturing,France,Europe,Lead,Remote,251000,"AWS, MLOps, NLP, Prompt Engineering, Statistics, scikit-learn",6,12.0,AngelList,2025-10-18
JOB01643,NLP Engineer,VertexAnalytics,Cybersecurity,United States,North America,Lead,Hybrid,196000,"AWS, Azure ML, NLP, Power BI, Prompt Engineering, PyTorch",6,9.0,CompanyWebsite,2025-11-29
JOB01644,Prompt Engineer,PulseAnalytics,Government,United States,North America,Mid,Hybrid,97500,"R, TensorFlow, scikit-learn",3,41.0,Indeed,2025-05-10
JOB01645,AI Research Engineer,NovaData,E-commerce,United States,North America,Entry,On-site,115500,"Azure ML, Excel, MLOps, Python, TensorFlow",5,35.0,Indeed,2025-10-21
JOB01646,NLP Engineer,DeltaIntelligence,E-commerce,United States,North America,Entry,Remote,97000,"AWS, Data Visualization, Excel, Prompt Engineering, SQL, scikit-learn",6,71.0,CompanyWebsite,2025-12-15
JOB01647,Applied Scientist,VertexWorks,Consulting,Australia,Oceania,Mid,Hybrid,153500,"A/B Testing, Computer Vision, Excel, LLMs, Tableau",5,37.0,LinkedIn,2025-12-12
JOB01648,Machine Learning Engineer,PulseLabs,Healthcare,Singapore,Southeast Asia,Mid,Remote,99000,"Docker, ETL, PyTorch, Tableau, TensorFlow",5,62.0,LinkedIn,2025-06-27
JOB01649,Prompt Engineer,LumenAnalytics,Healthcare,India,South Asia,Senior,On-site,42000,"Data Visualization, ETL, MLOps, Python, Tableau, TensorFlow",6,14.0,Indeed,2025-03-11
JOB01650,Data Scientist,QuantumSystems,Telecom,UAE,Middle East,Mid,Hybrid,88500,"Azure ML, Docker, Generative AI, R, Statistics",5,34.0,Indeed,2025-05-09
JOB01651,AI Data Analyst,NimbusWorks,Education,UAE,Middle East,Mid,On-site,52500,"Computer Vision, Docker, ETL, LLMs, SQL",5,23.0,LinkedIn,2025-01-03
JOB01652,AI Research Engineer,VantageIntelligence,Fintech,Pakistan,South Asia,Mid,On-site,50000,"AWS, Data Visualization, Excel, LLMs, Power BI, Tableau",6,35.0,LinkedIn,2025-09-13
JOB01653,Business Intelligence Analyst (AI),CortexTechnologies,Education,Brazil,South America,Mid,On-site,40000,"AWS, Computer Vision, LLMs, PyTorch, SQL, Statistics",6,26.0,CompanyWebsite,2025-09-26
JOB01654,AI Product Analyst,CortexSolutions,E-commerce,Germany,Europe,Mid,On-site,83500,"Computer Vision, ETL, Power BI, Python, scikit-learn",5,27.0,LinkedIn,2025-06-29
JOB01655,Data Scientist,QuantumLabs,Government,United States,North America,Entry,On-site,91500,"A/B Testing, Data Visualization, SQL, Tableau, scikit-learn",5,39.0,CompanyWebsite,2025-01-28
JOB01656,AI Research Engineer,CortexAI,Government,Poland,Europe,Senior,Hybrid,189500,"Computer Vision, TensorFlow, scikit-learn",3,19.0,Indeed,2025-08-17
JOB01657,AI Research Engineer,NovaSolutions,Education,United Kingdom,Europe,Entry,On-site,89000,"Generative AI, LLMs, MLOps, R, scikit-learn",5,44.0,Indeed,2025-09-05
JOB01658,AI Product Analyst,LumenWorks,Media & Entertainment,Singapore,Southeast Asia,Senior,Hybrid,111500,"NLP, Python, Statistics, TensorFlow, scikit-learn",5,14.0,Glassdoor,2025-06-21
JOB01659,Applied Scientist,VertexSolutions,E-commerce,Germany,Europe,Entry,Remote,97000,"Data Visualization, Generative AI, Prompt Engineering, PyTorch, Statistics",5,74.0,Glassdoor,2025-02-06
JOB01660,AI Research Engineer,PrismIntelligence,Healthcare,Canada,North America,Mid,Remote,171500,"ETL, MLOps, SQL",3,57.0,Indeed,2025-09-14
JOB01661,Applied Scientist,ArcAI,Education,United States,North America,Mid,Hybrid,157500,"Docker, ETL, LLMs, NLP, PyTorch",5,32.0,CompanyWebsite,2025-10-12
JOB01662,AI Product Analyst,NimbusWorks,Education,Brazil,South America,Lead,On-site,75500,"Excel, PyTorch, TensorFlow",3,5.0,Indeed,2025-10-18
JOB01663,Data Engineer (AI Systems),VertexSystems,Fintech,Germany,Europe,Mid,Hybrid,124000,"AWS, Azure ML, ETL, R",4,27.0,LinkedIn,2025-09-22
JOB01664,Data Scientist,HelixLabs,Government,Australia,Oceania,Mid,On-site,129500,"AWS, Docker, Power BI, Prompt Engineering",4,31.0,Glassdoor,2025-11-18
JOB01665,AI Solutions Consultant,HelixTechnologies,Fintech,United States,North America,Mid,Remote,126000,"Computer Vision, ETL, Excel, PyTorch, Python, SQL",6,31.0,AngelList,2025-11-02
JOB01666,MLOps Engineer,VertexLabs,Media & Entertainment,France,Europe,Entry,On-site,63000,"Azure ML, Data Visualization, Generative AI, MLOps, PyTorch, Tableau",6,48.0,LinkedIn,2025-04-10
JOB01667,AI Data Analyst,QuantumSystems,Telecom,Germany,Europe,Entry,Remote,38000,"Computer Vision, Data Visualization, NLP",3,79.0,CompanyWebsite,2025-12-13
JOB01668,AI Product Analyst,VertexLabs,Media & Entertainment,India,South Asia,Entry,Hybrid,21000,"Azure ML, ETL, Generative AI, TensorFlow",4,60.0,Indeed,2025-10-08
JOB01669,AI Ethics Analyst,NovaSolutions,Fintech,India,South Asia,Senior,Remote,45000,"Statistics, TensorFlow, scikit-learn",3,36.0,LinkedIn,2025-02-16
JOB01670,Generative AI Developer,PulseSolutions,E-commerce,United Kingdom,Europe,Entry,Remote,74500,"Azure ML, NLP, Power BI, SQL, Statistics, Tableau",6,80.0,Indeed,2025-02-25
JOB01671,Applied Scientist,DeltaSystems,E-commerce,Netherlands,Europe,Mid,Hybrid,160500,"NLP, Power BI, SQL",3,41.0,Glassdoor,2025-07-02
JOB01672,Data Engineer (AI Systems),HelixGroup,Education,Canada,North America,Entry,Remote,106500,"A/B Testing, AWS, Python, Tableau",4,70.0,Glassdoor,2025-03-18
JOB01673,Applied Scientist,NimbusGroup,E-commerce,Australia,Oceania,Entry,On-site,125500,"A/B Testing, ETL, NLP, scikit-learn",4,49.0,LinkedIn,2025-07-28
JOB01674,Applied Scientist,VantageAI,Education,Germany,Europe,Entry,Remote,84000,"A/B Testing, MLOps, Power BI",3,63.0,AngelList,2025-03-19
JOB01675,Computer Vision Engineer,HelixData,Consulting,France,Europe,Entry,Hybrid,83500,"AWS, ETL, Prompt Engineering, Statistics, scikit-learn",5,52.0,LinkedIn,2025-07-09
JOB01676,Business Intelligence Analyst (AI),PrismSystems,Cybersecurity,United States,North America,Mid,On-site,95000,"Azure ML, Generative AI, Prompt Engineering, R, Tableau, TensorFlow",6,26.0,Glassdoor,2025-09-14
JOB01677,AI Data Analyst,HelixAnalytics,Healthcare,Canada,North America,Entry,Remote,45500,"AWS, Computer Vision, ETL, Statistics, scikit-learn",5,69.0,Glassdoor,2025-04-25
JOB01678,AI Solutions Consultant,QuantumIntelligence,Consulting,India,South Asia,Senior,On-site,56500,"Docker, Excel, TensorFlow",3,17.0,Glassdoor,2025-03-06
JOB01679,AI Solutions Consultant,PrismSolutions,Education,Poland,Europe,Entry,On-site,52500,"Azure ML, Data Visualization, ETL, PyTorch, SQL",5,39.0,Indeed,2025-10-05
JOB01680,AI Research Engineer,OrbitAI,Education,United States,North America,Mid,Remote,148500,"Azure ML, Data Visualization, Generative AI, R",4,38.0,Indeed,2025-05-08
JOB01681,Generative AI Developer,OrbitGroup,Manufacturing,United States,North America,Senior,On-site,267000,"Power BI, Python, TensorFlow",3,21.0,LinkedIn,2025-01-06
JOB01682,Prompt Engineer,ZenithIntelligence,Manufacturing,India,South Asia,Senior,Hybrid,51000,"A/B Testing, NLP, PyTorch, Python, SQL, TensorFlow",6,13.0,Indeed,2025-12-10
JOB01683,Data Engineer (AI Systems),VantageSystems,Telecom,India,South Asia,Mid,Hybrid,41000,"AWS, MLOps, Prompt Engineering, Python, Statistics, Tableau",6,43.0,LinkedIn,2025-09-15
JOB01684,Applied Scientist,NimbusSystems,Healthcare,India,South Asia,Entry,Hybrid,34000,"A/B Testing, AWS, Azure ML, NLP",4,63.0,CompanyWebsite,2025-02-20
JOB01685,Generative AI Developer,VantageData,Manufacturing,Poland,Europe,Mid,On-site,127000,"AWS, LLMs, Power BI, PyTorch",4,26.0,Indeed,2025-05-19
JOB01686,Data Scientist,PrismAnalytics,Cybersecurity,United States,North America,Mid,Hybrid,119000,"A/B Testing, LLMs, Prompt Engineering",3,,Indeed,2025-06-11
JOB01687,AI Ethics Analyst,DeltaData,Consulting,Pakistan,South Asia,Mid,Remote,26500,"Excel, Prompt Engineering, SQL, Statistics, Tableau, scikit-learn",6,62.0,LinkedIn,2025-01-22
JOB01688,AI Ethics Analyst,ZenithIntelligence,Telecom,United Kingdom,Europe,Senior,Hybrid,116000,"A/B Testing, Azure ML, Generative AI, Power BI, Python, Tableau",6,22.0,Glassdoor,2025-01-28
JOB01689,MLOps Engineer,HelixSystems,E-commerce,United States,North America,Entry,Remote,69000,"A/B Testing, AWS, Data Visualization, Power BI",4,81.0,Indeed,2025-03-02
JOB01690,AI Solutions Consultant,PulseTechnologies,Consulting,France,Europe,Entry,Remote,73000,"Data Visualization, Excel, Generative AI, Power BI, Python, scikit-learn",6,83.0,LinkedIn,2025-03-03
JOB01691,Data Engineer (AI Systems),HelixIntelligence,Healthcare,Australia,Oceania,Entry,Remote,78500,"AWS, Excel, LLMs, Prompt Engineering, scikit-learn",5,77.0,LinkedIn,2025-05-09
JOB01692,AI Data Analyst,DeltaData,Government,Poland,Europe,Senior,Hybrid,112500,"Azure ML, Excel, Generative AI, NLP, PyTorch, Tableau",6,23.0,LinkedIn,2025-03-13
JOB01693,AI Research Engineer,OrbitSystems,Telecom,United Kingdom,Europe,Senior,Hybrid,171500,"AWS, LLMs, NLP, Tableau, scikit-learn",5,19.0,Indeed,2025-12-30
JOB01694,NLP Engineer,NovaAI,Cybersecurity,France,Europe,Mid,Remote,96000,"A/B Testing, PyTorch, SQL, TensorFlow",4,56.0,LinkedIn,2025-10-22
JOB01695,Computer Vision Engineer,DeltaSystems,Telecom,France,Europe,Senior,Remote,164000,"Docker, Generative AI, MLOps, Power BI, Prompt Engineering",5,30.0,AngelList,2025-11-26
JOB01696,Computer Vision Engineer,ArcData,Consulting,India,South Asia,Mid,Hybrid,46500,"Data Visualization, Statistics, Tableau, scikit-learn",4,38.0,LinkedIn,2025-02-17
JOB01697,Data Scientist,DeltaSolutions,Healthcare,Canada,North America,Entry,Remote,94000,"A/B Testing, Docker, Excel, PyTorch, SQL",5,80.0,CompanyWebsite,2025-10-04
JOB01698,AI Research Engineer,NimbusAnalytics,Cybersecurity,United States,North America,Mid,Hybrid,195500,"Azure ML, Generative AI, LLMs, MLOps, NLP, Python",6,45.0,LinkedIn,2025-03-26
JOB01699,Applied Scientist,PrismTechnologies,Government,Singapore,Southeast Asia,Entry,Remote,75500,"AWS, Docker, PyTorch, Statistics",4,68.0,LinkedIn,2025-08-31
JOB01700,Machine Learning Engineer,PrismAnalytics,Fintech,UAE,Middle East,Senior,Hybrid,159500,"AWS, ETL, LLMs, Statistics, scikit-learn",5,18.0,LinkedIn,2025-12-23
JOB01701,Machine Learning Engineer,VantageSystems,Fintech,Poland,Europe,Mid,Remote,129000,"Generative AI, NLP, Prompt Engineering, PyTorch, SQL, TensorFlow",6,58.0,LinkedIn,2025-08-15
JOB01702,Applied Scientist,PulseAnalytics,Fintech,Netherlands,Europe,Mid,Hybrid,108500,"A/B Testing, Power BI, TensorFlow",3,47.0,Glassdoor,2025-12-15
JOB01703,Applied Scientist,AtlasTechnologies,Education,United States,North America,Senior,On-site,199500,"Computer Vision, Docker, Generative AI, R, Statistics",5,10.0,CompanyWebsite,2025-03-31
JOB01704,AI Data Analyst,LumenData,E-commerce,Pakistan,South Asia,Mid,Remote,26500,"Computer Vision, LLMs, Statistics",3,53.0,Glassdoor,2025-12-21
JOB01705,Data Engineer (AI Systems),NimbusData,Cybersecurity,United Kingdom,Europe,Senior,Hybrid,198000,"AWS, Azure ML, Excel, NLP, R, Statistics",6,12.0,LinkedIn,2025-06-08
JOB01706,AI Product Analyst,OrbitData,Manufacturing,Pakistan,South Asia,Senior,Remote,42000,"Azure ML, ETL, MLOps, Python, R, scikit-learn",6,18.0,Indeed,2025-01-19
JOB01707,Computer Vision Engineer,AtlasIntelligence,Manufacturing,India,South Asia,Entry,Remote,27500,"ETL, MLOps, PyTorch, R, Tableau",5,75.0,Glassdoor,2025-02-28
JOB01708,AI Research Engineer,NovaGroup,Government,Australia,Oceania,Entry,On-site,114000,"A/B Testing, AWS, Excel, MLOps, Statistics, scikit-learn",6,54.0,Glassdoor,2025-09-15
JOB01709,NLP Engineer,NimbusData,Telecom,UAE,Middle East,Senior,Remote,155500,"Azure ML, R, Tableau, scikit-learn",4,25.0,CompanyWebsite,2025-10-08
JOB01710,Data Scientist,PrismData,Government,Australia,Oceania,Mid,On-site,117000,"Generative AI, LLMs, NLP",3,25.0,LinkedIn,2025-12-28
JOB01711,NLP Engineer,DeltaAnalytics,Fintech,India,South Asia,Mid,Remote,50500,"Azure ML, Data Visualization, Generative AI, LLMs, scikit-learn",5,43.0,Indeed,2025-10-14
JOB01712,Business Intelligence Analyst (AI),QuantumGroup,Healthcare,United Kingdom,Europe,Lead,Hybrid,149500,"NLP, Prompt Engineering, SQL",3,,AngelList,2025-09-03
JOB01713,MLOps Engineer,PrismIntelligence,Education,India,South Asia,Mid,Hybrid,40500,"Computer Vision, Data Visualization, Generative AI, LLMs, MLOps, NLP",6,43.0,CompanyWebsite,2025-04-13
JOB01714,AI Product Analyst,AtlasLabs,Consulting,Germany,Europe,Mid,Remote,86500,"Computer Vision, Excel, Power BI, PyTorch, R",5,45.0,Indeed,2025-01-13
JOB01715,AI Ethics Analyst,LumenSolutions,E-commerce,Pakistan,South Asia,Senior,On-site,48000,"A/B Testing, Docker, MLOps, SQL",4,13.0,LinkedIn,2025-06-09
JOB01716,Data Engineer (AI Systems),QuantumGroup,Education,India,South Asia,Mid,Remote,36000,"Computer Vision, Generative AI, NLP, TensorFlow, scikit-learn",5,40.0,LinkedIn,2025-10-25
JOB01717,Generative AI Developer,HelixTechnologies,E-commerce,India,South Asia,Entry,On-site,32000,"Data Visualization, R, Statistics, TensorFlow",4,44.0,LinkedIn,2025-03-22
JOB01718,AI Research Engineer,NimbusAnalytics,Consulting,Australia,Oceania,Entry,Remote,96500,"Computer Vision, Power BI, PyTorch",3,54.0,LinkedIn,2025-02-22
JOB01719,Computer Vision Engineer,NovaData,Media & Entertainment,United States,North America,Entry,Hybrid,100500,"A/B Testing, Statistics, scikit-learn",3,62.0,Glassdoor,2025-12-22
JOB01720,AI Solutions Consultant,ArcSystems,Fintech,UAE,Middle East,Mid,On-site,92000,"Data Visualization, Docker, NLP, SQL",4,27.0,LinkedIn,2025-11-08
JOB01721,Machine Learning Engineer,NovaWorks,Healthcare,United Kingdom,Europe,Senior,On-site,192500,"AWS, Power BI, Prompt Engineering, SQL",4,15.0,LinkedIn,2025-05-05
JOB01722,AI Research Engineer,VantageAnalytics,E-commerce,Canada,North America,Entry,Remote,106500,"Excel, Prompt Engineering, R, TensorFlow, scikit-learn",5,85.0,LinkedIn,2025-03-30
JOB01723,MLOps Engineer,PulseSystems,Fintech,Pakistan,South Asia,Mid,On-site,46000,"ETL, Python, Statistics, TensorFlow",4,29.0,LinkedIn,2025-10-03
JOB01724,Prompt Engineer,PulseLabs,Government,United States,North America,Entry,Remote,63500,"Computer Vision, Power BI, SQL",3,72.0,LinkedIn,2025-01-04
JOB01725,Applied Scientist,VertexWorks,Media & Entertainment,Canada,North America,Entry,On-site,102000,"A/B Testing, Excel, Prompt Engineering, PyTorch, Statistics",5,44.0,LinkedIn,2025-01-26
JOB01726,AI Product Analyst,ZenithData,Fintech,Singapore,Southeast Asia,Entry,On-site,38000,"AWS, LLMs, NLP, Prompt Engineering, Statistics",5,47.0,LinkedIn,2025-02-11
JOB01727,AI Ethics Analyst,CortexAI,Consulting,UAE,Middle East,Entry,On-site,39500,"AWS, Azure ML, NLP, Python",4,50.0,Glassdoor,2025-03-18
JOB01728,Generative AI Developer,ZenithData,Media & Entertainment,Pakistan,South Asia,Lead,On-site,82500,"Generative AI, Power BI, Python, TensorFlow",4,5.0,AngelList,2025-03-22
JOB01729,Prompt Engineer,LumenTechnologies,Healthcare,UAE,Middle East,Mid,On-site,83000,"Computer Vision, ETL, Prompt Engineering",3,28.0,Glassdoor,2025-11-09
JOB01730,Machine Learning Engineer,ArcAI,Healthcare,France,Europe,Mid,Hybrid,122000,"Azure ML, Generative AI, MLOps, NLP, Statistics",5,42.0,LinkedIn,2025-04-05
JOB01731,AI Product Analyst,CortexAnalytics,Telecom,United Kingdom,Europe,Senior,Remote,110500,"Data Visualization, NLP, Prompt Engineering, R, Tableau, scikit-learn",6,21.0,Glassdoor,2025-04-29
JOB01732,AI Solutions Consultant,VantageGroup,Consulting,Pakistan,South Asia,Mid,Remote,30500,"Computer Vision, MLOps, NLP, TensorFlow",4,57.0,LinkedIn,2025-12-09
JOB01733,AI Ethics Analyst,VantageWorks,Telecom,United Kingdom,Europe,Mid,On-site,94000,"AWS, Azure ML, Data Visualization, scikit-learn",4,24.0,LinkedIn,2025-10-05
JOB01734,AI Solutions Consultant,HelixData,Media & Entertainment,United States,North America,Entry,Remote,60000,"AWS, Azure ML, ETL, NLP, R, Statistics",6,71.0,AngelList,2025-08-05
JOB01735,Business Intelligence Analyst (AI),NimbusAI,Government,India,South Asia,Entry,Remote,19500,"A/B Testing, Azure ML, Computer Vision",3,62.0,Indeed,2025-03-12
JOB01736,Applied Scientist,VertexSolutions,Government,France,Europe,Mid,Hybrid,163000,"Azure ML, Power BI, SQL",3,50.0,LinkedIn,2025-04-13
JOB01737,Data Engineer (AI Systems),NovaSolutions,Fintech,Canada,North America,Mid,Hybrid,113000,"A/B Testing, Data Visualization, Generative AI, Python, SQL",5,36.0,Glassdoor,2025-10-02
JOB01738,AI Ethics Analyst,PrismGroup,Fintech,Canada,North America,Senior,Remote,129500,"A/B Testing, AWS, Data Visualization, R, SQL, TensorFlow",6,22.0,LinkedIn,2025-10-25
JOB01739,AI Product Analyst,DeltaLabs,Media & Entertainment,United States,North America,Entry,On-site,66000,"A/B Testing, Azure ML, ETL, Python, R",5,44.0,Glassdoor,2025-11-14
JOB01740,Applied Scientist,HelixSolutions,E-commerce,India,South Asia,Mid,On-site,37000,"A/B Testing, Excel, SQL, Statistics",4,24.0,LinkedIn,2025-07-15
JOB01741,AI Research Engineer,VantageAI,Manufacturing,France,Europe,Entry,Remote,93500,"Computer Vision, Docker, LLMs, NLP, Python, Tableau",6,75.0,Indeed,2025-05-17
JOB01742,Applied Scientist,ArcSolutions,E-commerce,Canada,North America,Entry,Remote,93000,"Data Visualization, MLOps, NLP, Python, R",5,82.0,CompanyWebsite,2025-08-31
JOB01743,Prompt Engineer,HelixGroup,Telecom,United Kingdom,Europe,Mid,Hybrid,110000,"AWS, ETL, Tableau, TensorFlow, scikit-learn",5,29.0,CompanyWebsite,2025-05-11
JOB01744,AI Ethics Analyst,NovaSolutions,Cybersecurity,India,South Asia,Mid,Remote,29500,"ETL, LLMs, MLOps, Power BI, scikit-learn",5,46.0,LinkedIn,2025-06-06
JOB01745,AI Solutions Consultant,QuantumIntelligence,Consulting,Germany,Europe,Mid,On-site,98000,"Computer Vision, Docker, NLP, TensorFlow",4,30.0,LinkedIn,2025-08-17
JOB01746,AI Ethics Analyst,OrbitGroup,E-commerce,Germany,Europe,Entry,On-site,46000,"Computer Vision, Data Visualization, LLMs, Power BI, PyTorch, Tableau",6,50.0,LinkedIn,2025-12-03
JOB01747,Machine Learning Engineer,NimbusTechnologies,Education,Singapore,Southeast Asia,Entry,Hybrid,51000,"Excel, LLMs, NLP, Prompt Engineering, R",5,67.0,Indeed,2025-11-15
JOB01748,Data Engineer (AI Systems),HelixData,Education,Pakistan,South Asia,Entry,Remote,28000,"Computer Vision, Data Visualization, Prompt Engineering, SQL, Statistics",5,65.0,LinkedIn,2025-05-30
JOB01749,Business Intelligence Analyst (AI),ZenithSystems,Healthcare,United States,North America,Mid,Hybrid,100000,"Computer Vision, Data Visualization, NLP, R, Tableau",5,35.0,CompanyWebsite,2025-09-11
JOB01750,Prompt Engineer,DeltaAI,Healthcare,United Kingdom,Europe,Entry,Hybrid,66500,"Data Visualization, MLOps, R",3,64.0,LinkedIn,2025-04-26
JOB01751,Computer Vision Engineer,NimbusWorks,Healthcare,United Kingdom,Europe,Senior,On-site,154000,"Azure ML, LLMs, Python, R, Tableau, TensorFlow",6,11.0,LinkedIn,2025-04-10
JOB01752,Machine Learning Engineer,VantageTechnologies,Fintech,Ireland,Europe,Lead,Hybrid,242500,"Docker, Excel, MLOps, NLP, Prompt Engineering, TensorFlow",6,10.0,CompanyWebsite,2025-07-02
JOB01753,Business Intelligence Analyst (AI),DeltaAnalytics,Healthcare,Canada,North America,Lead,Remote,181500,"AWS, Excel, Statistics, Tableau",4,16.0,Glassdoor,2025-11-25
JOB01754,Generative AI Developer,CortexSolutions,Cybersecurity,Australia,Oceania,Mid,Hybrid,168500,"AWS, Computer Vision, Docker, Tableau",4,37.0,LinkedIn,2025-01-02
JOB01755,AI Research Engineer,AtlasSolutions,Manufacturing,United States,North America,Entry,Remote,117500,"Generative AI, MLOps, NLP, PyTorch, R, Tableau",6,97.0,Indeed,2025-09-17
JOB01756,NLP Engineer,PrismSystems,Manufacturing,India,South Asia,Lead,Hybrid,80000,"Docker, Excel, Generative AI, LLMs, Prompt Engineering",5,7.0,LinkedIn,2025-09-25
JOB01757,Business Intelligence Analyst (AI),PrismAI,Manufacturing,United Kingdom,Europe,Mid,Remote,72000,"AWS, Data Visualization, Excel, PyTorch, Statistics, TensorFlow",6,46.0,LinkedIn,2025-03-04
JOB01758,NLP Engineer,NimbusIntelligence,Fintech,Germany,Europe,Entry,Remote,94000,"AWS, Docker, NLP, Tableau, scikit-learn",5,78.0,Indeed,2025-04-18
JOB01759,AI Product Analyst,OrbitAnalytics,Consulting,United Kingdom,Europe,Senior,Hybrid,128000,"Excel, Generative AI, Prompt Engineering, Python, SQL",5,16.0,CompanyWebsite,2025-09-29
JOB01760,Computer Vision Engineer,VertexTechnologies,Consulting,United States,North America,Mid,Remote,161000,"A/B Testing, AWS, Power BI, Tableau",4,44.0,Glassdoor,2025-10-17
JOB01761,AI Ethics Analyst,OrbitLabs,Consulting,United Kingdom,Europe,Lead,Hybrid,153500,"Power BI, Prompt Engineering, scikit-learn",3,11.0,Glassdoor,2025-12-27
JOB01762,Machine Learning Engineer,PrismSolutions,E-commerce,Netherlands,Europe,Entry,Hybrid,70500,"A/B Testing, MLOps, Python",3,56.0,LinkedIn,2025-03-25
JOB01763,Business Intelligence Analyst (AI),HelixAnalytics,Manufacturing,France,Europe,Lead,Remote,149500,"ETL, LLMs, Power BI, R",4,20.0,LinkedIn,2025-12-02
JOB01764,Generative AI Developer,HelixLabs,Media & Entertainment,India,South Asia,Mid,Hybrid,52500,"Azure ML, Computer Vision, Data Visualization, NLP, Power BI, Tableau",6,31.0,Glassdoor,2025-07-07
JOB01765,AI Solutions Consultant,DeltaData,E-commerce,United States,North America,Mid,Remote,118500,"Azure ML, Computer Vision, Data Visualization, Excel",4,46.0,LinkedIn,2025-02-15
JOB01766,AI Research Engineer,VantageWorks,Telecom,India,South Asia,Mid,On-site,59500,"AWS, Azure ML, Data Visualization",3,30.0,Indeed,2025-06-05
JOB01767,Applied Scientist,VantageSystems,Government,United States,North America,Senior,Hybrid,216500,"Computer Vision, Docker, Prompt Engineering, PyTorch",4,12.0,Indeed,2025-08-29
JOB01768,Data Scientist,DeltaTechnologies,Cybersecurity,Pakistan,South Asia,Entry,On-site,22000,"Prompt Engineering, Statistics, TensorFlow",3,64.0,LinkedIn,2025-07-19
JOB01769,Prompt Engineer,CortexSolutions,E-commerce,France,Europe,Mid,Hybrid,85000,"Excel, MLOps, Prompt Engineering, PyTorch, TensorFlow",5,32.0,Indeed,2025-09-23
JOB01770,Computer Vision Engineer,VantageGroup,Healthcare,United States,North America,Entry,Hybrid,87500,"Docker, Generative AI, Python, R, Statistics, scikit-learn",6,58.0,LinkedIn,2025-06-22
JOB01771,Generative AI Developer,DeltaSolutions,Consulting,France,Europe,Senior,Remote,147000,"A/B Testing, Computer Vision, Docker, ETL, PyTorch, Tableau",6,18.0,Indeed,2025-07-20
JOB01772,AI Data Analyst,PulseLabs,Telecom,India,South Asia,Senior,Remote,40000,"Data Visualization, Excel, Power BI",3,21.0,Indeed,2025-06-01
JOB01773,Prompt Engineer,VertexGroup,Consulting,India,South Asia,Senior,Hybrid,47500,"LLMs, Python, Statistics, TensorFlow",4,21.0,LinkedIn,2025-01-04
JOB01774,Prompt Engineer,DeltaAnalytics,Education,Germany,Europe,Senior,Remote,133000,"LLMs, Prompt Engineering, scikit-learn",3,21.0,LinkedIn,2025-10-13
JOB01775,Applied Scientist,CortexData,Cybersecurity,United Kingdom,Europe,Mid,Remote,153000,"Azure ML, Computer Vision, Docker, R, SQL, Statistics",6,63.0,Glassdoor,2025-06-07
JOB01776,Computer Vision Engineer,NovaAI,Telecom,India,South Asia,Mid,Hybrid,43500,"Computer Vision, Docker, Excel, SQL, scikit-learn",5,32.0,CompanyWebsite,2025-06-12
JOB01777,AI Data Analyst,CortexLabs,Healthcare,United Kingdom,Europe,Entry,On-site,34500,"AWS, Excel, MLOps, Power BI, scikit-learn",5,40.0,LinkedIn,2025-07-15
JOB01778,AI Product Analyst,AtlasTechnologies,Telecom,United Kingdom,Europe,Mid,Hybrid,81500,"MLOps, Python, scikit-learn",3,43.0,LinkedIn,2025-11-26
JOB01779,Machine Learning Engineer,ArcGroup,Government,Pakistan,South Asia,Lead,Hybrid,93500,"AWS, Data Visualization, Docker, ETL, MLOps, R",6,21.0,LinkedIn,2025-05-11
JOB01780,Applied Scientist,DeltaSolutions,Consulting,Australia,Oceania,Mid,On-site,121000,"A/B Testing, Excel, Power BI, Python",4,24.0,LinkedIn,2025-07-08
JOB01781,MLOps Engineer,NovaSolutions,Government,United Kingdom,Europe,Mid,Hybrid,114500,"Data Visualization, NLP, R, TensorFlow",4,40.0,Indeed,2025-02-16
JOB01782,AI Data Analyst,HelixGroup,Cybersecurity,Canada,North America,Mid,On-site,95500,"A/B Testing, Statistics, TensorFlow",3,35.0,LinkedIn,2025-06-23
JOB01783,AI Research Engineer,CortexAnalytics,E-commerce,United States,North America,Mid,Remote,157000,"Azure ML, Docker, PyTorch",3,52.0,CompanyWebsite,2025-04-10
JOB01784,AI Ethics Analyst,HelixGroup,Government,France,Europe,Entry,Hybrid,62000,"Generative AI, Prompt Engineering, Python",3,67.0,AngelList,2025-08-27
JOB01785,Business Intelligence Analyst (AI),VertexSystems,Telecom,France,Europe,Senior,Remote,111000,"ETL, Excel, MLOps, PyTorch, Statistics, Tableau",6,26.0,LinkedIn,2025-07-30
JOB01786,AI Product Analyst,VantageIntelligence,Healthcare,Germany,Europe,Entry,Hybrid,51500,"A/B Testing, Azure ML, ETL, Generative AI, Statistics, scikit-learn",6,73.0,Glassdoor,2025-05-25
JOB01787,MLOps Engineer,AtlasData,Healthcare,Brazil,South America,Mid,Hybrid,72000,"AWS, Data Visualization, Excel, NLP, PyTorch, Python",6,44.0,Glassdoor,2025-05-05
JOB01788,Computer Vision Engineer,ZenithWorks,Fintech,Germany,Europe,Senior,Remote,151000,"A/B Testing, AWS, Data Visualization, NLP, Statistics, TensorFlow",6,24.0,Glassdoor,2025-05-19
JOB01789,AI Data Analyst,VantageGroup,Education,India,South Asia,Mid,Hybrid,29000,"ETL, Prompt Engineering, PyTorch, Tableau, TensorFlow",5,58.0,AngelList,2025-05-01
JOB01790,AI Research Engineer,VertexTechnologies,Cybersecurity,United Kingdom,Europe,Mid,Remote,126500,"Power BI, SQL, TensorFlow",3,46.0,AngelList,2025-02-27
JOB01791,AI Product Analyst,HelixData,Media & Entertainment,India,South Asia,Senior,On-site,54500,"Docker, ETL, Excel, Python, R, Tableau",6,15.0,Indeed,2025-09-19
JOB01792,Applied Scientist,LumenSolutions,Fintech,India,South Asia,Mid,Hybrid,55000,"A/B Testing, Computer Vision, Excel, LLMs, Tableau",5,33.0,LinkedIn,2025-10-13
JOB01793,Business Intelligence Analyst (AI),ArcIntelligence,Education,Canada,North America,Senior,Remote,127000,"A/B Testing, Azure ML, Docker, MLOps, Power BI, Python",6,21.0,LinkedIn,2025-12-30
JOB01794,Data Scientist,CortexData,Media & Entertainment,United Kingdom,Europe,Entry,On-site,74000,"A/B Testing, AWS, Docker",3,47.0,LinkedIn,2025-04-18
JOB01795,AI Product Analyst,PulseAI,Media & Entertainment,United States,North America,Mid,On-site,96500,"AWS, R, SQL",3,28.0,Glassdoor,2025-03-29
JOB01796,AI Solutions Consultant,VertexSolutions,Consulting,Australia,Oceania,Senior,Hybrid,164500,"A/B Testing, Azure ML, LLMs, scikit-learn",4,13.0,LinkedIn,2025-10-08
JOB01797,Generative AI Developer,AtlasSolutions,Manufacturing,Singapore,Southeast Asia,Mid,On-site,100500,"Data Visualization, LLMs, R, Tableau",4,32.0,LinkedIn,2025-01-07
JOB01798,NLP Engineer,AtlasSolutions,Manufacturing,Germany,Europe,Mid,On-site,140500,"Docker, Excel, PyTorch, SQL",4,39.0,Glassdoor,2025-09-19
JOB01799,Prompt Engineer,VertexAnalytics,E-commerce,India,South Asia,Entry,Remote,25500,"AWS, Data Visualization, Docker, Generative AI, LLMs, R",6,86.0,Glassdoor,2025-05-30
JOB01800,AI Ethics Analyst,ZenithSystems,Fintech,Poland,Europe,Entry,On-site,58000,"A/B Testing, Power BI, TensorFlow",3,37.0,CompanyWebsite,2025-06-09
JOB01801,AI Research Engineer,VantageSolutions,Manufacturing,Germany,Europe,Lead,Remote,292500,"AWS, Excel, PyTorch",3,14.0,LinkedIn,2025-03-26
JOB01802,AI Solutions Consultant,LumenIntelligence,Government,United States,North America,Mid,On-site,125000,"Tableau, TensorFlow, scikit-learn",3,18.0,Indeed,2025-10-15
JOB01803,AI Solutions Consultant,HelixSolutions,Consulting,Ireland,Europe,Mid,Remote,114000,"Azure ML, Computer Vision, Docker, Excel",4,59.0,CompanyWebsite,2025-11-13
JOB01804,Data Scientist,VertexAnalytics,Education,Pakistan,South Asia,Mid,Hybrid,41500,"Azure ML, Docker, ETL, PyTorch",4,33.0,CompanyWebsite,2025-06-17
JOB01805,Generative AI Developer,QuantumAI,E-commerce,United States,North America,Mid,Hybrid,179500,"AWS, LLMs, MLOps, R",4,38.0,LinkedIn,2025-07-15
JOB01806,AI Ethics Analyst,NovaTechnologies,Government,France,Europe,Mid,Remote,91000,"ETL, Power BI, Python, SQL, Statistics, scikit-learn",6,45.0,LinkedIn,2025-10-07
JOB01807,Business Intelligence Analyst (AI),PulseSystems,Telecom,Germany,Europe,Mid,Hybrid,79000,"Python, Statistics, Tableau",3,29.0,Indeed,2025-06-12
JOB01808,Business Intelligence Analyst (AI),NimbusLabs,Healthcare,Canada,North America,Mid,Remote,94500,"Data Visualization, Docker, NLP, Power BI, R, Statistics",6,28.0,Indeed,2025-09-01
JOB01809,AI Ethics Analyst,OrbitAnalytics,Fintech,Germany,Europe,Senior,Remote,128000,"Computer Vision, Docker, SQL",3,24.0,LinkedIn,2025-10-20
JOB01810,AI Solutions Consultant,PrismSolutions,Media & Entertainment,United Kingdom,Europe,Mid,Hybrid,92500,"LLMs, Prompt Engineering, SQL",3,46.0,LinkedIn,2025-03-21
JOB01811,Machine Learning Engineer,CortexSolutions,Manufacturing,Pakistan,South Asia,Senior,Hybrid,59500,"Azure ML, ETL, Generative AI, Power BI",4,23.0,Indeed,2025-07-17
JOB01812,NLP Engineer,NimbusSystems,Telecom,United Kingdom,Europe,Entry,Remote,92000,"AWS, MLOps, Statistics, TensorFlow",4,76.0,Glassdoor,2025-10-18
JOB01813,Computer Vision Engineer,CortexAnalytics,Fintech,Canada,North America,Mid,On-site,154000,"AWS, Docker, NLP, Python",4,16.0,Indeed,2025-04-20
JOB01814,AI Data Analyst,PulseGroup,Cybersecurity,India,South Asia,Senior,Remote,41000,"Computer Vision, Docker, ETL, MLOps, Statistics, TensorFlow",6,20.0,CompanyWebsite,2025-02-26
JOB01815,Computer Vision Engineer,CortexSystems,Telecom,Ireland,Europe,Entry,On-site,88500,"Azure ML, Generative AI, NLP, Python",4,35.0,LinkedIn,2025-04-13
JOB01816,Prompt Engineer,NovaTechnologies,Media & Entertainment,France,Europe,Mid,Hybrid,84500,"A/B Testing, Computer Vision, MLOps, Python, TensorFlow",5,40.0,LinkedIn,2025-05-27
JOB01817,Business Intelligence Analyst (AI),PulseAI,Cybersecurity,United Kingdom,Europe,Senior,Remote,104500,"Data Visualization, ETL, Excel, Generative AI, LLMs, TensorFlow",6,27.0,LinkedIn,2025-03-26
JOB01818,Computer Vision Engineer,NimbusTechnologies,Manufacturing,Germany,Europe,Entry,Remote,82000,"PyTorch, R, SQL, Statistics",4,87.0,CompanyWebsite,2025-09-04
JOB01819,MLOps Engineer,HelixGroup,Government,United States,North America,Entry,Remote,92000,"NLP, SQL, Tableau",3,78.0,LinkedIn,2025-05-09
JOB01820,MLOps Engineer,DeltaLabs,Media & Entertainment,Pakistan,South Asia,Senior,Remote,46500,"AWS, Data Visualization, ETL, Generative AI, SQL, Tableau",6,19.0,Indeed,2025-04-17
JOB01821,Prompt Engineer,PrismData,Telecom,Pakistan,South Asia,Senior,Hybrid,54500,"A/B Testing, MLOps, NLP, R, Tableau",5,22.0,LinkedIn,2025-12-06
JOB01822,AI Solutions Consultant,NovaWorks,Telecom,Singapore,Southeast Asia,Senior,On-site,130000,"Azure ML, Data Visualization, Docker, LLMs, MLOps, TensorFlow",6,14.0,Glassdoor,2025-12-29
JOB01823,NLP Engineer,VantageLabs,Education,Canada,North America,Mid,On-site,140500,"AWS, Computer Vision, Excel",3,29.0,LinkedIn,2025-04-07
JOB01824,AI Research Engineer,VantageIntelligence,Manufacturing,India,South Asia,Mid,Remote,47500,"LLMs, NLP, R",3,46.0,LinkedIn,2025-10-02
JOB01825,Computer Vision Engineer,ArcGroup,Education,India,South Asia,Senior,Hybrid,69500,"A/B Testing, Azure ML, Docker, ETL, R",5,20.0,LinkedIn,2025-04-13
JOB01826,NLP Engineer,DeltaData,Media & Entertainment,United Kingdom,Europe,Mid,Remote,131500,"Data Visualization, Docker, R",3,51.0,LinkedIn,2025-01-07
JOB01827,Business Intelligence Analyst (AI),PrismLabs,Cybersecurity,Canada,North America,Mid,On-site,76500,"AWS, Docker, Generative AI, NLP",4,35.0,Indeed,2025-01-31
JOB01828,MLOps Engineer,VantageData,Cybersecurity,Ireland,Europe,Entry,On-site,76500,"A/B Testing, AWS, PyTorch, Python",4,39.0,CompanyWebsite,2025-04-24
JOB01829,Applied Scientist,HelixSolutions,Media & Entertainment,United Kingdom,Europe,Senior,Hybrid,209500,"Azure ML, Computer Vision, TensorFlow",3,16.0,LinkedIn,2025-01-03
JOB01830,Data Scientist,OrbitGroup,Manufacturing,India,South Asia,Mid,Hybrid,39500,"Computer Vision, Data Visualization, Docker, Prompt Engineering, SQL, Tableau",6,51.0,LinkedIn,2025-06-07
JOB01831,Computer Vision Engineer,PrismAnalytics,Manufacturing,Brazil,South America,Mid,Remote,66500,"LLMs, MLOps, PyTorch, R, Statistics",5,48.0,CompanyWebsite,2025-03-09
JOB01832,Data Scientist,NovaAnalytics,Government,United States,North America,Mid,Remote,112000,"Excel, SQL, scikit-learn",3,37.0,LinkedIn,2025-09-24
JOB01833,Business Intelligence Analyst (AI),PrismIntelligence,Fintech,Germany,Europe,Entry,Remote,52000,"AWS, Generative AI, MLOps, Python, SQL",5,82.0,Glassdoor,2025-08-20
JOB01834,AI Research Engineer,VertexSystems,Media & Entertainment,Netherlands,Europe,Entry,Hybrid,90000,"Docker, Generative AI, LLMs, R, Statistics",5,63.0,LinkedIn,2025-03-17
JOB01835,Machine Learning Engineer,VantageLabs,Education,Singapore,Southeast Asia,Entry,Remote,70000,"Computer Vision, PyTorch, R, SQL",4,88.0,LinkedIn,2025-11-05
JOB01836,Prompt Engineer,PulseAnalytics,Manufacturing,Pakistan,South Asia,Senior,Hybrid,40500,"MLOps, PyTorch, scikit-learn",3,,Indeed,2025-02-05
JOB01837,MLOps Engineer,LumenData,E-commerce,United States,North America,Entry,On-site,73500,"Excel, Prompt Engineering, R",3,40.0,Indeed,2025-07-22
JOB01838,Data Scientist,ZenithSystems,Telecom,Netherlands,Europe,Entry,Remote,76500,"Data Visualization, LLMs, Prompt Engineering, R, SQL",5,83.0,LinkedIn,2025-07-14
JOB01839,Prompt Engineer,HelixSolutions,Media & Entertainment,Australia,Oceania,Senior,Remote,117000,"Computer Vision, Generative AI, Statistics, TensorFlow",4,16.0,Indeed,2025-02-13
JOB01840,Data Scientist,PrismAnalytics,Government,Netherlands,Europe,Entry,Hybrid,78500,"Prompt Engineering, Statistics, scikit-learn",3,65.0,LinkedIn,2025-03-18
JOB01841,NLP Engineer,LumenIntelligence,E-commerce,France,Europe,Mid,Hybrid,136000,"Computer Vision, Data Visualization, NLP, PyTorch",4,40.0,CompanyWebsite,2025-04-07
JOB01842,Machine Learning Engineer,ZenithAI,Government,Netherlands,Europe,Senior,Hybrid,199000,"AWS, Excel, LLMs, SQL, Statistics",5,11.0,Indeed,2025-03-17
JOB01843,Computer Vision Engineer,VantageData,Consulting,Australia,Oceania,Lead,Remote,264500,"ETL, Excel, MLOps, scikit-learn",4,13.0,Indeed,2025-01-26
JOB01844,Data Engineer (AI Systems),PulseWorks,Manufacturing,Pakistan,South Asia,Mid,Hybrid,36500,"AWS, Computer Vision, LLMs, NLP, scikit-learn",5,26.0,Indeed,2025-07-05
JOB01845,AI Product Analyst,CortexAnalytics,Telecom,Singapore,Southeast Asia,Lead,On-site,115000,"A/B Testing, Azure ML, Data Visualization, Excel, Statistics",5,,AngelList,2025-01-26
JOB01846,AI Product Analyst,ZenithLabs,Media & Entertainment,UAE,Middle East,Senior,Hybrid,124000,"AWS, Docker, ETL, NLP, Prompt Engineering, R",6,26.0,Indeed,2025-08-02
JOB01847,Computer Vision Engineer,DeltaAnalytics,Consulting,Pakistan,South Asia,Senior,On-site,72500,"ETL, LLMs, PyTorch",3,12.0,LinkedIn,2025-02-04
JOB01848,AI Solutions Consultant,VertexSystems,Media & Entertainment,United Kingdom,Europe,Entry,On-site,61500,"Excel, LLMs, SQL, Statistics",4,37.0,Indeed,2025-09-16
JOB01849,Business Intelligence Analyst (AI),CortexGroup,Fintech,United Kingdom,Europe,Senior,Remote,125000,"A/B Testing, Azure ML, NLP",3,23.0,LinkedIn,2025-12-18
JOB01850,Data Scientist,PulseSystems,Media & Entertainment,Canada,North America,Mid,Remote,141500,"A/B Testing, Docker, NLP, Power BI, PyTorch, SQL",6,48.0,LinkedIn,2025-07-30
JOB01851,Data Scientist,HelixTechnologies,Media & Entertainment,Canada,North America,Mid,Hybrid,152000,"Data Visualization, Prompt Engineering, Tableau, scikit-learn",4,38.0,LinkedIn,2025-03-01
JOB01852,Machine Learning Engineer,LumenAnalytics,Government,Pakistan,South Asia,Senior,Hybrid,61000,"Computer Vision, Docker, LLMs, Power BI",4,20.0,LinkedIn,2025-08-20
JOB01853,AI Data Analyst,OrbitSystems,Healthcare,India,South Asia,Lead,Hybrid,50500,"AWS, ETL, MLOps, NLP, Tableau, scikit-learn",6,7.0,LinkedIn,2025-01-30
JOB01854,Data Scientist,OrbitData,Fintech,United Kingdom,Europe,Senior,Hybrid,154000,"AWS, Computer Vision, Generative AI, Prompt Engineering, PyTorch",5,18.0,LinkedIn,2025-08-02
JOB01855,AI Data Analyst,DeltaGroup,Government,Germany,Europe,Mid,Remote,68500,"A/B Testing, Docker, Generative AI",3,48.0,Indeed,2025-08-01
JOB01856,Applied Scientist,ArcSystems,E-commerce,Pakistan,South Asia,Senior,Hybrid,78000,"A/B Testing, Azure ML, Generative AI, Python",4,19.0,LinkedIn,2025-07-06
JOB01857,Data Engineer (AI Systems),AtlasAI,Cybersecurity,India,South Asia,Mid,On-site,47000,"AWS, Excel, MLOps, Python, SQL",5,23.0,LinkedIn,2025-03-19
JOB01858,MLOps Engineer,NovaSystems,Education,United States,North America,Senior,Remote,198000,"Computer Vision, Data Visualization, Excel, LLMs, Python",5,26.0,Indeed,2025-08-08
JOB01859,Prompt Engineer,ZenithIntelligence,Telecom,Canada,North America,Entry,Hybrid,75500,"Generative AI, MLOps, PyTorch, SQL",4,64.0,LinkedIn,2025-09-12
JOB01860,Computer Vision Engineer,NovaAnalytics,Media & Entertainment,Canada,North America,Senior,Remote,209500,"Azure ML, Computer Vision, ETL, Python",4,27.0,Indeed,2025-08-10
JOB01861,AI Solutions Consultant,NimbusSystems,Cybersecurity,Pakistan,South Asia,Entry,Hybrid,27500,"AWS, Excel, Generative AI, PyTorch, Statistics",5,59.0,Indeed,2025-04-08
JOB01862,MLOps Engineer,NovaAnalytics,Fintech,Australia,Oceania,Entry,Hybrid,96500,"Azure ML, Generative AI, Prompt Engineering, Python, TensorFlow",5,57.0,LinkedIn,2025-01-13
JOB01863,Computer Vision Engineer,VertexSolutions,Healthcare,India,South Asia,Entry,Hybrid,31500,"Azure ML, LLMs, MLOps, NLP, Statistics",5,69.0,LinkedIn,2025-06-25
JOB01864,AI Ethics Analyst,PrismTechnologies,Healthcare,Ireland,Europe,Entry,Remote,42000,"A/B Testing, Azure ML, Statistics, scikit-learn",4,,Indeed,2025-02-11
JOB01865,AI Product Analyst,VantageLabs,Consulting,India,South Asia,Mid,Hybrid,31500,"Excel, NLP, Prompt Engineering, Statistics, scikit-learn",5,36.0,Indeed,2025-07-28
JOB01866,Data Scientist,ZenithSystems,Consulting,UAE,Middle East,Mid,On-site,112000,"AWS, Azure ML, ETL, NLP",4,30.0,AngelList,2025-12-06
JOB01867,Computer Vision Engineer,PrismTechnologies,Consulting,Netherlands,Europe,Senior,Remote,162000,"A/B Testing, Azure ML, SQL, Tableau, scikit-learn",5,24.0,LinkedIn,2025-02-11
JOB01868,AI Ethics Analyst,HelixIntelligence,E-commerce,India,South Asia,Mid,On-site,32500,"ETL, Statistics, Tableau, TensorFlow",4,22.0,LinkedIn,2025-11-30
JOB01869,Generative AI Developer,PulseSystems,Consulting,UAE,Middle East,Entry,Hybrid,77500,"Computer Vision, ETL, Excel, Prompt Engineering, Statistics, TensorFlow",6,55.0,LinkedIn,2025-12-08
JOB01870,AI Solutions Consultant,DeltaSystems,Healthcare,India,South Asia,Entry,Hybrid,23500,"A/B Testing, Azure ML, Docker, Power BI, Prompt Engineering, scikit-learn",6,70.0,Indeed,2025-10-27
JOB01871,AI Ethics Analyst,PrismSolutions,Cybersecurity,India,South Asia,Mid,Hybrid,37000,"Excel, MLOps, NLP, Prompt Engineering",4,36.0,CompanyWebsite,2025-08-14
JOB01872,AI Research Engineer,CortexLabs,Telecom,United States,North America,Lead,On-site,325500,"A/B Testing, R, Tableau, TensorFlow",4,10.0,LinkedIn,2025-12-15
JOB01873,Applied Scientist,DeltaGroup,Manufacturing,United States,North America,Entry,Remote,132000,"A/B Testing, AWS, Docker, PyTorch, Tableau",5,62.0,LinkedIn,2025-06-10
JOB01874,AI Research Engineer,LumenData,Healthcare,India,South Asia,Mid,Remote,42500,"LLMs, PyTorch, R, Tableau",4,40.0,Indeed,2025-03-22
JOB01875,AI Data Analyst,NimbusWorks,E-commerce,Poland,Europe,Mid,Hybrid,60500,"AWS, Excel, Generative AI, LLMs, MLOps",5,39.0,Indeed,2025-06-30
JOB01876,NLP Engineer,PulseLabs,Government,United States,North America,Mid,Remote,154500,"Azure ML, Data Visualization, SQL, Statistics",4,36.0,LinkedIn,2025-12-13
JOB01877,Data Scientist,DeltaTechnologies,Fintech,UAE,Middle East,Senior,Hybrid,127500,"A/B Testing, Computer Vision, Docker, NLP, Power BI, Prompt Engineering",6,24.0,CompanyWebsite,2025-11-23
JOB01878,AI Solutions Consultant,OrbitLabs,Government,Germany,Europe,Lead,Hybrid,225000,"Azure ML, Data Visualization, Prompt Engineering, PyTorch, R",5,9.0,CompanyWebsite,2025-09-03
JOB01879,AI Solutions Consultant,HelixAI,Education,UAE,Middle East,Lead,Hybrid,199500,"ETL, Generative AI, LLMs, NLP, R",5,9.0,LinkedIn,2025-06-18
JOB01880,Data Scientist,LumenSolutions,Telecom,Germany,Europe,Mid,Remote,113000,"A/B Testing, Docker, ETL, Generative AI, Prompt Engineering",5,53.0,Glassdoor,2025-02-27
JOB01881,MLOps Engineer,CortexWorks,Consulting,Germany,Europe,Entry,On-site,75500,"Computer Vision, Generative AI, MLOps, PyTorch, SQL",5,49.0,LinkedIn,2025-12-15
JOB01882,AI Data Analyst,QuantumAnalytics,Fintech,Ireland,Europe,Entry,Remote,42500,"AWS, Computer Vision, Excel, Power BI, SQL, TensorFlow",6,81.0,Glassdoor,2025-07-11
JOB01883,Generative AI Developer,NimbusData,Healthcare,India,South Asia,Entry,Remote,23500,"Docker, NLP, Prompt Engineering, R",4,82.0,Indeed,2025-01-25
JOB01884,AI Product Analyst,ZenithSystems,Cybersecurity,Canada,North America,Mid,Remote,109500,"Data Visualization, Excel, MLOps, PyTorch, SQL, TensorFlow",6,60.0,Glassdoor,2025-03-24
JOB01885,Data Scientist,NovaData,Fintech,United States,North America,Entry,Remote,79000,"MLOps, R, Tableau",3,82.0,LinkedIn,2025-10-01
JOB01886,AI Product Analyst,VertexIntelligence,Cybersecurity,Pakistan,South Asia,Mid,On-site,29000,"Power BI, R, Statistics",3,30.0,Indeed,2025-12-22
JOB01887,Applied Scientist,NimbusData,Media & Entertainment,France,Europe,Senior,Remote,183000,"Docker, MLOps, SQL",3,21.0,AngelList,2025-07-17
JOB01888,Applied Scientist,AtlasAI,Telecom,Pakistan,South Asia,Mid,On-site,50500,"Azure ML, Computer Vision, LLMs, MLOps, R, Tableau",6,29.0,Glassdoor,2025-05-08
JOB01889,AI Ethics Analyst,CortexGroup,Government,India,South Asia,Mid,Remote,26000,"Azure ML, MLOps, Prompt Engineering",3,58.0,LinkedIn,2025-10-14
JOB01890,Data Scientist,PrismTechnologies,Education,Ireland,Europe,Lead,Remote,235500,"A/B Testing, Data Visualization, Statistics",3,17.0,Indeed,2025-02-23
JOB01891,Data Scientist,VantageAI,E-commerce,Pakistan,South Asia,Senior,Remote,55000,"NLP, Python, R",3,28.0,LinkedIn,2025-11-25
JOB01892,AI Research Engineer,VertexGroup,Government,Ireland,Europe,Mid,Remote,130500,"A/B Testing, ETL, SQL, TensorFlow",4,58.0,Indeed,2025-04-28
JOB01893,Data Engineer (AI Systems),ArcSolutions,Cybersecurity,Poland,Europe,Mid,Remote,103000,"MLOps, SQL, scikit-learn",3,42.0,Indeed,2025-12-27
JOB01894,Generative AI Developer,QuantumTechnologies,Consulting,France,Europe,Lead,Hybrid,162500,"Docker, Excel, PyTorch, Python",4,12.0,Indeed,2025-05-15
JOB01895,AI Research Engineer,VantageAI,Education,France,Europe,Mid,Remote,142500,"A/B Testing, Power BI, Prompt Engineering, PyTorch",4,43.0,LinkedIn,2025-09-13
JOB01896,Generative AI Developer,CortexWorks,Telecom,Netherlands,Europe,Entry,Hybrid,86000,"Azure ML, Computer Vision, scikit-learn",3,62.0,CompanyWebsite,2025-09-16
JOB01897,AI Solutions Consultant,NovaWorks,Education,Singapore,Southeast Asia,Senior,Remote,112500,"AWS, Docker, NLP, Power BI",4,25.0,LinkedIn,2025-01-31
JOB01898,AI Research Engineer,LumenGroup,Healthcare,France,Europe,Mid,Hybrid,146500,"A/B Testing, AWS, SQL, Tableau, TensorFlow, scikit-learn",6,35.0,LinkedIn,2025-02-03
JOB01899,AI Data Analyst,NovaGroup,Manufacturing,United States,North America,Mid,Hybrid,81000,"AWS, Data Visualization, NLP, PyTorch, scikit-learn",5,42.0,LinkedIn,2025-09-06
JOB01900,Data Scientist,ArcSystems,Cybersecurity,UAE,Middle East,Mid,Remote,105500,"Generative AI, Prompt Engineering, R, TensorFlow",4,51.0,AngelList,2025-10-16
JOB01901,Business Intelligence Analyst (AI),OrbitIntelligence,Consulting,United States,North America,Entry,On-site,60500,"Computer Vision, Generative AI, Power BI, Python, R",5,40.0,AngelList,2025-11-10
JOB01902,MLOps Engineer,ZenithLabs,Government,United Kingdom,Europe,Mid,Remote,118000,"Azure ML, Excel, Generative AI, Power BI, PyTorch, TensorFlow",6,48.0,LinkedIn,2025-02-07
JOB01903,Generative AI Developer,VertexLabs,Telecom,United Kingdom,Europe,Mid,On-site,124000,"Azure ML, Computer Vision, Data Visualization, ETL, R, TensorFlow",6,21.0,LinkedIn,2025-07-14
JOB01904,Data Engineer (AI Systems),QuantumLabs,Consulting,Germany,Europe,Mid,On-site,103500,"Generative AI, PyTorch, TensorFlow",3,22.0,CompanyWebsite,2025-03-08
JOB01905,Data Scientist,AtlasAnalytics,Healthcare,Brazil,South America,Entry,Hybrid,45000,"AWS, Data Visualization, ETL, LLMs, SQL, TensorFlow",6,66.0,LinkedIn,2025-01-20
JOB01906,MLOps Engineer,VantageData,Healthcare,Pakistan,South Asia,Senior,On-site,61000,"Azure ML, Excel, PyTorch, Tableau, TensorFlow, scikit-learn",6,6.0,Indeed,2025-07-11
JOB01907,Data Scientist,NovaTechnologies,Manufacturing,Netherlands,Europe,Senior,Remote,166000,"Computer Vision, MLOps, Statistics, Tableau",4,26.0,Indeed,2025-02-06
JOB01908,AI Solutions Consultant,AtlasSystems,Fintech,Pakistan,South Asia,Entry,On-site,23500,"A/B Testing, AWS, Excel, Statistics",4,45.0,Glassdoor,2025-07-18
JOB01909,Business Intelligence Analyst (AI),CortexWorks,Government,United Kingdom,Europe,Entry,On-site,50500,"Data Visualization, ETL, Statistics",3,38.0,Indeed,2025-08-16
JOB01910,AI Solutions Consultant,DeltaLabs,Manufacturing,Singapore,Southeast Asia,Senior,Hybrid,117000,"A/B Testing, Data Visualization, Prompt Engineering, R",4,23.0,Glassdoor,2025-06-14
JOB01911,AI Research Engineer,PulseGroup,Healthcare,United Kingdom,Europe,Mid,Remote,132500,"Azure ML, LLMs, Power BI",3,51.0,Indeed,2025-12-23
JOB01912,NLP Engineer,AtlasSystems,Government,Germany,Europe,Entry,Remote,95000,"AWS, Generative AI, PyTorch, Python, Tableau, scikit-learn",6,80.0,Indeed,2025-05-31
JOB01913,Data Engineer (AI Systems),LumenTechnologies,Government,Canada,North America,Mid,Hybrid,154000,"AWS, Generative AI, MLOps",3,29.0,Indeed,2025-10-11
JOB01914,Prompt Engineer,DeltaWorks,Cybersecurity,United States,North America,Senior,Hybrid,136000,"Computer Vision, Generative AI, Power BI, PyTorch, R",5,,Indeed,2025-06-21
JOB01915,Applied Scientist,LumenGroup,Telecom,India,South Asia,Entry,On-site,26000,"A/B Testing, LLMs, R, Tableau",4,45.0,CompanyWebsite,2025-03-23
JOB01916,Prompt Engineer,VertexSolutions,Consulting,United States,North America,Mid,Hybrid,100500,"Docker, Excel, LLMs, Statistics, Tableau, TensorFlow",6,33.0,LinkedIn,2025-09-27
JOB01917,AI Solutions Consultant,VertexWorks,Government,Brazil,South America,Entry,Hybrid,33000,"AWS, Azure ML, Computer Vision, Power BI, Tableau, TensorFlow",6,66.0,AngelList,2025-01-09
JOB01918,NLP Engineer,VantageTechnologies,Consulting,France,Europe,Mid,Remote,106000,"Generative AI, MLOps, Power BI, PyTorch",4,60.0,LinkedIn,2025-04-15
JOB01919,Prompt Engineer,LumenGroup,Healthcare,United States,North America,Mid,Remote,117500,"Computer Vision, Docker, NLP, R",4,45.0,LinkedIn,2025-06-25
JOB01920,AI Solutions Consultant,DeltaIntelligence,Education,United States,North America,Senior,Hybrid,194000,"Excel, MLOps, Tableau, scikit-learn",4,23.0,Glassdoor,2025-04-28
JOB01921,Machine Learning Engineer,ZenithIntelligence,Manufacturing,United Kingdom,Europe,Entry,On-site,71500,"Azure ML, Excel, Tableau",3,35.0,LinkedIn,2025-01-05
JOB01922,Prompt Engineer,VantageTechnologies,Consulting,India,South Asia,Entry,Hybrid,18500,"Prompt Engineering, PyTorch, SQL",3,61.0,Indeed,2025-03-02
JOB01923,Prompt Engineer,LumenGroup,Government,Brazil,South America,Senior,On-site,66500,"Computer Vision, ETL, LLMs, PyTorch, Python, Statistics",6,12.0,LinkedIn,2025-12-23
JOB01924,Applied Scientist,NovaData,Manufacturing,France,Europe,Mid,Hybrid,129000,"A/B Testing, Docker, Generative AI, NLP, TensorFlow, scikit-learn",6,52.0,Indeed,2025-12-10
JOB01925,Business Intelligence Analyst (AI),CortexAI,Consulting,France,Europe,Mid,On-site,77000,"Computer Vision, Excel, R, Statistics, TensorFlow",5,28.0,LinkedIn,2025-05-29
JOB01926,Data Engineer (AI Systems),HelixSolutions,Consulting,United States,North America,Mid,Hybrid,121000,"A/B Testing, AWS, Computer Vision, MLOps, Python, scikit-learn",6,42.0,CompanyWebsite,2025-05-11
JOB01927,Machine Learning Engineer,LumenSystems,Telecom,Netherlands,Europe,Senior,Hybrid,181500,"Excel, LLMs, Statistics, Tableau",4,25.0,LinkedIn,2025-12-04
JOB01928,Data Engineer (AI Systems),PrismData,Manufacturing,Pakistan,South Asia,Senior,Remote,58500,"Computer Vision, LLMs, Power BI, PyTorch, Statistics",5,19.0,LinkedIn,2025-08-01
JOB01929,Machine Learning Engineer,PrismWorks,Manufacturing,India,South Asia,Mid,On-site,55000,"ETL, NLP, scikit-learn",3,22.0,LinkedIn,2025-11-23
JOB01930,Applied Scientist,AtlasData,Fintech,United States,North America,Lead,Remote,305500,"A/B Testing, Data Visualization, LLMs, Tableau",4,14.0,LinkedIn,2025-04-02
JOB01931,Generative AI Developer,VertexTechnologies,E-commerce,Pakistan,South Asia,Senior,On-site,73500,"AWS, ETL, Power BI, PyTorch, Python, Statistics",6,12.0,CompanyWebsite,2025-01-21
JOB01932,MLOps Engineer,VantageAnalytics,Cybersecurity,Germany,Europe,Entry,On-site,77500,"Excel, MLOps, Prompt Engineering, Python, R",5,49.0,LinkedIn,2025-12-05
JOB01933,Applied Scientist,ArcAnalytics,Media & Entertainment,Ireland,Europe,Mid,Hybrid,131500,"AWS, Docker, LLMs, NLP, Power BI, TensorFlow",6,35.0,LinkedIn,2025-10-17
JOB01934,Business Intelligence Analyst (AI),OrbitGroup,Telecom,United States,North America,Entry,Hybrid,59000,"MLOps, Power BI, R",3,49.0,LinkedIn,2025-04-27
JOB01935,Generative AI Developer,NimbusData,Government,Germany,Europe,Senior,Remote,172000,"AWS, Computer Vision, Excel",3,24.0,LinkedIn,2025-07-13
JOB01936,Data Engineer (AI Systems),ArcGroup,Healthcare,United Kingdom,Europe,Entry,Hybrid,73500,"A/B Testing, Excel, LLMs, MLOps, TensorFlow",5,50.0,Glassdoor,2025-06-11
JOB01937,AI Data Analyst,NimbusWorks,Healthcare,Ireland,Europe,Entry,Remote,38500,"ETL, LLMs, Python, R, SQL",5,76.0,Glassdoor,2025-06-12
JOB01938,Generative AI Developer,OrbitSystems,Cybersecurity,United States,North America,Mid,Remote,199500,"Prompt Engineering, Python, SQL",3,57.0,LinkedIn,2025-06-05
JOB01939,Prompt Engineer,ZenithAnalytics,Media & Entertainment,Germany,Europe,Mid,On-site,76500,"Excel, R, SQL",3,29.0,Indeed,2025-02-08
JOB01940,Generative AI Developer,DeltaLabs,Consulting,Canada,North America,Entry,Remote,95500,"A/B Testing, NLP, PyTorch",3,78.0,Indeed,2025-11-24
JOB01941,Computer Vision Engineer,CortexSolutions,Telecom,Germany,Europe,Entry,On-site,98000,"Computer Vision, ETL, Generative AI, R, scikit-learn",5,41.0,Indeed,2025-06-12
JOB01942,Generative AI Developer,OrbitIntelligence,Telecom,India,South Asia,Mid,On-site,48500,"LLMs, Prompt Engineering, TensorFlow, scikit-learn",4,23.0,LinkedIn,2025-05-10
JOB01943,Applied Scientist,DeltaGroup,Fintech,Singapore,Southeast Asia,Entry,On-site,73500,"AWS, Computer Vision, LLMs, MLOps, Power BI, SQL",6,46.0,LinkedIn,2025-09-02
JOB01944,Applied Scientist,HelixLabs,E-commerce,Netherlands,Europe,Entry,On-site,123000,"AWS, ETL, NLP, Python, Statistics, scikit-learn",6,28.0,LinkedIn,2025-09-30
JOB01945,Machine Learning Engineer,PulseData,Cybersecurity,Germany,Europe,Lead,On-site,238000,"Azure ML, Docker, PyTorch, Python, Statistics, Tableau",6,10.0,Indeed,2025-12-03
JOB01946,AI Data Analyst,ArcSystems,Fintech,India,South Asia,Mid,On-site,24000,"Generative AI, LLMs, PyTorch, R",4,26.0,LinkedIn,2025-08-23
JOB01947,Applied Scientist,NimbusLabs,Consulting,United Kingdom,Europe,Mid,Hybrid,142000,"AWS, Excel, LLMs, NLP",4,42.0,LinkedIn,2025-05-05
JOB01948,MLOps Engineer,PrismAI,Healthcare,United States,North America,Entry,Hybrid,86500,"A/B Testing, Computer Vision, Docker, Excel, LLMs, SQL",6,37.0,Indeed,2025-03-30
JOB01949,AI Product Analyst,OrbitGroup,E-commerce,United States,North America,Entry,Remote,54000,"AWS, Generative AI, PyTorch, scikit-learn",4,67.0,LinkedIn,2025-11-05
JOB01950,Computer Vision Engineer,VertexWorks,Fintech,Netherlands,Europe,Mid,Hybrid,125000,"AWS, R, scikit-learn",3,39.0,LinkedIn,2025-11-29
JOB01951,AI Product Analyst,PulseSystems,Healthcare,Pakistan,South Asia,Mid,Remote,31500,"Generative AI, R, Tableau",3,56.0,LinkedIn,2025-08-07
JOB01952,Prompt Engineer,PulseData,Telecom,Germany,Europe,Mid,Remote,69500,"Data Visualization, NLP, Prompt Engineering",3,44.0,LinkedIn,2025-07-12
JOB01953,Computer Vision Engineer,ZenithAnalytics,Consulting,Pakistan,South Asia,Senior,Remote,67000,"A/B Testing, Docker, scikit-learn",3,19.0,Glassdoor,2025-06-05
JOB01954,Prompt Engineer,ArcAnalytics,Government,UAE,Middle East,Entry,Remote,53500,"Docker, Prompt Engineering, PyTorch",3,77.0,Indeed,2025-08-10
JOB01955,Data Engineer (AI Systems),VantageLabs,Fintech,India,South Asia,Mid,Remote,40500,"A/B Testing, LLMs, NLP, Power BI, SQL, scikit-learn",6,56.0,Indeed,2025-07-18
JOB01956,Data Scientist,VertexData,Fintech,Singapore,Southeast Asia,Senior,On-site,125000,"Docker, LLMs, MLOps, Power BI, R, scikit-learn",6,10.0,Indeed,2025-05-22
JOB01957,Data Scientist,PulseAI,Consulting,Pakistan,South Asia,Mid,Remote,42000,"Computer Vision, ETL, NLP",3,47.0,Indeed,2025-02-25
JOB01958,MLOps Engineer,NimbusGroup,Media & Entertainment,Poland,Europe,Mid,On-site,114500,"A/B Testing, Azure ML, TensorFlow",3,26.0,LinkedIn,2025-08-13
JOB01959,AI Product Analyst,VertexWorks,Telecom,Pakistan,South Asia,Senior,Hybrid,44000,"A/B Testing, Data Visualization, ETL, Python, Statistics",5,9.0,LinkedIn,2025-10-08
JOB01960,Applied Scientist,HelixWorks,Education,United States,North America,Entry,Remote,102000,"Azure ML, ETL, NLP, Power BI",4,79.0,Indeed,2025-12-05
JOB01961,NLP Engineer,LumenWorks,E-commerce,India,South Asia,Mid,Hybrid,46500,"Data Visualization, Docker, Power BI, Tableau",4,31.0,LinkedIn,2025-01-23
JOB01962,Data Scientist,PrismAnalytics,Healthcare,India,South Asia,Entry,Remote,29000,"Computer Vision, NLP, R, Tableau",4,91.0,AngelList,2025-07-31
JOB01963,Data Engineer (AI Systems),HelixIntelligence,Telecom,United States,North America,Entry,On-site,104000,"Data Visualization, Docker, MLOps, Python, Statistics",5,54.0,Indeed,2025-08-19
JOB01964,AI Solutions Consultant,NimbusData,Media & Entertainment,UAE,Middle East,Entry,Hybrid,56000,"Docker, Python, Tableau, TensorFlow",4,59.0,Indeed,2025-07-14
JOB01965,AI Ethics Analyst,NovaGroup,E-commerce,United Kingdom,Europe,Senior,Remote,140000,"AWS, Docker, Excel, R, Statistics, scikit-learn",6,23.0,Indeed,2025-11-03
JOB01966,AI Solutions Consultant,NimbusAI,Media & Entertainment,India,South Asia,Entry,Remote,24500,"Data Visualization, Docker, ETL, LLMs, Statistics",5,82.0,Indeed,2025-10-31
JOB01967,MLOps Engineer,CortexSystems,Healthcare,Canada,North America,Senior,Hybrid,192000,"A/B Testing, Computer Vision, LLMs, Power BI, SQL, Tableau",6,24.0,AngelList,2025-01-25
JOB01968,AI Data Analyst,VertexIntelligence,Telecom,India,South Asia,Entry,Hybrid,15000,"A/B Testing, Azure ML, Computer Vision, PyTorch, Python",5,65.0,LinkedIn,2025-01-18
JOB01969,AI Research Engineer,VertexAnalytics,Consulting,Netherlands,Europe,Mid,Hybrid,115000,"Data Visualization, ETL, Excel, Generative AI",4,50.0,Glassdoor,2025-02-04
JOB01970,Prompt Engineer,AtlasGroup,E-commerce,Poland,Europe,Entry,Hybrid,65500,"Azure ML, Data Visualization, R, Tableau",4,72.0,LinkedIn,2025-10-23
JOB01971,Business Intelligence Analyst (AI),NovaTechnologies,Fintech,UAE,Middle East,Mid,On-site,87500,"AWS, Docker, Excel, Prompt Engineering, R",5,21.0,LinkedIn,2025-01-30
JOB01972,Data Scientist,LumenWorks,Consulting,UAE,Middle East,Mid,Hybrid,98500,"R, SQL, scikit-learn",3,44.0,CompanyWebsite,2025-02-17
JOB01973,AI Data Analyst,DeltaIntelligence,Fintech,United Kingdom,Europe,Mid,Hybrid,82000,"Azure ML, Excel, Generative AI, Power BI, Python, Statistics",6,47.0,CompanyWebsite,2025-02-22
JOB01974,MLOps Engineer,NovaSolutions,Healthcare,India,South Asia,Entry,On-site,25500,"Azure ML, Docker, Prompt Engineering, PyTorch, SQL, Statistics",6,38.0,CompanyWebsite,2025-05-15
JOB01975,AI Ethics Analyst,CortexData,Healthcare,United Kingdom,Europe,Mid,Hybrid,94000,"AWS, R, TensorFlow",3,38.0,Indeed,2025-06-25
JOB01976,Applied Scientist,ZenithTechnologies,E-commerce,United States,North America,Lead,Remote,352000,"AWS, Azure ML, Computer Vision, NLP, Python",5,14.0,LinkedIn,2025-02-24
JOB01977,Prompt Engineer,PrismIntelligence,Healthcare,India,South Asia,Entry,Remote,26500,"AWS, Docker, SQL",3,69.0,LinkedIn,2025-09-08
JOB01978,AI Solutions Consultant,DeltaSolutions,Government,Canada,North America,Entry,On-site,72000,"ETL, Python, Tableau, scikit-learn",4,44.0,CompanyWebsite,2025-08-04
JOB01979,Generative AI Developer,AtlasIntelligence,Consulting,United States,North America,Mid,Remote,149500,"AWS, ETL, NLP, Prompt Engineering, PyTorch, Tableau",6,45.0,LinkedIn,2025-04-24
JOB01980,Computer Vision Engineer,OrbitGroup,Cybersecurity,United States,North America,Mid,On-site,141000,"Azure ML, Generative AI, LLMs, R",4,32.0,LinkedIn,2025-08-31
JOB01981,Machine Learning Engineer,CortexData,Media & Entertainment,United States,North America,Mid,Remote,167500,"Computer Vision, Generative AI, MLOps, NLP, Prompt Engineering, Statistics",6,50.0,Indeed,2025-01-13
JOB01982,Computer Vision Engineer,ZenithData,Consulting,Ireland,Europe,Lead,Hybrid,234000,"Computer Vision, MLOps, PyTorch, scikit-learn",4,18.0,LinkedIn,2025-03-09
JOB01983,Data Scientist,PrismSolutions,Fintech,India,South Asia,Mid,Remote,43500,"AWS, Data Visualization, Python",3,42.0,Indeed,2025-12-04
JOB01984,Business Intelligence Analyst (AI),HelixGroup,Consulting,India,South Asia,Senior,Remote,48000,"Azure ML, Generative AI, PyTorch, R, Tableau",5,24.0,CompanyWebsite,2025-04-25
JOB01985,MLOps Engineer,DeltaWorks,Education,United Kingdom,Europe,Entry,Hybrid,80000,"Docker, LLMs, Prompt Engineering, PyTorch, SQL, TensorFlow",6,64.0,LinkedIn,2025-10-16
JOB01986,MLOps Engineer,VertexData,Consulting,United Kingdom,Europe,Mid,On-site,99000,"Docker, LLMs, Statistics, TensorFlow",4,26.0,LinkedIn,2025-07-20
JOB01987,NLP Engineer,NimbusGroup,Consulting,Canada,North America,Lead,Remote,240000,"Computer Vision, LLMs, NLP, Power BI, Prompt Engineering, scikit-learn",6,15.0,LinkedIn,2025-08-08
JOB01988,Applied Scientist,NovaSolutions,Government,Germany,Europe,Entry,Hybrid,66500,"MLOps, R, scikit-learn",3,57.0,Indeed,2025-02-20
JOB01989,AI Data Analyst,CortexWorks,Media & Entertainment,Pakistan,South Asia,Mid,Hybrid,24000,"NLP, Power BI, R, TensorFlow, scikit-learn",5,34.0,LinkedIn,2025-10-23
JOB01990,AI Data Analyst,AtlasIntelligence,Manufacturing,UAE,Middle East,Mid,Remote,54000,"Azure ML, Generative AI, Prompt Engineering",3,50.0,AngelList,2025-04-27
JOB01991,Generative AI Developer,NovaAnalytics,Telecom,Australia,Oceania,Mid,On-site,156000,"Excel, R, Statistics, Tableau",4,23.0,LinkedIn,2025-02-27
JOB01992,AI Ethics Analyst,AtlasSystems,Manufacturing,Canada,North America,Senior,On-site,153500,"Data Visualization, Generative AI, LLMs, Power BI, Prompt Engineering, TensorFlow",6,,Glassdoor,2025-02-16
JOB01993,AI Product Analyst,HelixSolutions,Consulting,United Kingdom,Europe,Mid,On-site,95500,"AWS, NLP, Power BI, PyTorch, SQL, Statistics",6,29.0,LinkedIn,2025-12-15
JOB01994,Business Intelligence Analyst (AI),LumenSolutions,Consulting,United States,North America,Mid,On-site,88500,"AWS, Computer Vision, ETL, Prompt Engineering, Python, TensorFlow",6,35.0,AngelList,2025-11-16
JOB01995,Generative AI Developer,VantageAnalytics,E-commerce,France,Europe,Entry,On-site,95000,"A/B Testing, Docker, Excel, PyTorch, R, scikit-learn",6,43.0,Indeed,2025-02-23
JOB01996,Data Scientist,ArcData,Fintech,Ireland,Europe,Mid,Hybrid,109000,"A/B Testing, Azure ML, PyTorch, Tableau",4,38.0,LinkedIn,2025-05-05
JOB01997,Generative AI Developer,OrbitSolutions,Healthcare,United States,North America,Senior,Remote,226000,"Excel, Generative AI, NLP, Prompt Engineering, R, Tableau",6,31.0,LinkedIn,2025-06-04
JOB01998,Computer Vision Engineer,CortexData,Media & Entertainment,Pakistan,South Asia,Mid,Hybrid,34500,"Power BI, Prompt Engineering, PyTorch, scikit-learn",4,36.0,LinkedIn,2025-06-23
JOB01999,MLOps Engineer,HelixSolutions,Cybersecurity,Poland,Europe,Senior,Remote,174500,"Azure ML, Docker, ETL",3,28.0,Glassdoor,2025-04-16
JOB02000,Business Intelligence Analyst (AI),VantageData,Cybersecurity,United Kingdom,Europe,Senior,Remote,113000,"AWS, Azure ML, Computer Vision, ETL, Excel",5,36.0,LinkedIn,2025-09-03
